PRIMARY_SAMPLE_UNIT,YEAR,MONTH,DAY,REGION,SUB_REGION,LAT_DEGREES,LON_DEGREES,AVG_DEPTH,percentCover_HardCoral,percentCvr_HydroCoral,percentCvr_CCA,percentCvr_Substrate,percentCvr_Sponges,percentCvr_MacroAlgae,percentCvr_SoftCorals,percentCvr_Seagrasses,percentCvr_TurfAlgae,parrotfish_Density,parrotfish_Biomass_kg_transect,parrotfish_Biomass_kg_ha,HardCoral_G,HydroCoral_G,CCA_G,Macrobioerosion_G,Microbioerosion_G,Diadema_G,Parrotfish_G,GrossProduction_G,GrossErosion_G,NetProduction_G,ReefAccretionPotential
1004,2018,9,11,FLK,Lower Keys,24.53334,-81.86984,2.743199912,0,0,0,2,4,90,1,2,0,28.40909091,0.002705785,0.152869205,0,0,0,0,-0.2352,0,0,0,-0.2352,-0.2352,-0.21714444
1008,2018,8,13,FLK,Lower Keys,24.552333,-81.685733,5.94359981,20,0,0,44,5,21,4,0,4,1051.136364,1.986543199,112.234079,1.392084142,0,0,-0.001213431,-0.238273643,0,-0.289041018,1.392084142,-0.528528091,0.863556051,0.797263584
1012,2016,12,8,FLK,Biscayne,25.31024,-80.21864,5.333999829,15,0,4,15,9,8,13,3,31,1754.261364,0.688409785,38.89320821,1.093998056,0,0.009629693,0,-0.228705205,-0.003031919,-0.254793272,1.103627748,-0.486530395,0.617097353,0.569724741
1014,2018,11,8,FLK,Upper Keys,24.95012,-80.55208,3.352799893,1,0,1,0,7,66,4,0,21,151.4204545,0.227016002,12.82576282,0.057958334,0,0.002400018,0,-0.240001841,0,-0.034579043,0.060358352,-0.274580884,-0.214222532,-0.197777346
1020,2018,8,14,FLK,Lower Keys,24.521733,-81.652317,6.095999805,32,0,1,25,13,0,17,0,10,1207.386364,0.781686268,44.16306598,1.597796521,0,0.0024,0,-0.24,0,-0.261885908,1.600196521,-0.501885908,1.098310613,1.013996781
1030,2018,8,14,FLK,Lower Keys,24.5348,-81.632267,5.791199815,21,0,0,1,12,3,14,0,44,1150.568182,0.814742576,46.03065399,1.43988271,0,0,-0.00121,-0.2376,-0.02122343,-0.103692965,1.43988271,-0.363726395,1.076156314,0.993543197
1031,2018,8,22,FLK,Lower Keys,24.47869,-81.96274,10.66799966,1,0,0,77,5,13,2,0,1,269.8863636,0.022865946,1.291861373,0.099191088,0,0,0,-0.055209116,0,0,0.099191088,-0.055209116,0.043981972,0.040605615
1039,2016,12,2,FLK,Biscayne,25.38479,-80.15346,7.924799746,5,0,9,0,14,17,6,0,47,1534.034091,0.948022845,53.56061271,0.357058004,0,0.022318001,-0.000625111,-0.245498012,0,-0.078325579,0.379376005,-0.324448701,0.054927304,0.050710709
1043,2018,9,12,FLK,Lower Keys,24.48484,-81.85841,6.857999781,10,0,0,15,18,4,14,0,38,681.8181818,0.057766601,3.263649784,0.689392483,0,0,0,-0.204632467,0,0,0.689392483,-0.204632467,0.484760017,0.447546524
1047,2018,8,13,FLK,Lower Keys,24.50585,-81.709333,5.94359981,6,1,3,11,12,9,10,0,44,359.7727273,0.061548371,3.477309087,0.34574426,0.010749388,0.0072,-0.000605,-0.2232,-0.003031919,-0.014700207,0.363693648,-0.241537126,0.122156522,0.112778952
1049,2016,12,2,FLK,Biscayne,25.41623,-80.14463,3.200399898,18,2,7,0,9,22,6,0,34,1143.494318,0.525328122,29.67955494,0.982168056,0.021815191,0.017047259,-0.001227809,-0.243532278,-0.02122343,-0.232262948,1.021030507,-0.498246464,0.522784043,0.482651565
1050,2018,10,24,FLK,Middle Keys,24.72065,-80.92662,5.333999829,21,1,1,2,8,2,28,0,36,1193.181818,1.452454295,82.0595647,1.264806848,0.010951812,0.002445195,0,-0.244519485,0,-0.147317686,1.278203855,-0.391837171,0.886366684,0.818323117
1053,2018,10,24,FLK,Middle Keys,24.68983,-81.03317,6.2483998,22,0,0,14,0,25,0,0,39,1704.545455,2.384102149,134.6950366,1.219176798,0,0,0,-0.2064,0,-0.358555124,1.219176798,-0.564955124,0.654221674,0.603999145
1056,2016,12,8,FLK,Biscayne,25.32453,-80.16182,10.97279965,1,0,0,47,10,9,4,0,26,892.0454545,0.277916855,15.70151724,0.048133985,0,0,-0.00060943,-0.13296653,0,-0.07066397,0.048133985,-0.20423993,-0.156105945,-0.144122185
1059,2018,11,8,FLK,Upper Keys,24.90323,-80.61779,3.505199888,11,0,2,3,1,34,0,38,10,1271.306818,0.275966794,15.59134431,0.615917889,0,0.0048,0,-0.0864,0,-0.003522112,0.620717889,-0.089922112,0.530795777,0.490048264
1065,2018,10,11,FLK,Upper Keys,25.04154,-80.42761,3.962399873,22,2,3,14,9,27,7,0,16,1150.568182,0.859804267,48.57651225,1.273377011,0.021564111,0.007221881,-0.001820516,-0.204619955,0,-0.1079744,1.302163002,-0.31441487,0.987748132,0.911921832
1067,2018,11,14,FLK,Upper Keys,25.23881,-80.23891,2.743199912,4,0,0,19,2,26,6,14,29,511.3636364,0.069802562,3.943647572,0.324981012,0,0,0,-0.161656492,0,-0.000562437,0.324981012,-0.162218929,0.162762083,0.150267353
1068,2018,8,6,FLK,Upper Keys,25.061133,-80.397017,2.895599907,11,0,0,41,0,21,5,0,22,497.1590909,0.33057291,18.67643562,0.718438317,0,0,0,-0.187585681,0,-0.127153471,0.718438317,-0.314739152,0.403699165,0.372708457
1080,2018,11,27,FLK,Biscayne,25.66133,-80.10251,7.924799746,0,1,1,49,5,2,4,0,26,625,0.277182663,15.66003746,0,0.010815663,0.002414797,0,-0.100802924,0,-0.003869892,0.013230461,-0.104672816,-0.091442356,-0.084422616
1082,2018,9,26,FLK,Biscayne,25.34985,-80.1637215,8.686799722,0,1,5,4,6,38,23,0,20,1661.931818,4.628938041,261.5219232,0,0.010792641,0.012048285,0,-0.231327079,0,-1.574742249,0.022840927,-1.806069328,-1.783228401,-1.646335596
1085,2016,12,1,FLK,Biscayne,25.40086,-80.12876,11.88719962,2,0,2,7,8,39,0,0,42,220.1704545,0.705094006,39.83581955,0.136751508,0,0.004859036,-0.000612441,-0.225945196,0,-0.485213436,0.141610544,-0.711771073,-0.570160529,-0.526391108
1085,2018,9,25,FLK,Biscayne,25.3689129,-80.1814807,3.657599883,10,0,4,18,7,32,13,9,7,1207.386364,0.293422577,16.57754674,0.584602144,0,0.009616157,0,-0.175494869,0,-0.031126363,0.594218302,-0.206621232,0.38759707,0.357842469
1086,2018,10,25,FLK,Biscayne,25.4707,-80.136,7.619999756,7,1,0,0,2,17,29,0,44,1008.522727,1.014365652,57.3087939,0.361032993,0.010777706,0,-0.001213188,-0.240632249,0,-0.103647777,0.371810699,-0.345493214,0.026317485,0.024297175
1089,2018,9,25,FLK,Biscayne,25.3544764,-80.13835655,2.895599907,4,0,3,1,4,46,10,0,18,1093.75,0.157296201,8.886791002,0.167866226,0,0.0072,-0.00121,-0.2256,-0.006063837,-0.00120206,0.175066226,-0.234075897,-0.059009671,-0.054479685
1091,2018,9,25,FLK,Biscayne,25.3743363,-80.1824381,4.419599859,7,0,6,9,4,24,30,0,20,596.5909091,0.254578755,14.38298051,0.359672697,0,0.014469187,-0.000607907,-0.21944934,0,-0.02418688,0.374141884,-0.244244127,0.129897758,0.119925918
1093,2016,12,1,FLK,Biscayne,25.45783,-80.11259,17.37359944,2,1,9,9,13,9,17,0,38,1008.522727,1.138552879,64.32502142,0.105332,0.010749388,0.0216,-0.000605,-0.2184,0,-0.257951834,0.137681388,-0.476956834,-0.339275446,-0.313230343
1095,2018,9,27,FLK,Biscayne,25.4139322,-80.1583087,4.419599859,11,2,0,0,4,47,22,0,9,1321.022727,1.401766875,79.19586866,0.553340558,0.021538347,0,-0.001212227,-0.240441748,0,-0.435345716,0.574878905,-0.676999692,-0.102120786,-0.094281296
1097,2018,9,27,FLK,Biscayne,25.4093774,-80.1513806,6.705599785,13,2,3,5,9,21,37,0,10,1590.909091,1.386538432,78.33550462,0.813417285,0.021876703,0.007326569,-0.001231271,-0.234450198,0,-0.520748343,0.842620556,-0.756429812,0.086190744,0.079574153
1100,2018,9,25,FLK,Biscayne,25.3741619,-80.1516268,7.162799771,2,1,1,26,15,7,4,0,42,355.1136364,0.33536513,18.9471825,0.02043478,0.010778844,0.002406577,-0.001819974,-0.182899816,0,-0.030303859,0.0336202,-0.215023649,-0.181403449,-0.16747768
1101,2016,12,2,FLK,Biscayne,25.37697,-80.13488,21.9455993,8,1,9,0,4,49,4,0,21,852.2727273,0.55546346,31.3821164,0.513717166,0.010749388,0.0216,-0.000605,-0.2184,0,-0.00833491,0.546066554,-0.22733991,0.318726644,0.294259008
1101,2018,9,27,FLK,Biscayne,25.422951,-80.1572517,3.047999902,12,1,0,3,20,22,17,2,19,1424.005682,1.645788691,92.98241192,0.706860094,0.010801028,0,-0.003647439,-0.226683787,0,-0.234874925,0.717661122,-0.46520615,0.252454971,0.233074801
1106,2018,8,24,FLK,Lower Keys,24.45258,-81.93717,9.601199693,14,1,0,0,14,12,1,0,50,809.6590909,0.085198696,4.813485635,0.879697088,0.010774025,0,0,-0.24055006,0,-0.001130272,0.890471113,-0.241680332,0.648790781,0.598985165
1113,2018,8,14,FLK,Upper Keys,24.86896,-80.60283,4.724399849,0,2,0,38,1,16,0,0,43,208.2386364,0.020478832,1.15699618,0,0.021523834,0,0,-0.1488,0,0,0.021523834,-0.1488,-0.127276166,-0.117505577
1118,2014,7,13,FLK,Upper Keys,25.06823333,-80.39251667,2.349499925,13,2,1.5,70,3,4,4,0,7.5,2173.295455,1.272855678,71.91275019,1.211088073,0.021653703,0.003625943,0,-0.109986928,0,-0.067009925,1.236367718,-0.176996853,1.059370865,0.978046314
1119,2014,6,25,FLK,Upper Keys,25.12785,-80.33425,4.876799844,11,0,2.5,62.5,5,8,1,0,12,2669.204545,0.690727313,39.02414199,0.628273989,0,0.006,0,-0.1056,-0.003031919,-0.129316959,0.634273989,-0.237948878,0.396325111,0.365900486
1121,2014,6,25,FLK,Upper Keys,25.12965,-80.32056667,3.867149876,23,0,2.5,45,2,11.5,6,0,19,2598.039773,3.490122503,197.1820623,1.451751862,0,0.006101854,0,-0.191598213,0,-0.326511006,1.457853716,-0.518109219,0.939744497,0.867603284
1123,2016,12,2,FLK,Biscayne,25.37554,-80.13761,9.296399703,3,2,8,4,4,54,1,0,23,1756.193182,1.351763888,76.37084115,0.132233887,0.022193593,0.019820523,0,-0.237846279,0,-0.370993236,0.174248003,-0.608839515,-0.434591512,-0.401229296
1123,2018,8,6,FLK,Upper Keys,25.040083,-80.38015,2.895599907,1,1,0,13,4,12,2,35,31,454.5454545,0.045468429,2.568837778,0.052786017,0.010773884,0,0,-0.144328151,0,0,0.063559901,-0.144328151,-0.080768251,-0.074567928
1124,2014,9,14,FLK,Upper Keys,25.21423333,-80.27071667,3.576917532,30,1.5,2,26.5,7,5.5,16.5,0,20,2265.625,1.475776523,83.37720471,2.1564649,0.016362426,0.004870953,0,-0.188749432,0,-0.328440347,2.177698279,-0.51718978,1.6605085,1.533036514
1126,2014,9,15,FLK,Upper Keys,25.23673333,-80.26733333,1.910442796,18,0,1,33,3.5,4,8,0,34,4421.25,2.148991676,121.4119591,1.339173849,0,0.002420009,0,-0.182710692,0,-1.250427045,1.341593858,-1.433137737,-0.091543879,-0.084516345
1127,2014,9,15,FLK,Upper Keys,25.23715,-80.25861667,3.86503321,26.5,0,6,21,9,12,12,0,22,2223.039773,1.80189188,101.8018011,1.787527207,0,0.0144,0,-0.198,0,-0.356001031,1.801927207,-0.554001031,1.247926176,1.15212683
1127,2018,8,10,FLK,Upper Keys,25.2121,-80.220717,4.114799868,3,1,1,16,4,27,6,0,41,1988.636364,1.374621954,77.6622573,0.133755167,0.010841345,0.002420531,0,-0.22752992,0,-0.786719596,0.147017043,-1.014249516,-0.867232473,-0.800657779
1128,2014,9,15,FLK,Upper Keys,25.27486667,-80.2264,3.047999902,17.5,1,3.5,7.5,9,8,10,0,50,1484.375,1.395128295,78.82080765,1.409191991,0.010947763,0.008555018,0,-0.238318359,0,-0.838749201,1.428694772,-1.07706756,0.351627213,0.324633904
1129,2014,9,15,FLK,Upper Keys,25.2788,-80.235,2.497015305,43,0,3,4,2.5,18,8,0,27,1740.056818,0.37451698,21.15915143,4.445529928,0,0.007682435,0,-0.252239939,0,-0.054618522,4.453212362,-0.306858461,4.146353902,3.828051426
1130,2018,10,25,FLK,Biscayne,25.5374,-80.1137,7.010399776,12,4,0,14,11,3,12,0,44,1548.295455,1.334989368,75.42312816,0.39456162,0.043117804,0,0,-0.154029575,0,-0.639521655,0.437679424,-0.79355123,-0.355871806,-0.328552653
1131,2014,9,7,FLK,Upper Keys,24.98846667,-80.44008333,6.462712293,8,1,2.5,29.5,4.5,33,0,1,24.5,3046.875,0.439701517,24.84189363,1.738965364,0.010770758,0.006011928,0,-0.185167388,0,-0.004878371,1.75574805,-0.190045759,1.565702291,1.445508278
1133,2014,7,24,FLK,Upper Keys,25.04431667,-80.36668333,4.584699853,15.5,1.5,6.5,7.5,3,31,14,0,22.5,2688.210227,3.111900894,175.8136098,1.390312381,0.016746392,0.016202083,0,-0.244277556,0,-0.855362588,1.423260855,-1.099640144,0.323620711,0.298777372
1134,2014,7,13,FLK,Upper Keys,25.05535,-80.36401667,3.071446055,1,3,2,11,3,4.5,5,31,39.5,589.4886364,0.077489173,4.377919356,0.058088317,0.032320735,0.004810802,0,-0.150337559,-0.001515959,-0.000492132,0.095219854,-0.15234565,-0.057125796,-0.052740429
1135,2014,7,13,FLK,Upper Keys,25.06058333,-80.35911667,2.987039904,9,1,3.5,18.5,6.5,18.5,12,10,24,1711.647727,1.652120134,93.34012055,0.494118768,0.01079482,0.008435502,0,-0.185581048,0,-0.973588417,0.51334909,-1.159169465,-0.645820375,-0.596242787
1136,2014,6,27,FLK,Upper Keys,25.06988333,-80.33738333,3.809999878,1,1.5,1,45.5,1,42,1,2.5,7.5,269.8863636,0.026536936,1.499261916,0.007145474,0.016186863,0.002409345,0,-0.190338226,0,0,0.025741681,-0.190338226,-0.164596545,-0.151960989
1137,2014,6,29,FLK,Upper Keys,25.1479,-80.27471667,8.229599737,4,1,2,24.5,5,22.5,0,0,45,1001.420455,3.610766698,203.9981185,0.184726331,0.010773346,0.004810698,0,-0.184009203,0,-0.509518743,0.200310375,-0.693527946,-0.493217571,-0.455354818
1138,2014,7,1,FLK,Upper Keys,25.17676667,-80.24105,9.601199693,3,1,5.5,24.5,8.5,41.5,7,0,9.5,2031.25,0.849517748,47.99535301,0.141359944,0.010820651,0.013287509,0,-0.208976285,0,-0.046301254,0.165468104,-0.255277539,-0.089809434,-0.082915048
1138,2018,12,5,FLK,Upper Keys,25.12604,-80.29301,10.97279965,3,0,0,37,4,34,5,0,17,866.4772727,0.670609034,37.88751607,0.181751204,0,0,-0.000606509,-0.15398321,0,-0.311626525,0.181751204,-0.466216244,-0.284465041,-0.262627559
1139,2014,7,17,FLK,Upper Keys,25.2229,-80.23018333,1.75661047,13,1.5,2,9,7.5,18.5,6,30,23,1423.295455,0.354329972,20.01864246,1.215304956,0.016139884,0.004804704,0,-0.192188161,-0.001515959,-0.004706278,1.236249544,-0.198410398,1.037839145,0.958167516
1140,2014,9,20,FLK,Upper Keys,25.25446667,-80.20515,9.184639706,4,1,5.5,32.5,7,25,6,0,23,1448.863636,1.407148644,79.4999234,0.211955412,0.010867145,0.013344602,0,-0.208661057,0,-0.920292687,0.236167159,-1.128953743,-0.892786584,-0.824250181
1140,2016,10,21,FLK,Biscayne,25.65975,-80.0879,22.09799929,2,1,0,30,17,10,0,0,36,1280.028409,1.123819521,63.4926283,0.078986385,0.010755363,0,-0.000605336,-0.187304048,0,-0.346704755,0.089741748,-0.534614139,-0.444872392,-0.410720945
1142,2014,9,19,FLK,Upper Keys,25.2932,-80.22098333,5.153024835,7,0,9.5,19.5,7.5,16,7,0,34.5,1413.352273,2.128691023,120.2650295,0.324031266,0,0.022910787,0,-0.217049561,0,-0.258052862,0.346942053,-0.475102423,-0.12816037,-0.118321904
1144,2014,6,26,FLK,Upper Keys,25.10521667,-80.3074,4.448174858,3,1.5,7,5.5,4.5,38.5,7.5,0,22,2596.420455,4.537326643,256.346138,0.144855412,0.0167462,0.017448197,0,-0.246767358,-0.003031919,-3.096071047,0.179049809,-3.345870323,-3.166820514,-2.923713718
1146,2014,6,30,FLK,Upper Keys,25.15563333,-80.28663333,5.333999829,10,3.5,4,16,3.5,26,9.5,0,23.5,3458.806818,4.0267814,227.501774,0.552938414,0.038591605,0.009847189,0,-0.225254459,0,-0.895470001,0.601377209,-1.12072446,-0.519347252,-0.479478606
1147,2014,6,30,FLK,Upper Keys,25.15986667,-80.28541667,4.335378809,6.5,1,7,22.5,4.5,29,4.5,0,21,2733.494318,2.657619212,150.1479781,0.324660436,0.010876807,0.01699914,0,-0.237987965,-0.001515959,-1.052217703,0.352536383,-1.291721628,-0.939185245,-0.867086964
1149,2014,9,5,FLK,Upper Keys,24.98601667,-80.41505,4.853353691,6,2.5,17,8.5,1.5,5.5,0,0,50.5,937.5,0.09658339,5.456688685,0.193096365,0.027608466,0.041915891,0,-0.241632782,0,-0.000180299,0.262620722,-0.241813081,0.020807641,0.019210304
1150,2014,9,7,FLK,Upper Keys,24.99485,-80.44626667,4.724399849,11,1,5.5,16.5,3,41.5,3,0,17.5,22230.11364,3.824472526,216.0718941,1.079952188,0.010762627,0.013216257,0,-0.216266027,0,-0.280267408,1.103931072,-0.496533436,0.607397636,0.56076964
1152,2014,7,22,FLK,Upper Keys,25.20885,-80.2431,2.005263094,21.5,1,7.5,3,2.5,30,12,0,14.5,1642.215909,1.119082773,63.2250154,1.592118154,0.011089824,0.018570065,0,-0.240172845,0,-0.408030788,1.621778043,-0.648203633,0.97357441,0.898836182
1154,2018,10,24,FLK,Middle Keys,24.68293,-80.97189,3.962399873,1,0,2,11,9,53,1,0,23,497.1590909,0.80103206,45.25604858,0.058259159,0,0.004824951,0,-0.214710309,0,-0.007715439,0.063084109,-0.222425748,-0.159341639,-0.147109485
1155,2014,9,22,FLK,Upper Keys,25.27626667,-80.21018333,4.114799868,1,0,2,22,2,17,0,2,63.5,710.2272727,0.19688394,11.12338642,0.05886984,0,0.004875527,0,-0.19136442,-0.003031919,-0.003973072,0.063745367,-0.198369411,-0.134624044,-0.124289382
1155,2018,8,8,FLK,Upper Keys,24.901233,-80.568933,6.55319979,0,0,0,69,0,16,0,6,9,610.7954545,0.135201402,7.638497311,0,0,0,0,-0.1008,0,-0.012377662,0,-0.113177662,-0.113177662,-0.104489371
1157,2014,7,14,FLK,Upper Keys,25.03936667,-80.34421667,7.249159768,1,1,8,11.5,5.5,51.5,4.5,0,12.5,1335.227273,0.751955373,42.48335442,0.048837755,0.010986416,0.019623366,0,-0.242839158,-0.001515959,-0.375461401,0.079447537,-0.619816518,-0.540368981,-0.498886563
1158,2018,8,9,FLK,Upper Keys,25.2301,-80.22808,2.895599907,2,0,0,16,6,44,0,0,32,1306.818182,0.375256934,21.2009567,0.113887865,0,0,0,-0.216254397,0,-0.113144053,0.113887865,-0.329398451,-0.215510586,-0.19896652
1159,2014,7,1,FLK,Upper Keys,25.13328333,-80.26426667,8.549639727,1,1,3.5,14,1,25,2,0,54.5,944.6022727,1.776565933,100.3709567,0.014758306,0.011062848,0.00864495,0,-0.238353633,0,-0.905286123,0.034466105,-1.143639756,-1.109173651,-1.024025898
1161,2014,9,20,FLK,Upper Keys,25.24091667,-80.20061667,7.162799771,9,2,13.5,7,3.5,33.5,1.5,0,33,2059.602273,2.751533932,155.4538944,0.303698008,0.021646995,0.032623376,0,-0.234404998,0,-0.932474838,0.35796838,-1.166879836,-0.808911456,-0.746813882
1162,2018,10,11,FLK,Upper Keys,24.98817,-80.41769,2.895599907,0,0,9,22,0,27,0,0,42,454.5454545,0.044447932,2.511182612,0,0,0.02165044,0,-0.223721213,0,0,0.02165044,-0.223721213,-0.202070773,-0.186558439
1164,2014,6,27,FLK,Upper Keys,25.07745,-80.3239,6.490854338,0,0,0,43.5,3.5,36,2,4,11.5,1008.522727,0.221251971,12.50011133,0,0,0,0,-0.176824782,0,-0.000967758,0,-0.17779254,-0.17779254,-0.164143969
1164,2016,12,7,FLK,Upper Keys,25.21282,-80.21911,3.809999878,0,2,4,0,2,50,5,0,25,1292.613636,1.717347945,97.02530761,0,0.022009153,0.009827902,0,-0.245697559,0,-0.755807328,0.031837056,-1.001504887,-0.969667831,-0.895229498
1165,2014,6,27,FLK,Upper Keys,25.09331667,-80.31968333,6.857999781,0,0,1,52,2,39.5,0,0,6,724.4318182,3.048205394,172.214994,0,0,0.002403622,0,-0.151428178,0,-0.486267576,0.002403622,-0.637695754,-0.635292132,-0.586522764
1166,2014,7,23,FLK,Upper Keys,25.15958333,-80.24428333,15.38287451,5,2,6,32,6.5,33.5,2,0,13,1576.647727,3.454020858,195.1424214,0.210484197,0.021498776,0.0144,0,-0.1884,0,-1.843294212,0.246382973,-2.031694212,-1.78531124,-1.648258542
1167,2014,7,23,FLK,Upper Keys,25.17176667,-80.242,13.5551329,7,2,9,14.5,13.5,37,6,0,11,738.6363636,0.494682888,27.94818577,0.431790684,0.021498776,0.0216,0,-0.2124,-0.001515959,-0.004341525,0.47488946,-0.218257485,0.256631975,0.23693115
1168,2014,6,27,FLK,Upper Keys,25.08708333,-80.31131667,9.601199693,0,0,2.5,49.5,5.5,18.5,1,0,23.5,511.3636364,0.171343775,9.680439293,0,0,0.00600823,0,-0.152609052,0,-0.001986054,0.00600823,-0.154595106,-0.148586875,-0.137180331
1168,2018,10,24,FLK,Biscayne,25.5887,-80.0973,3.047999902,2,1,0,0,1,6,3,0,87,951.7045455,1.256873199,71.00978524,0.047447076,0.010781545,0,-0.00060681,-0.177604814,0,-0.882210755,0.058228621,-1.060422379,-1.002193758,-0.925258513
1170,2014,6,30,FLK,Upper Keys,25.15471667,-80.26898333,5.63879982,0,0,1,27,0,49,0,0,24,866.4772727,0.391463341,22.11657295,0,0,0.002403819,0,-0.231968512,-0.001515959,-0.003444721,0.002403819,-0.236929193,-0.234525374,-0.216521603
1171,2014,9,5,FLK,Upper Keys,24.99838333,-80.40056667,7.772399751,1,1,5,30,3.5,28,1.5,0,29.5,3080.994318,3.232180986,182.6090952,0.01466187,0.010990559,0.01226923,0,-0.201215367,0,-1.280806028,0.037921658,-1.482021395,-1.444099736,-1.333240766
1171,2016,11,9,FLK,Upper Keys,25.16055,-80.28582,3.657599883,1,1,3,2,7,4,1,1,80,1754.261364,1.672104738,94.46919423,0.024216248,0.010781124,0.007221257,0,-0.233487313,0,-0.677061251,0.042218629,-0.910548564,-0.868329935,-0.801670992
1172,2014,6,25,FLK,Upper Keys,25.11553333,-80.28231667,10.66799966,3.5,1,2,28.5,3.5,28,0,0,32,951.7045455,0.881910287,49.82543994,0.217884053,0.01131134,0.005050932,0,-0.237393817,-0.001515959,-0.074847928,0.234246325,-0.313757704,-0.079511379,-0.073407542
1172,2018,9,10,FLK,Lower Keys,24.47273,-81.81496,7.772399751,9,0,0,23,11,3,9,0,39,511.3636364,0.164074487,9.269745017,0.54731005,0,0,-0.001823355,-0.180828561,-0.009095756,-0.001843713,0.54731005,-0.193591385,0.353718664,0.326564801
1174,2014,9,22,FLK,Upper Keys,25.27713333,-80.17595,12.3443996,1,0,2,11,4,18.5,4,0,60.5,1115.056818,6.436863943,363.6646295,0.058039726,0,0.004806778,0,-0.240338881,0,-0.434210195,0.062846503,-0.674549076,-0.611702572,-0.5647441
1176,2014,9,13,FLK,Upper Keys,24.9877,-80.41231667,11.06328715,4,1.5,5,6.5,2,15.5,4,0,59.5,2175.681818,1.915480909,108.2192604,0.170241775,0.016275712,0.012112847,0,-0.241045657,-0.001515959,-0.537503698,0.198630333,-0.780065314,-0.581434981,-0.536800056
1184,2014,7,15,FLK,Upper Keys,25.20366667,-80.22653333,5.714999817,2,2,11.5,18,2.5,39,2,0,20,1548.352273,2.417324292,136.5719939,0.06294437,0.021782592,0.027964361,0,-0.238304991,0,-1.466237128,0.112691323,-1.704542119,-1.591850796,-1.469649445
1184,2016,12,7,FLK,Upper Keys,25.22417,-80.20896,3.809999878,2,3,11,0,1,17,8,0,49,1534.147727,4.339221831,245.1537758,0.146463299,0.034963154,0.02862263,0,-0.260205727,0,-1.854788765,0.210049082,-2.114994492,-1.90494541,-1.758708775
1185,2014,7,15,FLK,Upper Keys,25.2045,-80.22876667,5.115559837,5,2,8,25.5,7.5,29.5,5,0,18,1448.863636,2.198656003,124.2178532,0.273871252,0.021878004,0.019538678,0,-0.221031299,-0.001515959,-0.846927611,0.315287934,-1.06947487,-0.754186936,-0.69629039
1186,2014,7,15,FLK,Upper Keys,25.20698333,-80.2209,4.524374855,5.5,2.5,8.5,2,1,26,3,0,47,3385.056818,6.616300013,373.8022606,0.316311469,0.027978381,0.021238752,0,-0.248618336,0,-3.90577642,0.365528603,-4.154394757,-3.788866154,-3.498006882
1189,2014,7,16,FLK,Upper Keys,25.2201,-80.21101667,4.353559861,3,1,13.5,2,1,27.5,1.5,0,44,1867.897727,5.04161021,284.836735,0.163040857,0.012532548,0.037774667,0,-0.278413288,0,-2.188023413,0.213348073,-2.466436701,-2.253088628,-2.08012614
1190,2014,7,16,FLK,Upper Keys,25.22373333,-80.2093,4.443046012,9,1,7,3,0,24,3,0,42.5,2185.482955,12.57670212,710.5481424,0.589018366,0.011484374,0.017948695,0,-0.255127882,0,-2.404234067,0.618451435,-2.659361948,-2.040910513,-1.884236267
1193,2014,7,17,FLK,Upper Keys,25.22271667,-80.2195,6.857999781,5.5,0,15,19,5,29,5,0,25,1406.25,0.644881527,36.43398457,0.2569529,0,0.037146168,0,-0.230306243,-0.001515959,-0.242239393,0.294099068,-0.474061595,-0.179962527,-0.166147373
1194,2014,7,15,FLK,Upper Keys,25.20215,-80.22315,11.72754248,9,2,11,25.5,2.5,27.5,18.5,0,6.5,1767.357955,9.634211261,544.3057209,0.383475214,0.021498776,0.0264,0,-0.2184,0,-0.814012784,0.43137399,-1.032412784,-0.601038794,-0.554898947
1197,2014,6,29,FLK,Upper Keys,25.14628333,-80.2574,7.467599761,0,0,1,38,0,2.5,0,0,59,795.4545455,0.086649906,4.895474929,0,0,0.002404967,0,-0.173157619,0,-0.000281218,0.002404967,-0.173438838,-0.171033871,-0.157904142
1198,2014,6,29,FLK,Upper Keys,25.13998333,-80.25945,7.040879775,1,1.5,17.5,4,3.5,37.5,3,0,32.5,2279.829545,7.198222266,406.6792241,0.014442423,0.016239092,0.042299579,-0.000609315,-0.235669081,0,-2.618480765,0.072981094,-2.854759161,-2.781778068,-2.568229763
1198,2018,8,8,FLK,Upper Keys,24.9577,-80.43355,5.63879982,1,1,0,51,2,13,1,0,29,965.5681818,1.040656835,58.79417147,0.00711776,0.010749388,0,0,-0.2088,0,-0.59803401,0.017867148,-0.80683401,-0.788966862,-0.728400371
1201,2014,6,29,FLK,Upper Keys,25.14823333,-80.25866667,7.162799771,0,0,0,34.5,1,29.5,0,0,36,1430.397727,1.331685821,75.23648709,0,0,0,0,-0.186261682,0,-0.831435046,0,-1.017696728,-1.017696728,-0.939571369
1201,2016,12,7,FLK,Upper Keys,25.20969,-80.21816,5.63879982,28.78787879,1.515151515,9.090909091,4.545454545,1.515151515,18.18181819,0,0,30.30303031,1747.159091,1.436056208,81.13311908,2.902135601,0.017117218,0.022930416,0,-0.240769363,0,-0.29500197,2.942183234,-0.535771334,2.406411901,2.22167927
1202,2014,6,24,FLK,Upper Keys,25.1245,-80.3007,5.029199839,0,3,3.5,47,2.5,11,2.5,5,29,1598.011364,2.669761153,150.8339635,0,0.032312564,0.008416775,0,-0.162323516,-0.006063837,-0.098706769,0.040729339,-0.267094122,-0.226364783,-0.208987474
1204,2014,6,24,FLK,Upper Keys,25.12256667,-80.29783333,3.027679903,4.5,2,9,4.5,2,34,5.5,0,31,2784.715909,6.799343728,384.1437135,0.329724694,0.022764884,0.022872069,0,-0.2541341,0,-3.290724529,0.375361647,-3.544858629,-3.169496982,-2.926184722
1205,2014,6,25,FLK,Upper Keys,25.12328333,-80.2975,3.165230668,13,2,10,0,3,19.5,5,0,33.5,3655.369318,22.02399892,1244.293724,0.899589194,0.02223693,0.024824033,0,-0.248240327,0,-2.148994952,0.946650156,-2.397235279,-1.450585123,-1.339228291
1207,2014,6,26,FLK,Upper Keys,25.10786667,-80.3061,4.733364555,5,1.5,5.5,16.5,4,38,3,0,17.5,1984.857955,3.497816762,197.6167662,0.246896152,0.016354131,0.01338833,0,-0.22273313,0,-1.004152382,0.276638613,-1.226885513,-0.950246899,-0.87729945
1208,2014,6,26,FLK,Upper Keys,25.11208333,-80.30316667,4.067907562,9,3,9,1,1,26.5,2,0,52,3409.090909,13.51951721,763.8145316,0.583722971,0.033430949,0.022392236,0,-0.248802621,0,-3.182993113,0.639546155,-3.431795734,-2.792249579,-2.577897409
1209,2014,7,21,FLK,Upper Keys,25.03803333,-80.35083333,2.285999927,0,0,2,9.5,0,68,0,0,22,1335.227273,0.140634545,7.9454545,0,0,0.004821094,0,-0.231412519,-0.001515959,-0.000281218,0.004821094,-0.233209696,-0.228388602,-0.210855931
1210,2014,7,21,FLK,Upper Keys,25.03375,-80.35125,4.05129987,1,3,19,9,2,14.5,5,0,45.5,1893.522727,2.965541108,167.5446953,0.014640525,0.032923678,0.0465552,0,-0.238901683,0,-1.192446044,0.094119403,-1.431347727,-1.337228324,-1.234573535
1211,2014,7,14,FLK,Upper Keys,25.03613333,-80.346,11.73479962,3,2,6.5,7.5,5,36.5,9,0,27.5,1228.693182,2.480805358,140.1584948,0.124964026,0.021498776,0.0156,0,-0.2364,0,-1.647802573,0.162062802,-1.884202573,-1.722139771,-1.589936547
1213,2016,12,8,FLK,Upper Keys,25.24075,-80.20821,8.534399727,2,1,0,33,8,12,1,0,40,1363.636364,2.44244289,137.9911237,0.127267216,0.010794753,0,0,-0.212091322,0,-1.479402796,0.138061969,-1.691494118,-1.553432148,-1.434180075
1214,2014,6,10,FLK,Upper Keys,25.01423333,-80.37548333,3.047999902,0,0,1,63.5,0,17.5,0,0,18,426.1363636,0.040698311,2.299339624,0,0,0.002404201,0,-0.20435705,0,0,0.002404201,-0.20435705,-0.20195285,-0.186449568
1215,2014,6,10,FLK,Upper Keys,25.00858333,-80.37361667,11.81607962,4,4,1,11,9,30.5,3,0,42.5,2189.090909,6.160364025,348.0431653,0.199371222,0.042997552,0.0024,0,-0.24,0,-2.744561341,0.244768774,-2.984561341,-2.739792567,-2.529467356
1216,2014,9,13,FLK,Upper Keys,25.0119,-80.37018333,11.42999963,3,1,1,4.5,4,2,3,0,83.5,1320.340909,1.351347927,76.34734052,0.099656807,0.010776231,0.002405993,0,-0.23819333,0,-0.359490002,0.112839031,-0.597683331,-0.4848443,-0.447624336
1222,2014,10,17,FLK,Upper Keys,24.93858333,-80.55133333,5.709138279,18.5,0,1,45,4.5,18.5,2,0,19,1228.693182,10.26710439,580.0623947,1.167693334,0,0.00241297,-0.001216539,-0.213636357,0,-0.657412105,1.170106304,-0.872265001,0.297841304,0.274976969
1225,2014,11,8,FLK,Middle Keys,24.66585,-81.10263333,5.867399812,12,1,2.5,37,6,45,1.5,0,4,1343.75,2.203612892,124.4979035,0.790336746,0.010749388,0.006,-0.000605,-0.1536,0,-0.85191009,0.807086134,-1.00611509,-0.199028956,-0.183750132
1226,2014,11,10,FLK,Middle Keys,24.66811667,-81.0681,5.710989291,30,1,10,8,8.5,0,10,0,27.5,727.2727273,0.421847585,23.83319688,1.827412153,0.010749388,0.024,0,-0.2352,0,-0.244071617,1.862161541,-0.479271617,1.382889925,1.276729839
1226,2018,11,27,FLK,Biscayne,25.72952,-80.10028,7.010399776,3,0,2,8,6,34,1,0,26,909.0909091,0.797726088,45.0692705,0.19650757,0,0.004886023,0,-0.225638816,0,-0.353539521,0.201393592,-0.579178337,-0.377784745,-0.348783405
1227,2014,11,9,FLK,Middle Keys,24.67058333,-81.0616,7.772399751,37,0,2,11,9.5,0,1.5,0,39.5,1571.022727,1.562340423,88.26782051,2.038537058,0,0.0048,-0.000605,-0.2232,0,-1.005378579,2.043337058,-1.229183579,0.81415348,0.751653492
1229,2014,10,18,FLK,Upper Keys,24.89796667,-80.61701667,3.615266551,51.5,0,7.5,5.5,1.5,16.5,2,0,20,3028.551136,1.724805072,97.44661424,4.507791818,0,0.018,0,-0.2364,0,-0.933783391,4.525791818,-1.170183391,3.355608427,3.09800898
1229,2016,12,8,FLK,Upper Keys,25.24529,-80.19686,6.095999805,1,2,5,7,2,51,3,0,24,738.6363636,1.737411134,98.1588211,0.059687186,0.022140238,0.012358046,-0.000623051,-0.229859647,0,-0.669647301,0.094185469,-0.900129999,-0.80594453,-0.744074717
1230,2018,10,24,FLK,Biscayne,25.5634722,-80.0985319,11.58239963,4,2,0,0,2,55,3,0,34,1463.068182,0.722427363,40.81510523,0.294047501,0.021582637,0,-0.00121472,-0.192748944,0,-0.248194163,0.315630138,-0.442157826,-0.126527688,-0.116814558
1231,2014,10,18,FLK,Upper Keys,24.90063333,-80.61763333,2.978727177,46,1,4.5,7,0,30,0,0,12,1889.204545,1.408310215,79.56554887,4.838709212,0.010749388,0.0108,0,-0.2292,0,-0.30492387,4.8602586,-0.53412387,4.32613473,3.994031048
1231,2018,8,14,FLK,Lower Keys,24.538233,-81.453367,6.2483998,2,1,0,4,3,43,2,0,39,582.3863636,0.350984251,19.82961868,0.114849832,0.010852951,0,0,-0.23261975,0,-0.005236937,0.125702783,-0.237856688,-0.112153905,-0.103544204
1232,2014,10,17,FLK,Upper Keys,24.95211667,-80.53685,5.791199815,26.5,1,1,43.5,7.5,7.5,1.5,0,21,1272.329545,0.282521861,15.96168707,2.186843483,0.010817441,0.002415194,-0.002435321,-0.147624394,0,-0.003729519,2.200076119,-0.153789234,2.046286885,1.889199912
1233,2014,9,7,FLK,Upper Keys,24.98661667,-80.46985,3.200399898,22.5,1,5,22,10,4,9,0,34.5,1363.636364,0.257005519,14.52008583,2.479852336,0.010833173,0.012093533,0,-0.203171356,-0.001515959,-0.001239303,2.502779043,-0.205926618,2.296852425,2.120530328
1235,2014,9,29,FLK,Middle Keys,24.70518333,-80.93776667,6.621779788,17,1,3,31.5,15.5,6.5,3.5,0,25,1860.795455,1.597616656,90.260828,0.957911709,0.010768324,0.007212684,0,-0.193540345,-0.001515959,-0.246006678,0.975892717,-0.441062983,0.534829734,0.493772547
1236,2014,9,29,FLK,Middle Keys,24.71021667,-80.92931667,7.756357646,39,0,2,9.5,7.5,1,4,0,38,2589.829545,1.188182063,67.12893012,2.476042804,0,0.0048,-0.0015125,-0.2256,0,-0.124553908,2.480842804,-0.351666408,2.129176396,1.965726258
1236,2018,10,25,FLK,Lower Keys,24.57032,-81.31096,10.05839968,11,0,3,12,5,38,0,0,28,14.20454545,0.011541355,0.652053932,0.601346072,0,0.007265479,0,-0.213120709,0,-8.91E-05,0.60861155,-0.213209762,0.395401789,0.365048044
1237,2014,6,16,FLK,Upper Keys,24.95825,-80.49045,4.419599859,3,1,1.5,20.5,4,35,5,5,16.5,2064.744318,1.158802103,65.46904538,0.273454518,0.010863055,0.003638067,0,-0.2088,0,-0.423939797,0.28795564,-0.632739797,-0.344784157,-0.318316168
1239,2014,11,16,FLK,Upper Keys,24.90976667,-80.54125,5.550876745,2,2,2,28.5,1.5,17.5,4,0,38.5,419.0340909,0.398109626,22.49206928,0.095384505,0.021530894,0.004807171,0,-0.210001605,0,-0.00425774,0.12172257,-0.214259345,-0.092536775,-0.085433019
1241,2014,6,16,FLK,Upper Keys,24.9439,-80.47963333,3.505199888,0,0,1,16.5,0,46,0,0,38,901.9886364,0.153264506,8.659011635,0,0,0.002408945,0,-0.2064,0,-0.000902093,0.002408945,-0.207302093,-0.204893148,-0.189164149
1243,2014,11,16,FLK,Upper Keys,24.914,-80.53533333,4.724399849,0,0,20.5,38.5,0,35,0,1,5.5,1546.676136,0.879966589,49.71562653,0,0,0.049247336,0,-0.159601607,0,-0.008097592,0.049247336,-0.1676992,-0.118451864,-0.109358689
1243,2016,11,10,FLK,Upper Keys,25.12653,-80.26644,25.45079919,7,1,8,0,12,19,7,0,34,636.9034091,0.879695382,49.70030408,0.363288397,0.010749388,0.0192,-0.001815,-0.2376,0,-0.038374185,0.393237785,-0.277789185,0.1154486,0.106585976
1244,2018,11,8,FLK,Upper Keys,24.95724,-80.44915,20.26919935,4,0,0,3,4,37,5,0,45,889.8295455,0.438403103,24.76853689,0.134256226,0,0,0,-0.2304,0,-0.069775304,0.134256226,-0.300175304,-0.165919078,-0.153181995
1245,2014,11,8,FLK,Middle Keys,24.63311667,-81.08706667,4.648199851,3,2.5,0,15.5,7.5,5,4,0,61.5,930.3977273,1.949437587,110.1377168,0.15191207,0.027280074,0,0,-0.233886024,0,-0.684192242,0.179192144,-0.918078266,-0.738886121,-0.68216417
1245,2018,8,10,FLK,Upper Keys,25.174083,-80.2342,16.61159947,0,0,1,19,1,38,0,0,34,1264.204545,4.993917371,282.1422243,0,0,0.0024,0,-0.1872,0,-0.33140079,0.0024,-0.51860079,-0.51620079,-0.476573688
1246,2014,11,1,FLK,Middle Keys,24.67776667,-80.9518,6.857999781,3,3,0,60,9,5.5,6,0,15.5,1157.670455,1.556616454,87.94443241,0.160905392,0.03239611,0,0,-0.179620288,0,-0.27913052,0.193301502,-0.458750808,-0.265449306,-0.245071602
1247,2016,12,14,FLK,Upper Keys,24.94656,-80.55196,2.743199912,9,1,1,0,2,13,0,0,72,2336.676136,6.445437038,364.1489852,0.847592575,0.010923424,0.002438857,0,-0.185353119,0,-0.783875063,0.860954856,-0.969228182,-0.108273325,-0.099961524
1250,2016,8,8,FLK,Middle Keys,24.65144,-81.1423,9.296399703,4,0,0,43,6,41,0,0,6,1178.977273,0.10637353,6.009803972,0.297733747,0,0,0,-0.1368,0,0,0.297733747,-0.1368,0.160933747,0.148579372
1253,2014,11,9,FLK,Middle Keys,24.66108333,-80.99948333,6.33152707,2,1,1,47.5,1,4,2,0,43.5,461.6761364,1.851261145,104.5910251,0.121468015,0.010825214,0.00241693,0,-0.20060515,0,-0.250990434,0.134710158,-0.451595584,-0.316885425,-0.292559133
1254,2014,9,28,FLK,Middle Keys,24.73276667,-80.80435,13.96092812,6,2,14.5,17.5,12.5,7,3.5,0,34.5,1427.556818,1.588668622,89.75528936,0.290787026,0.021498776,0.0348,0,-0.2208,0,-0.706295139,0.347085802,-0.927095139,-0.580009337,-0.535483854
1254,2018,8,6,FLK,Upper Keys,25.058367,-80.39885,2.438399922,0,0,0,46,0,3,0,0,51,56.81818182,0.005759515,0.325396338,0,0,0,0,-0.238260544,0,0,0,-0.238260544,-0.238260544,-0.219970036
1255,2014,9,27,FLK,Middle Keys,24.812,-80.67341667,11.88719962,1.5,0,2,63.5,5,7.5,1,0,20.5,170.4545455,0.028182826,1.592250054,0.086142358,0,0.004816016,0,-0.161336529,-0.001515959,-0.000281218,0.090958374,-0.163133707,-0.072175333,-0.066634661
1256,2014,9,27,FLK,Middle Keys,24.81883333,-80.67473333,8.922326987,0,0,2,44.5,6,39,0,0,7.5,85.22727273,0.008117355,0.458607615,0,0,0.004822352,0,-0.217005835,-0.003031919,0,0.004822352,-0.220037754,-0.215215402,-0.198693996
1256,2016,12,13,FLK,Upper Keys,24.93758,-80.54753,3.962399873,8,2,4,5,5,30,2,0,31,2549.715909,4.010693219,226.5928372,0.588628605,0.025308002,0.011300961,0,-0.230132489,0,-2.783087794,0.625237569,-3.013220283,-2.387982714,-2.204664833
1256,2018,8,13,FLK,Lower Keys,24.4827,-81.712217,1.371599956,3,1,0,6,0,0,4,0,76,2897.727273,6.538929636,369.4310529,0.202825447,0.010759491,0,0,-0.240225565,0,-2.686707288,0.213584938,-2.926932853,-2.713347915,-2.505052777
1257,2014,9,27,FLK,Middle Keys,24.82128333,-80.66045,9.837419685,1,2,1,45,4,8.5,1,0,40,646.3068182,0.06242647,3.526919236,0.048196132,0.021684155,0.002420695,0,-0.228755649,0,0,0.072300982,-0.228755649,-0.156454667,-0.144444137
1257,2016,9,29,FLK,Upper Keys,24.90062,-80.6171,3.352799893,34,0,8,6,2,23,2,0,25,2102.272727,4.047111771,228.6503825,3.451771285,0,0.0192,0,-0.2352,0,-0.625382363,3.470971285,-0.860582363,2.610388923,2.409997621
1257,2018,9,11,FLK,Lower Keys,24.45254,-81.87693,3.657599883,12,0,15,0,5,16,9,0,31,1818.181818,3.946684862,222.9765459,0.869925815,0,0.041882196,0,-0.27921464,0,-1.482884902,0.911808011,-1.762099542,-0.85029153,-0.785017338
1259,2016,8,12,FLK,Middle Keys,24.65291,-81.02397,4.724399849,3,2,0,4,0,25,1,0,63,980.1136364,0.492216715,27.80885394,0.173945416,0.021631643,0,0,-0.231823921,0,-0.027348696,0.195577059,-0.259172617,-0.063595558,-0.058713528
1263,2014,11,8,FLK,Middle Keys,24.63258333,-81.08893333,4.582159854,6,0,20,4,5,9,3.5,0,41.5,198.8636364,0.384733155,21.73633641,0.364929162,0,0.05095,0,-0.250928751,-0.001515959,-0.163057128,0.415879162,-0.415501838,0.000377324,0.000348358
1265,2014,9,29,FLK,Middle Keys,24.71238333,-80.8483,14.87504163,11.5,1,8,19.5,18.5,13,2,0,29.5,1519.886364,1.530369077,86.46152976,0.740225168,0.010749388,0.0192,0,-0.204,0,-0.283327608,0.770174556,-0.487327608,0.282846948,0.261133682
1265,2016,12,14,FLK,Upper Keys,24.9466,-80.47281,4.876799844,4,0,3,0,2,23,2,0,64,667.6136364,1.089226525,61.53822177,0.251648363,0,0.007281144,-0.000611818,-0.24,0,-0.676426262,0.258929507,-0.91703808,-0.658108573,-0.607587659
1267,2014,9,26,FLK,Middle Keys,24.7811,-80.7117,11.27759964,0,0,0,85.5,8,5,3,0,2,113.6363636,0.011195636,0.632521813,0,0,0,0,-0.057851059,-0.003031919,0,0,-0.060882977,-0.060882977,-0.056209183
1269,2014,9,27,FLK,Middle Keys,24.80881667,-80.67545,13.47046624,15,3,16.5,27,5.5,15,2.5,0,18.5,1427.556818,0.78178041,44.16838477,1.406531196,0.032258942,0.039613235,0,-0.210070187,0,-0.063431093,1.478403373,-0.27350128,1.204902093,1.11240557
1270,2014,10,19,FLK,Upper Keys,24.85305,-80.61023333,9.601199693,3,2,5.5,48.5,9,13,1,0,22.5,3416.193182,19.17357811,1083.253001,0.139449673,0.021579665,0.013249665,0,-0.161405011,-0.001515959,-7.074124196,0.174279003,-7.237045166,-7.062766163,-6.520579941
1271,2014,11,16,FLK,Upper Keys,24.90533333,-80.5269,12.20372268,4,2.5,1,16,7,21,4,0,45.5,1207.386364,1.22913976,69.44292427,0.203261563,0.027233528,0.002432156,0,-0.222164994,0,-0.380632584,0.232927246,-0.602797579,-0.369870332,-0.341476556
1272,2014,10,19,FLK,Upper Keys,24.9136,-80.5137,10.45209967,3,2.307692308,1,11.38461538,19.34615385,4,2.269230769,0,60.30769231,2282.471591,5.745978051,324.6315283,0.131284572,0.025073203,0.002425825,0,-0.230267575,0,-1.444805725,0.1587836,-1.6750733,-1.5162897,-1.399888935
1274,2018,8,20,FLK,Lower Keys,24.46324,-81.83986,3.809999878,1,1,0,7,3,41,2,0,39,1136.363636,2.002716958,113.1478507,0.058904802,0.010925011,0,0,-0.22684663,0,-0.477915207,0.069829813,-0.704761837,-0.634932024,-0.586190301
1275,2018,9,10,FLK,Lower Keys,24.46214,-81.83986,5.94359981,3,1,0,1,4,26,11,0,46,1164.772727,4.07558704,230.2591548,0.171973915,0.010852219,0,0,-0.239872938,0,-0.39924224,0.182826134,-0.639115178,-0.456289044,-0.421261177
1282,2016,12,13,FLK,Upper Keys,24.92227,-80.50582,6.2483998,8,1,0,2,6,26,2,0,33,1804.005682,5.198665195,293.709898,2.470527653,0.011310935,0,-0.000636605,-0.234497254,0,-3.105715662,2.481838588,-3.340849521,-0.859010933,-0.79306738
1284,2016,9,30,FLK,Upper Keys,24.84862,-80.61772,6.55319979,3,1,0,1,4,34,2,0,50,1448.863636,0.600534718,33.92851513,0.185660295,0.01100798,0,0,-0.245773545,0,-0.246500052,0.196668275,-0.492273597,-0.295605323,-0.272912637
1285,2014,6,8,FLK,Upper Keys,24.9562,-80.45698333,6.945085492,1,1,3,20.5,3,24,2.5,0,43.5,802.5852273,0.473551167,26.7543032,0.060475195,0.01121627,0.00751272,0,-0.2244,0,-0.162264612,0.079204185,-0.386664612,-0.307460426,-0.283857661
1285,2016,8,8,FLK,Middle Keys,24.62667,-81.10922,4.571999854,4,1,0,20,4,20,4,0,22,1342.357955,2.453598857,138.6214043,0.287068186,0.013015073,0,0,-0.267338768,0,-0.949070143,0.300083259,-1.216408911,-0.916325651,-0.845982229
1286,2014,6,8,FLK,Upper Keys,24.95166667,-80.4599,5.357445982,4,2,4,3.5,2.5,17.5,4,0,62.5,1597.954545,4.077028056,230.3405682,0.229452587,0.021890569,0.00977495,0,-0.2388,0,-0.425292698,0.261118106,-0.664092698,-0.402974592,-0.372039507
1286,2018,10,24,FLK,Middle Keys,24.62732,-81.10985,3.047999902,1,0,1,13,0,1,0,0,84,1136.363636,4.025777954,227.4450821,0.007214677,0,0.002432679,0,-0.211643076,0,-0.886859655,0.009647356,-1.098502731,-1.088855375,-1.005267391
1287,2014,6,16,FLK,Upper Keys,24.95463333,-80.45288333,15.46411715,6,1.5,3.5,16.5,11,20,6,0,41.5,1072.443182,3.199837708,180.7817914,0.500172488,0.016280797,0.008481642,0,-0.234,0,-0.246781868,0.524934928,-0.480781868,0.04415306,0.040763569
1288,2014,6,8,FLK,Upper Keys,24.95541667,-80.45583333,11.29937106,1,1,0,10,1.5,7,1,0,80,632.1022727,0.446337164,25.21678895,0.05348041,0.010915613,0,0,-0.222,0,-0.004062295,0.064396023,-0.226062295,-0.161666271,-0.149255663
1288,2018,8,7,FLK,Upper Keys,25.02931,-80.35126,17.52599944,2,1,0,13,0,54,2,0,27,951.7045455,2.073427694,117.1428076,0.072298026,0.010749388,0,0,-0.2064,0,-0.487720024,0.083047414,-0.694120024,-0.611072609,-0.564162497
1292,2014,6,9,FLK,Upper Keys,24.92286667,-80.50521667,5.791199815,2,1,6,3,3,39.5,1,0,41,859.4034091,7.71852325,436.0747599,0.117675667,0.011119984,0.014896454,0,-0.240962457,0,-3.722102913,0.143692105,-3.96306537,-3.819373265,-3.526172058
1294,2016,9,29,FLK,Upper Keys,24.86167,-80.60107,3.657599883,0,0,0,19,1,34,0,0,46,838.0681818,0.128237245,7.245042099,0,0,0,0,-0.240488169,0,-0.001397432,0,-0.241885601,-0.241885601,-0.223316808
1295,2014,6,9,FLK,Upper Keys,24.92136667,-80.50513333,10.28699967,3,2.5,6,47,4,1,0,0,41.5,982.9545455,1.885122245,106.5040816,0.104482681,0.026997289,0.014466348,0,-0.188405457,0,-0.465084341,0.145946317,-0.653489798,-0.507543481,-0.468580973
1295,2016,12,15,FLK,Upper Keys,24.89379,-80.55383,7.315199766,5,2,3,10,5,32,4,0,39,880.6818182,2.337786398,132.0783276,0.277915661,0.02173605,0.007279464,0,-0.211346387,0,-0.200544934,0.306931175,-0.411891321,-0.104960146,-0.096902688
1296,2016,12,15,FLK,Upper Keys,24.89871,-80.56672,5.94359981,1,0,0,9,6,44,0,9,30,1323.863636,2.073129146,117.1259404,0.053077434,0,0,0,-0.1752,0,-0.7458493,0.053077434,-0.9210493,-0.867971867,-0.801340412
1297,2014,10,17,FLK,Upper Keys,24.93465,-80.54876667,4.348479861,30.5,1,6,4,1,50,3,0,7.5,2372.159091,3.018008351,170.5089464,4.369779236,0.013553751,0.018156756,0,-0.269376797,0,-1.078789728,4.401489744,-1.348166525,3.053323219,2.818929252
1297,2016,12,15,FLK,Upper Keys,24.9363,-80.48547,8.534399727,4,2,2,17,3,32,2,0,35,1377.840909,1.108280266,62.61470427,0.243099851,0.021701225,0.004845201,0,-0.1896,0,-0.447406027,0.269646277,-0.637006027,-0.36735975,-0.339158704
1298,2014,10,17,FLK,Upper Keys,24.93733333,-80.5473,4.470399857,35.5,0,2,5,6,44.5,7,0,7.5,42.61363636,0.003610413,0.203978112,2.757480139,0,0.00513807,0,-0.236575266,0,0,2.762618209,-0.236575266,2.526042943,2.332126615
1298,2016,12,15,FLK,Upper Keys,24.93924,-80.48933,9.143999707,3,1,0,14,3,52,2,0,25,1278.409091,0.630569322,35.62538541,0.074589307,0.010816881,0,0,-0.2064,-0.003031919,-0.010446871,0.085406189,-0.21987879,-0.134472601,-0.124149565
1299,2014,10,18,FLK,Upper Keys,24.90456667,-80.61541667,3.146611664,28.5,0,4.5,18,1,42.5,1,0,10.5,312.5,0.720940512,40.7311024,2.088407918,0,0.0108,0,-0.2028,0,-0.103884997,2.099207918,-0.306684997,1.792522921,1.654916605
1299,2016,12,14,FLK,Upper Keys,24.95293,-80.45909,10.05839968,4,0,0,11,2,40,3,0,38,1545.056818,2.103220734,118.8260302,0.227313157,0,0,0,-0.2136,0,-1.581794619,0.227313157,-1.795394619,-1.568081462,-1.447704807
1300,2014,10,18,FLK,Upper Keys,24.90406667,-80.61768333,3.505199888,19,0,2,2.5,0,51,1,0,32,1392.045455,1.515067331,85.59702433,1.032475812,0,0.0048,0,-0.2388,0,-0.274559946,1.037275812,-0.513359946,0.523915866,0.483696502
1302,2014,6,15,FLK,Upper Keys,24.84581667,-80.62386667,5.687785532,4,2,5,8.5,1.5,35,2.5,0,41.5,1840.965909,6.06537335,342.6764605,0.152559327,0.021608083,0.012061012,0,-0.236395836,0,-2.640799118,0.186228422,-2.877194954,-2.690966532,-2.484389542
1303,2014,6,15,FLK,Upper Keys,24.84703333,-80.622,4.952999842,3,1,4,6.5,1,30.5,3,0,47,953.2954545,2.015149761,113.850269,0.130260933,0.010862663,0.009701163,0,-0.240103773,0,-0.38262041,0.150824758,-0.622724183,-0.471899425,-0.435673199
1303,2016,9,27,FLK,Middle Keys,24.76335,-80.7553,10.82039965,8,1,3,3,8,53,1,0,22,2002.840909,0.464430214,26.23899516,0.365681353,0.010796482,0.007231544,0,-0.233819924,0,-0.038374149,0.383709379,-0.272194073,0.111515306,0.102954629
1303,2018,8,9,FLK,Biscayne,25.2939,-80.163067,19.04999939,2,1,0,27,25,6,7,0,19,639.2045455,1.481678365,83.71064208,0.127655705,0.010749388,0,-0.00484,-0.1824,0,-0.108568548,0.138405093,-0.295808548,-0.157403455,-0.14532009
1305,2014,6,15,FLK,Upper Keys,24.84475,-80.62246667,10.36319967,4.5,3,2,14.5,5.5,28,3,0,44,728.0113636,2.017993899,114.0109548,0.252749421,0.032793165,0.004881121,0,-0.233073531,0,-0.264809232,0.290423707,-0.497882764,-0.207459056,-0.19153308
1306,2014,6,15,FLK,Upper Keys,24.84596667,-80.61915,10.89024965,2,4,0,33.5,5,3,1.5,0,54,617.8977273,3.389054664,191.4720149,0.127121754,0.043552179,0,0,-0.206631402,0,-1.4629114,0.170673933,-1.669542802,-1.498868869,-1.383805446
1306,2018,9,27,FLK,Biscayne,25.4002317,-80.1315614,3.505199888,0,0,0,5,2,15,1,0,77,1207.386364,1.257787874,71.06146182,0,0,0,0,-0.229910666,0,-0.890332663,0,-1.120243329,-1.120243329,-1.034245791
1309,2014,9,26,FLK,Middle Keys,24.76523333,-80.7562,5.708072545,1,1,1,30.5,10,12.5,1,0,44.5,99.43181818,0.019658709,1.110661547,0.024281952,0.010810376,0.002413617,0,-0.195502948,-0.001515959,-8.91E-05,0.037505944,-0.19710796,-0.159602016,-0.147349874
1310,2014,9,26,FLK,Middle Keys,24.76588333,-80.75401667,5.876924812,8.5,0,3,10,9.5,40.5,3.5,0,27.5,1221.590909,0.504198216,28.48577489,0.448960659,0,0.007264566,0,-0.231255346,-0.004547878,-0.052201704,0.456225225,-0.288004928,0.168220297,0.155306557
1310,2016,9,29,FLK,Middle Keys,24.76754,-80.75204,3.505199888,0,0,0,24,0,21,1,0,52,511.3636364,0.108388167,6.123625279,0,0,0,0,-0.190992938,-0.003031919,-0.001845763,0,-0.19587062,-0.19587062,-0.180834252
1312,2016,12,14,FLK,Upper Keys,24.908,-80.53004,6.400799795,1,0,0,23,3,26,0,0,47,1253.210227,2.597374015,146.7442947,0.058078011,0,0,-0.000606254,-0.180009182,0,-0.67425021,0.058078011,-0.854865646,-0.796787635,-0.735620768
1313,2014,9,26,FLK,Middle Keys,24.7631,-80.75611667,9.631679692,14.5,1,3,11.5,14.5,40,3,0,18.5,1519.886364,5.238618672,295.9671566,1.066457292,0.010835784,0.007257868,0,-0.223784271,0,-0.228332424,1.084550944,-0.452116695,0.632434249,0.583884272
1314,2014,9,26,FLK,Middle Keys,24.76455,-80.75383333,10.60076437,15,1,4.5,17.5,9.5,32.5,1,0,19.5,1704.545455,0.702987872,39.7168289,0.795408007,0.010812445,0.010863354,0,-0.217267081,0,-0.147688039,0.817083806,-0.364955119,0.452128687,0.417420198
1315,2014,10,31,FLK,Middle Keys,24.68428333,-80.96643333,3.886199876,2,1,3,23,9.5,32.5,5.5,0,23.5,625,0.221938525,12.53889971,0.131524864,0.010929096,0.00732037,0,-0.231811706,0,-0.002004644,0.14977433,-0.23381635,-0.08404202,-0.07759038
1315,2016,8,11,FLK,Lower Keys,24.61098,-81.17351,7.467599761,6,2,5,6,8,29,5,0,39,2954.545455,2.761680416,156.0271421,0.30697673,0.021589622,0.012050707,-0.000607557,-0.226553301,0,-0.984954604,0.340617059,-1.212115461,-0.871498402,-0.804596226
1316,2014,10,31,FLK,Middle Keys,24.68585,-80.96285,4.704347218,17,0,8.5,8.5,11,14.5,3,0,25,1164.772727,1.775254385,100.2968579,1.204181011,0,0.021474163,0,-0.248847657,0,-0.470082827,1.225655174,-0.718930483,0.506724691,0.467825039
1317,2014,10,31,FLK,Middle Keys,24.68185,-80.97046667,5.471159825,2,1,1,41,6,20,2.5,0,29,696.0227273,3.387696298,191.3952711,0.123274801,0.010812058,0.002413992,0,-0.179842426,0,-0.220306822,0.136500851,-0.400149248,-0.263648396,-0.243408942
1317,2016,8,11,FLK,Middle Keys,24.63832,-81.06395,11.73479962,5,0,1,22,4,33,1,0,34,1298.352273,0.527451153,29.79950016,0.241841509,0,0.0024,-0.000605,-0.1872,0,-0.031289786,0.244241509,-0.219094786,0.025146724,0.02321629
1319,2014,11,7,FLK,Middle Keys,24.62991667,-81.11288333,3.505199888,0,0,1,15,0,46.5,0,0,40.5,120.7386364,0.011586572,0.654608604,0,0,0.002406829,0,-0.203377049,0,0,0.002406829,-0.203377049,-0.20097022,-0.185542372
1319,2018,8,13,FLK,Lower Keys,24.47755,-81.718033,18.8975994,13,0,4,59,6,4,8,0,5,696.0227273,0.499837994,28.23943467,0.616661649,0,0.0096,0,-0.2064,0,-0.133473551,0.626261649,-0.339873551,0.286388098,0.264402989
1320,2014,11,8,FLK,Middle Keys,24.62483333,-81.10715,12.6491996,9,0,15,23,7,28,2.5,0,15,930.3977273,2.686473552,151.7781668,0.601326419,0,0.036,0,-0.2016,0,-0.262613637,0.637326419,-0.464213637,0.173112782,0.159823461
1323,2014,11,7,FLK,Middle Keys,24.62301667,-81.11048333,14.09113801,6.525252525,0,6.02020202,37.14646465,12.57070707,21.63131313,8.070707071,0,11.05555556,383.5227273,1.240908158,70.10780556,0.286278218,0,0.014448485,0,-0.173721212,0,-0.628231454,0.300726703,-0.801952666,-0.501225963,-0.462748431
1324,2014,8,6,FLK,Lower Keys,24.5132,-81.95223333,3.514724888,8.5,1,5,21.5,2,30.5,8,0,23.5,56.81818182,0.013671421,0.772396682,1.37177078,0.010794861,0.012050763,0,-0.220528965,0,-0.000949974,1.394616404,-0.221478938,1.173137466,1.083079413
1325,2014,8,6,FLK,Lower Keys,24.51605,-81.92446667,2.510117567,45,0,3,15,3.5,19,5,0,17,56.81818182,0.03704072,2.092696037,5.037406827,0,0.007367968,0,-0.218583049,0,-0.000459324,5.044774795,-0.219042373,4.825732422,4.455276206
1326,2014,8,24,FLK,Lower Keys,24.56305,-81.65736667,4.571999854,45,1,3,19,1,16,2.5,0,14.5,1040.482955,0.734158622,41.47788828,3.918008843,0.010796338,0.007231447,0,-0.203685769,0,-0.119516264,3.936036629,-0.323202033,3.612834596,3.33548871
1326,2016,12,14,FLK,Upper Keys,24.95487,-80.45799,5.791199815,1,1,14,0,2,44,1,0,33,2315.340909,7.453386453,421.0952798,0.055163694,0.01125918,0.035193486,0,-0.24,0,-2.102103822,0.101616359,-2.342103822,-2.240487463,-2.068492326
1328,2016,12,15,FLK,Upper Keys,24.95182,-80.45016,24.23159922,11,1,7,0,15,31,2,0,24,1711.647727,1.48648714,83.98232431,0.532237526,0.010749388,0.0168,0,-0.2112,0,-0.29983717,0.559786914,-0.51103717,0.048749744,0.04500738
1329,2014,8,9,FLK,Lower Keys,24.4739,-81.9023,9.072282062,25.5,0,4,30.5,8,0,8,0,27,1669.034091,0.371194754,20.97145501,1.573293747,0,0.0096,-0.000605,-0.2076,-0.001515959,-0.018795433,1.582893747,-0.228516392,1.354377355,1.250406089
1329,2016,12,15,FLK,Upper Keys,24.9204,-80.50447,13.86839956,5,5,5,2,10,53,3,0,17,1747.159091,3.587446916,202.6806167,0.245939529,0.054829732,0.012241753,0,-0.230634954,0,-1.239233096,0.313011015,-1.46986805,-1.156857035,-1.068048779
1330,2014,8,7,FLK,Lower Keys,24.47675,-81.94853333,9.019673396,22,2,5,31,13.5,2,11.5,0,20,1235.795455,8.57665529,484.556796,1.20991307,0.021923919,0.012237303,-0.000616964,-0.200691763,0,-1.182931644,1.244074292,-1.38424037,-0.140166079,-0.129405972
1330,2016,12,13,FLK,Upper Keys,24.92346,-80.50191,11.88719962,5,3,0,10,6,42,3,0,29,1718.75,6.113838913,345.4146278,0.231519467,0.032555527,0,0,-0.216,0,-2.304981906,0.264074994,-2.520981906,-2.256906912,-2.083651306
1331,2014,8,8,FLK,Lower Keys,24.47395,-81.94066667,10.82039965,30.5,2,2.5,31.5,15,1,4,0,17.5,1566.875,2.428456276,137.2009195,1.807528528,0.021517292,0.006005168,-0.001816563,-0.201773634,-0.001515959,-0.715944872,1.835050988,-0.921051028,0.91399996,0.843835074
1332,2014,8,7,FLK,Lower Keys,24.47816667,-81.94736667,8.534399727,20.5,2,2,35,18,0,6,0,19.5,2578.153409,1.228808272,69.42419617,1.196142031,0.021961381,0.004903285,-0.003708109,-0.178969906,-0.001515959,-0.325929401,1.223006697,-0.510123376,0.712883321,0.658157523
1333,2014,8,7,FLK,Lower Keys,24.4832,-81.94671667,8.78305235,25.5,1.5,2,35,13,0,7,0,19.5,1306.761364,9.595676388,542.1286095,1.681066156,0.016124082,0.0048,-0.000605,-0.18,-0.001515959,-1.238775835,1.701990238,-1.420896794,0.281093444,0.259514789
1334,2014,8,12,FLK,Lower Keys,24.50898333,-81.72856667,6.653462945,45,1,4,14.5,19.5,0,13,0,16,404.8295455,0.354993875,20.0561511,3.248443395,0.01077871,0.009626187,-0.001213301,-0.220199026,0,-0.209551912,3.268848292,-0.430964239,2.837884053,2.620028669
1334,2016,9,29,FLK,Middle Keys,24.76773,-80.75027,6.705599785,5,2,0,4,11,49,2,0,26,326.7045455,0.043312269,2.447020841,0.259890831,0.021613107,0,-0.000608217,-0.241276325,0,-0.000281218,0.281503938,-0.242165761,0.039338177,0.03631831
1335,2014,8,23,FLK,Lower Keys,24.51878333,-81.6699,8.143874739,34.5,1,5,22,13.5,0,4,0,24,1065.340909,0.366232219,20.6910858,1.924368219,0.010749388,0.012,-0.000605,-0.2052,0,-0.046577932,1.947117607,-0.252382932,1.694734675,1.564635254
1335,2016,8,11,FLK,Middle Keys,24.62336,-81.10911,14.17319955,14,1,4,3,8,58,1,0,11,3006.5625,0.923573572,52.17929786,0.706064189,0.010749388,0.0096,0,-0.2328,0,-0.163888788,0.726413577,-0.396688788,0.329724789,0.30441286
1338,2014,8,24,FLK,Lower Keys,24.53666667,-81.63461667,4.114799868,7.5,2,9,42,11.5,3.5,6.5,0,17.5,2916.193182,0.704396725,39.79642512,0.405786387,0.021498776,0.0216,0,-0.1596,0,-0.064867985,0.448885163,-0.224467985,0.224417178,0.207189381
1340,2016,8,12,FLK,Middle Keys,24.64668,-81.0322,17.22119945,16,0,0,12,8,37,0,0,27,610.7954545,0.873180641,49.3322396,0.967102716,0,0,-0.000605,-0.2112,0,-0.15746531,0.967102716,-0.36927031,0.597832406,0.551938703
1343,2016,9,30,FLK,Upper Keys,24.8357,-80.63258,20.11679936,11,1,3,21,9,22,0,0,32,1406.25,1.045180189,59.04972822,0.875462285,0.010749388,0.0072,0,-0.2064,0,-0.206284372,0.893411673,-0.412684372,0.480727301,0.443823386
1345,2016,12,14,FLK,Upper Keys,24.9096,-80.52177,11.58239963,2,1,4,1,6,51,2,0,32,1051.136364,1.143713723,64.61659452,0.116159311,0.010976693,0.009803,0,-0.240053964,0,-0.014704809,0.136939004,-0.254758773,-0.117819769,-0.108775118
1345,2018,10,26,FLK,Middle Keys,24.62293,-81.11282,12.4967996,3,2,0,9,3,0,9,0,74,1690.340909,7.954759418,449.4214361,0.169549889,0.021498776,0,0,-0.2184,0,-0.802162021,0.191048665,-1.020562021,-0.829513356,-0.765834239
1346,2016,12,13,FLK,Upper Keys,24.91022,-80.50652,27.58439912,9,0,0,8,13,32,3,0,16,1683.295455,2.251159794,127.1841692,0.460280616,0,0,-0.001211173,-0.218611674,0,-0.922519501,0.460280616,-1.142342349,-0.682061733,-0.629702011
1348,2016,12,14,FLK,Upper Keys,24.9471,-80.45482,23.46959925,8,1,6,15,11,12,3,0,32,1562.5,2.443480357,138.0497377,0.254672426,0.010749388,0.0144,0,-0.1872,0,-0.44901393,0.279821814,-0.63621393,-0.356392116,-0.32903302
1348,2018,8,14,FLK,Upper Keys,24.88607,-80.56187,7.772399751,0,2,2,10,4,15,3,0,61,653.4090909,0.592832894,33.49338385,0,0.021581269,0.004818418,0,-0.216,0,-0.00414678,0.026399687,-0.22014678,-0.193747093,-0.178873741
1352,2014,8,9,FLK,Lower Keys,24.48721667,-81.84361667,6.55319979,13.5,1,2,21,23,0,14.5,0,24,696.0227273,0.528962956,29.88491279,1.525676449,0.011145249,0.004976767,0,-0.217733541,0,-0.158178063,1.541798465,-0.375911603,1.165886862,1.076385415
1354,2014,8,24,FLK,Lower Keys,24.50115,-81.66055,7.467599761,12.5,2,10.5,21,15,8.5,1,0,33.5,355.1136364,0.204654082,11.56237753,0.897740892,0.021621635,0.02534401,0,-0.199131507,-0.001515959,-0.002306516,0.944706537,-0.202953983,0.741752554,0.684810556
1354,2016,7,20,FLK,Lower Keys,24.6165849,-81.3907287,2.438399922,2,0,6,10,0,33,0,0,30,2556.818182,3.236506702,182.853486,0.315138926,0,0.0144,0,-0.24,0,-0.273875455,0.329538926,-0.513875455,-0.184336528,-0.170185596
1355,2014,8,22,FLK,Lower Keys,24.5083,-81.67185,7.18311977,18.5,1,8,11.5,13,0,10.5,0,38,973.0113636,0.977723264,55.23860249,1.036548764,0.011309655,0.020200721,-0.001273066,-0.242408646,-0.003031919,-0.552998224,1.06805914,-0.799711855,0.268347284,0.247747112
1357,2018,8,10,FLK,Upper Keys,25.006817,-80.3761,14.47799954,4,3,2,2,16,34,10,0,29,667.6136364,1.42621671,80.57721528,0.230036519,0.033383101,0.00496893,0,-0.240993126,0,-0.339668277,0.26838855,-0.580661403,-0.312272853,-0.288300654
1359,2018,10,25,FLK,Biscayne,25.5427,-80.0987,12.6491996,1,1,0,0,4,49,2,0,43,1178.977273,2.360954389,133.3872536,0.058010796,0.010759201,0,0,-0.235414702,0,-0.084475515,0.068769996,-0.319890217,-0.251120221,-0.231842516
1363,2014,8,11,FLK,Lower Keys,24.46835,-81.79396667,6.939642635,2,2,1,48,3.5,13,3.5,0,23,852.2727273,0.820809322,46.37340804,0.098616619,0.021536818,0.002404247,0,-0.221434445,0,-0.102094557,0.122557684,-0.323529002,-0.200971319,-0.185543386
1363,2016,6,29,FLK,Lower Keys,24.50924,-81.73464,7.924799746,11,0,0,27,16,13,10,0,22,2201.704545,1.029172302,58.14532778,0.615553075,0,0,0,-0.1368,0,-0.201263537,0.615553075,-0.338063537,0.277489538,0.256187544
1363,2018,10,24,FLK,Biscayne,25.568902,-80.1004823,5.94359981,14,1,0,0,1,10,8,0,66,1562.5,1.221796088,69.02802757,0.456609014,0.011607174,0,-0.000653278,-0.115396855,0,-0.419028959,0.468216188,-0.535079093,-0.066862904,-0.06173005
1366,2014,8,25,FLK,Lower Keys,24.504,-81.62411667,3.200399898,2,0,23.5,7,10.5,11,6.5,0,26.5,1257.102273,1.65344028,93.41470511,0.138431518,0,0.057795082,0,-0.243477154,-0.004547878,-0.631316838,0.196226601,-0.879341871,-0.68311527,-0.630674671
1367,2018,10,25,FLK,Lower Keys,24.52858,-81.48324,19.20239939,8,0,3,30,13,8,4,0,33,255.6818182,0.201246904,11.3698816,0.419084397,0,0.0072,0,-0.168,0,-0.005565693,0.426284397,-0.173565693,0.252718704,0.233318288
1368,2018,8,24,FLK,Lower Keys,24.43622,-81.9379,20.72639934,1,1,0,0,7,42,0,0,49,1363.636364,0.552866859,31.23541576,0.083989363,0.010754915,0,0,-0.213709829,0,-0.303709943,0.094744278,-0.517419771,-0.422675493,-0.390228032
1371,2016,7,21,FLK,Lower Keys,24.5703358,-81.4577393,7.772399751,36,0,0,30,6,0,0,0,28,2286.931818,0.242334406,13.6912094,2.750006656,0,0,0,-0.24,0,-0.012197079,2.750006656,-0.252197079,2.497809577,2.306060635
1373,2016,7,21,FLK,Lower Keys,24.5848302,-81.4429769,7.619999756,31,0,0,24,10,5,2,0,21,1960.227273,1.349646986,76.25124214,1.627646698,0,0,-0.000605,-0.2112,0,-0.164426995,1.627646698,-0.376231995,1.251414703,1.155347554
1373,2018,8,24,FLK,Lower Keys,24.43341,-81.95053,21.48839931,0,0,1,7,4,45,10,0,28,1519.886364,0.367045899,20.73705645,0,0,0.002405711,0,-0.216513993,0,-0.075101794,0.002405711,-0.291615787,-0.289210076,-0.267008333
1374,2018,9,11,FLK,Lower Keys,24.44649,-81.90057,21.9455993,4,0,6,8,4,10,11,0,53,1250,0.410858532,23.21234647,0.199153508,0,0.0144,0,-0.1776,0,-0.009336102,0.213553508,-0.186936102,0.026617405,0.024574071
1375,2018,8,13,FLK,Lower Keys,24.494667,-81.638167,17.67839943,19,0,2,45,7,8,3,0,14,397.7272727,0.103143227,5.827300958,0.915334652,0,0.0048,0,-0.2232,0,-0.001551654,0.920134652,-0.224751654,0.695382998,0.642000644
1376,2016,7,20,FLK,Lower Keys,24.5975904,-81.4015353,8.381999732,1.351351351,1.351351351,0,48.64864865,9.459459459,0,0,0,37.83783784,468.75,0.210007193,11.86481316,0.008177436,0.0145262,0,0,-0.197837838,0,-0.002380224,0.022703636,-0.200218062,-0.177514426,-0.163887205
1377,2014,8,11,FLK,Lower Keys,24.47215,-81.76485,4.232030633,9,1.5,27,0,4.5,2,4,0,40,184.6590909,1.911947883,108.0196544,0.694678338,0.01746117,0.070173533,0,-0.260162887,0,-0.295873412,0.782313041,-0.556036298,0.226276743,0.208906193
1377,2016,6,29,FLK,Lower Keys,24.50635,-81.70926,7.010399776,9,0,8,7,39,3,13,0,18,2428.977273,0.419956603,23.72636173,0.486350428,0,0.0192,0,-0.2112,-0.003031919,-0.040421984,0.505550428,-0.254653902,0.250896525,0.231635992
1379,2016,6,29,FLK,Lower Keys,24.51451,-81.69662,8.534399727,17,0,2,20,25,4,11,0,21,1571.647727,0.516820763,29.19891316,0.89524602,0,0.0048,0,-0.1608,-0.006063837,-0.256250719,0.90004602,-0.423114557,0.476931463,0.440318943
1379,2018,9,12,FLK,Lower Keys,24.45191,-81.86812,20.11679936,6,0,7,31,4,30,4,0,17,1775.568182,1.807592211,102.1238538,0.254531197,0,0.0168,0,-0.168,0,-0.568197106,0.271331197,-0.736197106,-0.464865909,-0.429179623
1383,2014,8,6,FLK,Lower Keys,24.44615,-81.94971667,9.601199693,7,2,5,37,3.5,9,2,0,40,625.0284091,3.147849716,177.8446167,0.482031532,0.021539713,0.01202285,0,-0.19837702,-0.001515959,-2.103253752,0.515594094,-2.303146731,-1.787552637,-1.650327874
1383,2018,10,24,FLK,Middle Keys,24.72227,-80.81535,24.53639921,40,0,11,8,11,3,4,0,21,951.7045455,0.596077622,33.67670181,1.172335189,0,0.0264,0,-0.2208,0,-0.048614197,1.198735189,-0.269414197,0.929320992,0.857979958
1387,2018,11,8,FLK,Upper Keys,24.8972,-80.5379,19.50719938,7,2,5,12,3,54,1,0,16,1051.136364,2.940896137,166.1523241,0.216079934,0.021561919,0.012035245,0,-0.211820306,0,-0.755159988,0.249677098,-0.966980294,-0.717303196,-0.662238098
1388,2014,8,6,FLK,Lower Keys,24.44308333,-81.93498333,10.14356438,4,1.5,5.5,9,2.5,43,4.5,0,26.5,1214.488636,1.507448979,85.166609,0.240753311,0.016618258,0.013604557,0,-0.247706443,0,-0.877762075,0.270976126,-1.125468518,-0.854492391,-0.788895713
1390,2018,11,14,FLK,Upper Keys,25.24416,-80.19222,20.57399934,5,0,0,7,8,38,11,0,28,823.8636364,0.617656756,34.8958619,0.229333649,0,0,0,-0.2208,0,-0.239765881,0.229333649,-0.460565881,-0.231232232,-0.213481265
1391,2014,8,11,FLK,Lower Keys,24.46916667,-81.76741667,15.6159195,8,0,12.5,17.5,5,34,5,0,22,553.9772727,1.795406416,101.4353907,0.456910075,0,0.03,0,-0.222,0,-1.075400756,0.486910075,-1.297400756,-0.810490681,-0.748271875
1391,2016,6,23,FLK,Lower Keys,24.45114,-81.94607,10.21079967,15,1,5,2,0,45,5,0,27,2251.420455,2.668138503,150.7422883,1.228110154,0.010920766,0.012191317,0,-0.238949812,0,-1.396177386,1.251222237,-1.635127198,-0.383904961,-0.354433791
1391,2018,10,12,FLK,Upper Keys,25.03421,-80.34565,22.09799929,4,3,5,0,6,16,1,0,62,980.1136364,2.115621186,119.5266207,0.16511576,0.032248164,0.012,0,-0.2304,0,-0.615850569,0.209363924,-0.846250569,-0.636886645,-0.587994871
1393,2018,8,7,FLK,Upper Keys,25.11927,-80.2754,15.39239951,0,0,3,15,5,42,9,0,26,1576.704545,4.91896827,277.9078119,0,0,0.0072,-0.00121,-0.2232,0,-0.963814441,0.0072,-1.188224441,-1.181024441,-1.09036093
1394,2018,10,11,FLK,Upper Keys,24.97508,-80.41877,24.68879921,4,3,2,6,11,43,9,0,14,1235.795455,1.373205836,77.58225063,0.107113898,0.032248164,0.0048,-0.000605,-0.216,0,-0.322963322,0.144162062,-0.539568322,-0.39540626,-0.365052172
1395,2016,7,12,FLK,Lower Keys,24.52624,-81.52184,2.285999927,0,0,0,8,0,40,0,0,52,298.2954545,0.028584714,1.614955618,0,0,0,0,-0.240504771,0,0,0,-0.240504771,-0.240504771,-0.22204198
1397,2014,8,5,FLK,Lower Keys,24.4565,-81.8687,9.27295355,2.5,0,7.5,49.5,10.5,6,3.5,0,19,1228.693182,1.462544094,82.62960984,0.154385725,0,0.01811556,0,-0.148547594,0,-0.364544265,0.172501285,-0.51309186,-0.340590574,-0.314444513
1397,2018,10,25,FLK,Biscayne,25.4967,-80.104,17.67839943,0,0,0,0,0,5,0,0,95,1363.636364,1.172540669,66.24523553,0,0,0,0,-0.016803719,0,-0.514767452,0,-0.531571172,-0.531571172,-0.490764134
1398,2014,8,6,FLK,Lower Keys,24.44403333,-81.96668333,12.94383959,1,1,8.5,30.5,3.5,23.5,3.5,0,22.5,667.6136364,2.009196592,113.5139318,0.058074542,0.010771023,0.020441059,0,-0.215232331,-0.001515959,-0.20866593,0.089286625,-0.425414221,-0.336127596,-0.310324143
1398,2016,7,22,FLK,Lower Keys,24.54996,-81.40128,4.724399849,0,0,0,66,1,9,0,20,4,518.4659091,0.059125251,3.340409688,0,0,0,0,-0.057718499,0,-0.000281218,0,-0.057999718,-0.057999718,-0.053547263
1398,2018,10,25,FLK,Biscayne,25.466925,-80.1101944,14.47799954,2,3,0,0,5,39,19,0,28,468.75,0.873162572,49.33121875,0.065075649,0.032248164,0,-0.001815,-0.2136,0,-0.354056365,0.097323813,-0.569471365,-0.472147552,-0.435902278
1400,2018,10,24,FLK,Biscayne,25.6004,-80.0903,22.55519928,11,0,0,0,7,15,2,0,68,482.9545455,1.058257696,59.78857038,0.424722628,0,0,-0.001214585,-0.204773047,0,-0.52538379,0.424722628,-0.731371422,-0.306648794,-0.283108336
1401,2014,8,6,FLK,Lower Keys,24.44423333,-81.98798333,12.6652417,6,1,11.5,24,8,21.5,11,0,9.5,632.1022727,0.499347532,28.21172498,0.31840582,0.010796928,0.027722062,0,-0.226597724,0,-0.076744539,0.35692481,-0.303342262,0.053582547,0.049469184
1401,2016,6,24,FLK,Lower Keys,24.46411,-81.83917,4.724399849,5,0,0,4,0,17,6,0,68,617.8977273,1.176865729,66.48958924,0.31341876,0,0,0,-0.237039485,0,-0.602635984,0.31341876,-0.839675469,-0.526256708,-0.485857645
1404,2016,6,28,FLK,Lower Keys,24.50233,-81.61335,11.27759964,10,0,3,16,6,25,4,0,35,1775.568182,0.8335106,47.09099434,0.567830175,0,0.007290581,0,-0.204136272,0,-0.244539415,0.575120756,-0.448675687,0.126445069,0.116738281
1409,2016,7,13,FLK,Lower Keys,24.52311,-81.51885,4.571999854,1,0,0,17,14,16,3,0,18,1825.255682,5.998685743,338.908799,0.007236078,0,0,0,-0.243989505,0,-2.234370595,0.007236078,-2.4783601,-2.471124022,-2.281423646
1410,2016,7,13,FLK,Lower Keys,24.52326,-81.51573,5.486399824,2,0,1,9,25,23,8,0,17,1461.079545,5.906558958,333.7038959,0.08028808,0,0.002522321,0,-0.232053492,0,-1.024475212,0.0828104,-1.256528705,-1.173718304,-1.083615662
1412,2016,7,14,FLK,Lower Keys,24.545,-81.40713,7.162799771,22,0,18,11,3,15,6,0,23,1809.573864,13.83396567,781.5799811,2.378414891,0,0.049627397,0,-0.267436527,0,-2.02671303,2.428042288,-2.294149558,0.13389273,0.123614209
1416,2016,6,28,FLK,Lower Keys,24.48055,-81.71198,5.791199815,3,1,2,9,0,22,10,0,53,3380.710227,6.779283322,383.0103572,0.162501477,0.011027168,0.004924039,0,-0.224855394,0,-2.51248275,0.178452684,-2.737338144,-2.55888546,-2.362447916
1422,2014,8,24,FLK,Lower Keys,24.49528333,-81.66121667,2.285999927,0,1,3,8.5,0,25.5,0,0,43,333.8068182,0.088699627,5.011278356,0,0.010816352,0.007244853,0,-0.223382963,-0.001515959,-0.001406092,0.018061205,-0.226305015,-0.20824381,-0.192257591
1422,2016,6,24,FLK,Lower Keys,24.45189,-81.88001,6.55319979,15,2,1,5,3,29,9,0,36,823.8636364,2.930274119,165.5522101,0.661656155,0.021653863,0.002417313,0,-0.23206205,0,-1.799982225,0.685727331,-2.032044275,-1.346316945,-1.242964451
1423,2014,8,22,FLK,Lower Keys,24.4923,-81.66213333,3.657599883,7,0,13,3,3,3,3.5,0,49.5,1782.670455,7.096514294,400.933011,0.53603085,0,0.036103531,0,-0.276330873,0,-2.551304827,0.572134382,-2.8276357,-2.255501318,-2.082353615
1424,2014,8,23,FLK,Lower Keys,24.49295,-81.65988333,3.992879872,6,2,9.5,1,2,5.5,5.5,0,55.5,2218.579545,7.298516113,412.3455431,0.408023349,0.022665944,0.024037812,0,-0.253029599,0,-2.149810791,0.454727105,-2.40284039,-1.948113285,-1.798562789
1424,2016,6,22,FLK,Lower Keys,24.44695,-81.97202,14.32559954,7,1,4,7,2,38,9,0,32,1492.215909,1.00556572,56.81162258,0.639208089,0.010876086,0.009713151,0,-0.22583076,0,-0.631101485,0.659797327,-0.856932246,-0.197134919,-0.182001495
1427,2014,8,22,FLK,Lower Keys,24.49071667,-81.66315,9.601199693,6.5,1.5,10,17.5,7.5,19.5,2.5,0,32,1326.107955,14.95730844,845.0456745,0.384542698,0.016740819,0.024917986,0,-0.237966769,0,-5.346172985,0.426201503,-5.584139754,-5.157938251,-4.761979644
1427,2016,6,29,FLK,Lower Keys,24.47273,-81.82445,7.619999756,0,0,0,33,5,21,11,0,29,724.4318182,0.175069622,9.890939108,0,0,0,0,-0.14943419,0,-0.000597487,0,-0.150031677,-0.150031677,-0.13851422
1428,2014,8,23,FLK,Lower Keys,24.49171667,-81.65753333,10.60026633,10.5,3,12.5,14,4,23.5,8.5,0,25,1541.193182,2.108018037,119.0970642,1.029673227,0.033570304,0.031229968,0,-0.242344552,0,-0.410161281,1.0944735,-0.652505833,0.441967666,0.408039206
1429,2014,8,14,FLK,Lower Keys,24.55211667,-81.6969,2.590799917,37,2,1,25.5,0,12,0,0,30,568.1818182,0.184462319,10.42159996,4.00412724,0.021642745,0.002416072,0,-0.225902724,-0.003031919,-0.000966641,4.028186057,-0.229901283,3.798284774,3.506702464
1430,2014,8,14,FLK,Lower Keys,24.55143333,-81.6925,2.705099914,23.5,1,4.5,6.5,4,31.5,1,0,14.5,248.5795455,1.145287458,64.70550609,3.108203702,0.010874205,0.010925405,0,-0.234289244,0,-0.437530586,3.130003312,-0.67181983,2.458183482,2.26947651
1431,2016,7,22,FLK,Lower Keys,24.5404929,-81.4704662,7.924799746,11,1,0,21,13,6,4,0,34,198.8636364,0.01998433,1.129058218,0.655647965,0.010774122,0,0,-0.204469399,0,0,0.666422087,-0.204469399,0.461952688,0.426490041
1432,2014,8,15,FLK,Lower Keys,24.50571667,-81.71071667,7.467599761,5.5,1.5,4,50.5,12.5,0,5,0,20,1164.772727,0.368610275,20.82543927,0.287398218,0.016124082,0.0096,0,-0.1284,0,-0.010412234,0.3131223,-0.138812234,0.174310066,0.160928833
1433,2014,8,14,FLK,Lower Keys,24.50943333,-81.7212,5.43261159,14.5,2,5,18,15.5,0,18,0,17.5,1382.897727,5.10834927,288.6073034,3.586308114,0.021566623,0.01203787,0,-0.215477873,0,-1.446915732,3.619912607,-1.662393605,1.957519002,1.807246459
1434,2014,8,15,FLK,Lower Keys,24.52138333,-81.70015,6.857999781,37.5,3,8,14.5,5.5,0,10,0,20.5,1051.136364,1.373071823,77.57467927,2.414539342,0.032248164,0.0192,0,-0.2244,0,-0.23733312,2.465987506,-0.46173312,2.004254385,1.850394114
1434,2016,6,28,FLK,Lower Keys,24.48653,-81.70823,3.352799893,0,0,1,2,1,13,0,3,45,696.0227273,0.06524578,3.686202235,0,0,0.002437793,0,-0.243689632,-0.003031919,0,0.002437793,-0.24672155,-0.244283758,-0.225530866
1436,2014,8,13,FLK,Lower Keys,24.49158333,-81.72005,7.018019776,13,1,13,24,16,9,6,0,21,1308.238636,1.365812924,77.164572,0.559825343,0.010824104,0.031416864,0,-0.199376252,0,-0.421818301,0.602066312,-0.621194553,-0.019128241,-0.017659826
1437,2014,8,13,FLK,Lower Keys,24.48073333,-81.71178333,3.809999878,13,0,14,4.5,2,5,5,0,51.5,1022.727273,2.41552135,136.4701327,1.346487601,0,0.036046684,0,-0.262150161,0,-0.424572935,1.382534285,-0.686723096,0.695811189,0.642395965
1438,2016,6,23,FLK,Lower Keys,24.44701,-81.95048,12.19199961,3,1,0,20,2,30,4,0,40,965.9090909,0.77910986,44.01750619,0.138011783,0.010758191,0,0,-0.213774926,0,-0.260293316,0.148769974,-0.474068242,-0.325298268,-0.300326149
1442,2014,8,12,FLK,Lower Keys,24.48213333,-81.71598333,2.133599932,0,0,1.5,8.5,0,9,0,0,72.5,312.5,0.028356404,1.602056751,0,0,0.003603431,0,-0.22228437,-0.003031919,0,0.003603431,-0.225316289,-0.221712858,-0.204692663
1443,2014,8,12,FLK,Lower Keys,24.47813333,-81.72611667,10.36319967,6.5,1,11.5,25,8.5,27,8.5,0,9.5,688.9488636,6.503441757,367.426088,0.314443415,0.010920423,0.028039147,0,-0.219436803,0,-1.996863745,0.353402985,-2.216300547,-1.862897562,-1.719888808
1444,2014,8,13,FLK,Lower Keys,24.48003333,-81.7089,10.97279965,5,0,5.5,13,4,35.5,7,0,30,1718.75,4.24585262,239.8786791,0.287861119,0,0.013688935,0,-0.235200797,-0.001515959,-1.339119534,0.301550054,-1.57583629,-1.274286236,-1.176463312
1446,2014,8,9,FLK,Lower Keys,24.45966667,-81.84403333,3.232149896,17,4,16,0,1.5,2.5,0,0,44.5,504.2613636,5.572373399,314.8233559,1.234928349,0.048744442,0.043532398,0,-0.27207749,0,-0.69774519,1.327205189,-0.96982268,0.357382509,0.329947384
1449,2014,8,5,FLK,Lower Keys,24.45513333,-81.85613333,5.011615225,8,0,10.5,6.5,5,5.5,1.5,0,57.5,580.9943182,0.701420322,39.62826678,0.481557403,0,0.026051419,0,-0.246868207,0,-0.118427252,0.507608822,-0.365295459,0.142313363,0.131388416
1450,2014,8,5,FLK,Lower Keys,24.45471667,-81.85908333,3.936999874,2,1,10.5,7.5,1,3,1,0,72.5,610.7954545,1.81914267,102.776422,0.786626308,0.011406252,0.026739898,0,-0.250845711,-0.001515959,-0.558060472,0.824772457,-0.810422142,0.014350315,0.013248687
1451,2014,8,5,FLK,Lower Keys,24.45391667,-81.85768333,8.381999732,6.5,1,4,9,3.5,27.5,4,0,42.5,887.7840909,8.488407528,479.5710468,0.375147046,0.010911449,0.009744732,0,-0.239964035,0,-1.20090151,0.395803227,-1.440865545,-1.045062318,-0.964836189
1451,2016,6,23,FLK,Lower Keys,24.44588,-81.9179,11.58239963,14,0,3,6,2,45,5,0,25,976.9886364,1.249550144,70.59605332,0.994092838,0,0.007208847,0,-0.225877213,0,-0.333454404,1.001301685,-0.559331617,0.441970068,0.408041424
1452,2014,8,5,FLK,Lower Keys,24.45436667,-81.8553,10.36319967,0,1,5,6,5,43,7,0,31,177.5568182,0.873091179,49.32718526,0,0.011233048,0.012539931,0,-0.243274654,0,-0.741129253,0.023772979,-0.984403907,-0.960630928,-0.88688633
1453,2014,8,4,FLK,Lower Keys,24.45235,-81.87653333,5.181599834,9.5,0,5.5,20,0,6,1,0,55.5,795.4545455,1.124393333,63.52504706,0.644900092,0,0.013570758,0,-0.230702888,0,-0.315298499,0.65847085,-0.546001386,0.112469463,0.103835538
1454,2014,8,4,FLK,Lower Keys,24.4537,-81.87398333,4.648199851,1,1,20,3,7.5,5.5,6,0,40.5,681.8181818,1.038603061,58.67813902,0.076231919,0.01213186,0.054173249,0,-0.270866247,0,-0.70784812,0.142537029,-0.978714367,-0.836177338,-0.771986648
1456,2016,7,14,FLK,Lower Keys,24.55071,-81.37587,17.52599944,2,4,0,18,10,40,9,0,16,1186.079545,2.669778559,150.8349469,0.02555436,0.042997552,0,0,-0.2208,0,-0.044757857,0.068551912,-0.265557857,-0.197005945,-0.181882422
1458,2014,8,5,FLK,Lower Keys,24.45663333,-81.8785,2.895599907,0,0,1,37,0,5,0,0,60,220.1704545,0.020576279,1.162501663,0,0,0.002402471,0,-0.178984101,-0.004547878,0,0.002402471,-0.183531978,-0.181129507,-0.167224768
1459,2014,8,4,FLK,Lower Keys,24.4521,-81.87341667,10.96263965,3,1,5.5,19.5,4.5,30.5,7,0,26.5,1803.977273,7.035304472,397.4748289,0.177148966,0.010988955,0.013494183,0,-0.231854599,0,-0.745154098,0.201632104,-0.977008698,-0.775376594,-0.715853385
1460,2014,8,5,FLK,Lower Keys,24.4512,-81.88125,10.79798789,3,1,7.5,19,7.5,36.5,6,0,18.5,994.3181818,1.370104759,77.40704853,0.169549889,0.010749388,0.018,0,-0.2268,0,-0.400918626,0.198299277,-0.627718626,-0.429419349,-0.396454184
1466,2016,6,23,FLK,Lower Keys,24.43734,-81.92087,16.30679948,3,2,4,3,5,11,8,0,64,262.7840909,1.841982291,104.0667961,0.346386818,0.021712257,0.009695327,0,-0.235111682,0,-1.142673325,0.377794402,-1.377785007,-0.999990606,-0.92322449
1467,2016,6,23,FLK,Lower Keys,24.43726,-81.9068,17.98319942,4,3,3,10,3,21,13,0,43,348.0397727,0.216911098,12.25486431,0.249020558,0.032657237,0.007291333,0,-0.218739996,0,-0.005136001,0.288969128,-0.223875997,0.065093132,0.060096138
1470,2016,6,27,FLK,Lower Keys,24.46136,-81.7559,20.42159935,11,0,19,19,8,28,7,0,7,525.5681818,1.063655983,60.09355838,0.662779987,0,0.0456,0,-0.1848,0,-0.178626932,0.708379987,-0.363426932,0.344953056,0.318472101
1477,2016,6,30,FLK,Lower Keys,24.48205,-81.66455,19.50719938,5,1,3,22,0,44,8,0,17,1441.761364,1.030432007,58.21649754,0.278011889,0.010749388,0.0072,0,-0.1872,0,-0.017711563,0.295961277,-0.204911563,0.091049714,0.084060115
1479,2016,7,14,FLK,Lower Keys,24.53336,-81.45731,19.50719938,12,0,5,21,14,23,4,0,16,2051.363636,1.640936685,92.70828731,0.69115256,0,0.012,0,-0.204,0,-0.508111351,0.70315256,-0.712111351,-0.008958791,-0.008271053
1519,2018,10,25,FLK,Biscayne,25.4645658,-80.169893,3.962399873,5,0,0,0,2,3,12,0,78,2372.159091,1.093610602,61.7859097,0.281353897,0,0,-0.001210912,-0.180135737,0,-0.235062873,0.281353897,-0.416409522,-0.135055625,-0.124687832
1552,2018,10,26,FLK,Middle Keys,24.67428,-81.06032,6.705599785,18,0,1,4,11,3,6,0,49,696.0227273,0.581790916,32.86954327,1.030784798,0,0.0024,0,-0.2304,0,-0.00670867,1.033184798,-0.23710867,0.796076128,0.734963881
1584,2014,7,17,FLK,Upper Keys,25.21573333,-80.22856667,2.981324905,7.5,1,8.5,6,6,26.5,5,0,29,2322.5,1.247797066,70.49700941,0.469558617,0.010937458,0.020756916,0,-0.240536026,0,-0.770636459,0.50125299,-1.011172485,-0.509919494,-0.470774587
1605,2014,9,22,FLK,Upper Keys,25.28988333,-80.17503333,9.212178653,7,1,8.5,25.5,7,23.5,2,0,30,2088.068182,1.939760051,109.5909633,0.347155172,0.010811614,0.020518092,0,-0.190697557,-0.001515959,-1.477838312,0.378484878,-1.670051828,-1.291566951,-1.192417441
1605,2018,9,12,FLK,Lower Keys,24.48535,-81.84261,8.686799722,5,0,0,46,10,4,2,0,27,994.3181818,0.200511606,11.32833933,0.237611753,0,0,0,-0.121432377,0,-0.069490745,0.237611753,-0.190923121,0.046688632,0.043104493
1629,2018,12,5,FLK,Upper Keys,25.12357,-80.30173,5.63879982,0,1,0,13,4,34,5,9,34,1619.318182,2.59474818,146.5959424,0,0.010768202,0,0,-0.180315051,0,-1.218440254,0.010768202,-1.398755305,-1.387987103,-1.281435723
1630,2018,10,24,FLK,Biscayne,25.6077094,-80.0972045,8.534399727,0,0,0,0,0,15,0,12,73,241.4772727,0.095168941,5.376776351,0,0,0,0,-0.024001493,0,-0.067697116,0,-0.091698609,-0.091698609,-0.084659197
1649,2014,11,1,FLK,Middle Keys,24.67565,-80.9554,6.934199778,5,2,0,39.5,10.5,8.5,1,0,30.5,958.8068182,0.396525181,22.4025526,0.275401338,0.021573343,0,0,-0.209524212,0,-0.01153228,0.296974681,-0.221056492,0.075918189,0.07009019
1650,2014,9,28,FLK,Middle Keys,24.73198333,-80.81713333,7.82954975,1,2.5,3,56.5,17.5,9,3,0,11,965.9090909,0.202721799,11.453209,0.067918163,0.027021937,0.007239778,0,-0.123076218,-0.003031919,-0.002427853,0.102179877,-0.12853599,-0.026356113,-0.024332838
1662,2014,9,28,FLK,Middle Keys,24.7003,-80.88728333,10.56639966,3,0,3,48.5,11,1,1,0,36,337.3579545,0.421854555,23.83359066,0.178168889,0,0.0072,0,-0.186,-0.001515959,-0.004769439,0.185368889,-0.192285398,-0.006916509,-0.00638555
1669,2018,9,25,FLK,Biscayne,25.3876137,-80.1356279,2.895599907,1,0,3,8,0,5,2,0,80,568.1818182,0.745458247,42.11628514,0.047970247,0,0.007228048,0,-0.224069494,0,-0.491903619,0.055198295,-0.715973113,-0.660774818,-0.610049225
1691,2014,11,7,FLK,Middle Keys,24.62565,-81.11208333,5.750559816,10,0,11,4,6.5,20.5,4,0,26.5,1015.625,8.556816677,483.4359705,0.65437152,0,0.030777262,0,-0.275596395,0,-1.64211583,0.685148783,-1.917712225,-1.232563442,-1.137943445
1741,2016,6,29,FLK,Lower Keys,24.46302,-81.7548,18.28799941,2,0,9,14,16,21,5,0,33,906.1931818,0.502646075,28.39808333,0.117268371,0,0.0216,0,-0.1896,0,-0.030374671,0.138868371,-0.219974671,-0.0811063,-0.074880026
1884,2018,10,25,FLK,Lower Keys,24.59374,-81.20877,19.35479938,11,0,5,11,6,42,2,0,23,1349.431818,0.739744771,41.79348989,0.474363997,0,0.012,0,-0.2136,0,-0.330186223,0.486363997,-0.543786223,-0.057422227,-0.053014104
2002,2018,8,22,DRTO,Tortugas,24.64455,-83.07517,15.6971995,1,1,8,9,5,61,4,0,10,752.8409091,0.581872844,32.87417198,0.068363919,0.010879714,0.019432782,0,-0.240480673,0,-0.401637937,0.098676414,-0.64211861,-0.543442196,-0.501723857
2003,2018,8,22,DRTO,Tortugas,24.60941,-83.09611,24.07919923,0,0,1,19,3,71,2,0,3,568.1818182,0.500737244,28.29023977,0,0,0.002403795,-0.001211913,-0.2067264,-0.003031919,-0.407220415,0.002403795,-0.618190647,-0.615786852,-0.568514843
2004,2018,7,11,DRTO,Tortugas,24.63611,-83.04633,16.15439948,1,2,10,14,7,55,6,0,5,1832.386364,0.857729286,48.45928167,0.058385795,0.021657503,0.024177193,0,-0.207923862,0,-0.430175246,0.104220491,-0.638099108,-0.533878617,-0.492894444
2006,2018,8,22,DRTO,Tortugas,24.63453,-83.10352,26.06039917,8,0,5,10,8,39,6,0,23,980.1136364,0.861611402,48.67861026,0.495394219,0,0.012016557,-0.002423339,-0.216298024,0,-0.328614869,0.507410775,-0.547336231,-0.039925456,-0.036860505
2008,2018,8,22,DRTO,Tortugas,24.61273,-83.09866,24.68879921,4,0,1,12,8,66,3,0,3,1264.204545,0.559909081,31.63328141,0.246273792,0,0.002405469,0,-0.240546883,0,-0.271381632,0.248679261,-0.511928515,-0.263249254,-0.243040441
2014,2018,8,22,DRTO,Tortugas,24.63819,-83.06826,16.45919947,0,1,0,53,1,38,1,0,5,227.2727273,0.040286965,2.276099723,0,0.010756712,0,-0.000605412,-0.124885036,-0.003031919,-0.000949974,0.010756712,-0.12947234,-0.118715628,-0.109602205
2026,2018,7,19,DRTO,Tortugas,24.63196,-83.03745,14.93519952,1,1,1,17,5,65,2,0,7,2855.113636,0.587640543,33.20003065,0.058670557,0.010881566,0.002429511,0,-0.206508445,-0.006063837,-0.17461098,0.071981634,-0.387183263,-0.315201629,-0.291004597
2033,2018,7,19,DRTO,Tortugas,24.61077,-83.03641,26.36519916,2,0,0,15,8,58,2,0,10,880.6818182,0.157466506,8.896412763,0.08197964,0,0,-0.001211396,-0.204235434,0,-0.0062357,0.08197964,-0.21168253,-0.12970289,-0.119746009
2036,2018,8,22,DRTO,Tortugas,24.63184,-83.10139,22.0979993,0,0,7,33,3,44,0,0,13,852.2727273,0.879753721,49.70360008,0,0,0.016829302,0,-0.201951628,0,-0.685374787,0.016829302,-0.887326415,-0.870497113,-0.803671803
2041,2018,8,22,DRTO,Tortugas,24.6337,-83.0702,16.30679948,0,1,11,30,3,45,1,0,4,1207.386364,1.070392076,60.4741286,0,0.010768238,0.026446296,0,-0.192336697,-0.003031919,-0.893180368,0.037214534,-1.088548984,-1.051334449,-0.970626828
2044,2018,7,19,DRTO,Tortugas,24.62884,-83.02582,20.11679936,0,0,0,38,2,55,0,0,5,1789.772727,0.211584533,11.95392842,0,0,0,0,-0.151482278,0,-0.011598629,0,-0.163080906,-0.163080906,-0.150561701
2047,2018,7,11,DRTO,Tortugas,24.63935,-83.02288,24.68879921,5,1,0,23,1,48,6,0,12,596.5909091,0.219679456,12.41126872,0.265289146,0.010759087,0,0,-0.175358085,0,-0.073210901,0.276048233,-0.248568986,0.027479248,0.025369753
2058,2018,7,14,DRTO,Tortugas,24.71938,-82.98569,18.13559942,6,3,5,8,2,54,6,0,15,965.9090909,1.002396567,56.63257441,0.329890582,0.03279308,0.012202771,0,-0.234293205,0,-0.702141155,0.374886434,-0.93643436,-0.561547927,-0.518439669
2062,2018,8,23,DRTO,Tortugas,24.70194,-83.02931,28.0415991,5,1,0,35,3,44,2,0,10,1661.931818,0.987012755,55.76343249,0.283821407,0.010794005,0,0,-0.130137923,0,-0.617570276,0.294615411,-0.747708199,-0.453092788,-0.418310288
2066,2018,8,23,DRTO,Tortugas,24.71351,-83.02954,28.95599907,14,0,2,9,7,49,7,0,11,1008.522727,0.980760836,55.41021674,1.066013165,0,0.004816256,-0.001821147,-0.226364048,0,-0.45236286,1.070829421,-0.680548054,0.390281367,0.360320701
2068,2018,8,22,DRTO,Tortugas,24.69101,-83.06484,24.23159923,16,0,14,0,5,47,8,0,3,1193.181818,0.774427834,43.75298497,1.235602051,0,0.033939506,-0.002444453,-0.242425045,0,-0.58111263,1.269541557,-0.825982127,0.44355943,0.409508775
2069,2016,6,1,DRTO,Tortugas,24.7025184,-82.77184887,21.48839932,4,1,1,15,19,43,3,0,10,1562.5,4.984093325,281.5871935,0.237684998,0.010749388,0.0024,-0.000605,-0.2376,0,-3.910207063,0.250834386,-4.148412063,-3.897577678,-3.598372966
2072,2016,5,12,DRTO,Tortugas,24.72435,-82.8107,16.30679948,25,0,2,22,5,31,3,0,12,589.4886364,0.41382741,23.38007966,1.502346593,0,0.0048,0,-0.18,0,-0.166696494,1.507146593,-0.346696494,1.160450099,1.071366015
2072,2018,7,17,DRTO,Tortugas,24.67825,-83.01815,16.91639946,16,0,1,0,4,44,13,0,6,2173.295455,1.277074976,72.15112858,0.974931295,0,0.002433829,0,-0.243382929,0,-0.252674672,0.977365124,-0.496057601,0.481307523,0.444359067
2073,2016,5,15,DRTO,Tortugas,24.60679,-82.8719,18.44039941,16,0,0,13,10,31,6,0,17,525.5681818,0.166411914,9.401803066,1.139309922,0,0,0,-0.233745217,0,-0.003024821,1.139309922,-0.236770038,0.902539884,0.833254751
2073,2018,8,23,DRTO,Tortugas,24.70249,-83.03658,24.68879921,12,0,13,15,5,38,3,0,6,1093.75,1.090648992,61.61858714,0.585274782,0,0.031268405,0,-0.199636742,-0.009095756,-0.545320846,0.616543188,-0.754053344,-0.137510156,-0.126953936
2074,2018,8,23,DRTO,Tortugas,24.71924,-82.98492,18.28799942,12,0,2,19,4,51,3,0,6,1448.863636,0.869289048,49.11237557,0.702790087,0,0.004841057,0,-0.225109141,0,-0.304885404,0.707631144,-0.529994545,0.177636599,0.163999999
2075,2018,7,13,DRTO,Tortugas,24.67758,-83.0847,21.64079931,13,0,8,1,9,55,9,0,5,1775.568182,1.055633462,59.64030857,1.155772142,0,0.019438692,0,-0.242983647,0,-0.495247908,1.175210834,-0.738231555,0.436979278,0.403433761
2076,2018,8,23,DRTO,Tortugas,24.71168,-83.02719,30.02279904,6,0,6,37,0,28,5,0,18,440.3409091,0.218784829,12.36072483,0.502040015,0,0.014437311,0,-0.16843529,0,-0.032126257,0.516477325,-0.200561547,0.315915779,0.291663924
2078,2016,5,17,DRTO,Tortugas,24.65183,-82.95745,22.0979993,24,0,0,0,14,14,7,0,40,1219.6875,0.564631167,31.90006591,1.760425787,0,0,0,-0.281731235,0,-0.247905069,1.760425787,-0.529636304,1.230789483,1.136305667
2079,2018,7,13,DRTO,Tortugas,24.64686,-83.07667,12.6491996,0,7,0,2,9,54,7,0,3,994.3181818,1.169776085,66.08904435,0,0.075284101,0,0,-0.240122431,0,-0.116027592,0.075284101,-0.356150023,-0.280865922,-0.259304733
2081,2016,5,18,DRTO,Tortugas,24.69691,-82.85974,7.010399776,1,1,0,14,6,41,8,0,28,1370.738636,2.305200594,130.2373217,0.066306447,0.011032934,0,0,-0.229087551,0,-1.586330453,0.077339381,-1.815418004,-1.738078623,-1.604651824
2085,2018,7,13,DRTO,Tortugas,24.66307,-83.06039,16.00199949,3,2,2,5,7,59,5,0,15,1008.522727,1.143411251,64.59950573,0.131433125,0.022052436,0.004923615,0,-0.246180738,0,-0.775493848,0.158409175,-1.021674586,-0.863265411,-0.796995256
2087,2018,7,17,DRTO,Tortugas,24.66427,-83.01035,20.72639934,2,0,2,10,10,54,7,0,11,1406.25,0.52806916,29.83441583,0.110772899,0,0.004806466,0,-0.218694185,0,-0.116058155,0.115579365,-0.33475234,-0.219172975,-0.202347759
2088,2016,5,16,DRTO,Tortugas,24.58912,-82.94318,13.71599956,13,0,1,5,10,54,0,0,13,1302.698864,0.938957003,53.04841826,0.877342744,0,0.002406828,0,-0.235869128,-0.003031919,-0.433248539,0.879749572,-0.672149585,0.207599987,0.191663193
2091,2016,6,8,DRTO,Tortugas,24.63534,-82.84103,9.753599689,4,2,5,33,13,22,8,0,13,546.9034091,1.725527039,97.48740334,0.219301045,0.021519889,0.012011785,0,-0.158555559,0,-1.426256203,0.252832719,-1.584811761,-1.331979043,-1.229727224
2092,2018,8,22,DRTO,Tortugas,24.67935,-83.06744,19.96439937,5,1,4,33,1,34,10,0,12,1491.477273,0.440684262,24.89741596,0.39814721,0.010804571,0.009649283,0,-0.166450124,0,-0.193107879,0.418601064,-0.359558003,0.059043061,0.054510512
2093,2016,6,1,DRTO,Tortugas,24.65625339,-82.78432198,13.25879958,4,1,1,17,20,32,12,0,9,1001.420455,0.612217031,34.5885328,0.285082937,0.010788558,0.002408745,-0.001821614,-0.197517124,0,-0.312250379,0.29828024,-0.511589116,-0.213308876,-0.196933828
2093,2018,8,22,DRTO,Tortugas,24.64863,-83.07517,17.67839943,3,2,9,3,11,50,7,0,15,639.2045455,0.918429704,51.88868384,0.170456426,0.02151292,0.02161421,-0.001210796,-0.232953155,0,-0.557587867,0.213583556,-0.791751818,-0.578168262,-0.533784113
2097,2016,5,12,DRTO,Tortugas,24.72367,-82.78785,16.30679948,12,1,0,18,8,34,2,0,17,1136.363636,1.186130242,67.01300804,0.737805717,0.010821235,0,0,-0.147378511,0,-0.323581778,0.748626952,-0.470960289,0.277666663,0.256351071
2098,2016,5,18,DRTO,Tortugas,24.72343,-82.83911,24.38399922,5,0,1,15,11,20,1,0,47,170.4545455,0.025756311,1.455158831,0.321425571,0,0.0024,0,-0.2208,0,-0.000281218,0.323825571,-0.221081218,0.102744352,0.094856993
2099,2016,5,12,DRTO,Tortugas,24.72701,-82.81797,24.38399922,16.09195402,0,0,8.045977011,10.34482759,9.195402298,0,0,56.32183908,610.7954545,0.291476859,16.46761913,1.170058657,0,0,0,-0.220689655,-0.003031919,-0.021919666,1.170058657,-0.24564124,0.924417417,0.853452815
2101,2016,6,1,DRTO,Tortugas,24.72773502,-82.77866436,23.62199925,7,0,8,9,10,50,1,0,12,738.6363636,0.432409904,24.42993807,0.46044146,0,0.0192,0,-0.2184,0,-0.322746495,0.47964146,-0.541146495,-0.061505036,-0.056783489
2103,2016,5,17,DRTO,Tortugas,24.63315,-82.96631,21.03119933,2,0,1,14,6,3,9,0,63,646.3068182,0.389658472,22.01460293,0.130650209,0,0.002756482,0,-0.237057417,0,-0.23285139,0.133406691,-0.469908807,-0.336502116,-0.310669913
2106,2016,5,16,DRTO,Tortugas,24.66313,-82.85821,8.534399727,2,0,10,2,4,11,11,0,60,858.7215909,0.344438999,19.45983048,0.103901677,0,0.024073944,0,-0.240739441,0,-0.206351736,0.127975621,-0.447091176,-0.319115556,-0.294618064
2106,2018,8,23,DRTO,Tortugas,24.70845,-82.98426,21.33599932,7,1,4,2,6,56,3,0,20,1178.977273,0.664910365,37.56555735,0.449961687,0.011524528,0.010292257,-0.00389176,-0.254733369,0,-0.007100863,0.471778472,-0.265725992,0.206052481,0.190234484
2109,2018,7,14,DRTO,Tortugas,24.7132,-83.04003,26.51759915,27,1,8,3,3,49,7,0,2,1150.568182,0.292769898,16.54067221,1.93368633,0.010842108,0.019365612,0,-0.242070154,0,-0.138806589,1.96389405,-0.380876743,1.583017307,1.461494075
2112,2016,5,12,DRTO,Tortugas,24.72623,-82.80449,17.06879945,0,0,0,96,0,1,0,0,3,14.20454545,0.001203471,0.067992704,0,0,0,0,-0.014406654,0,0,0,-0.014406654,-0.014406654,-0.013300701
2112,2018,7,17,DRTO,Tortugas,24.65976,-83.02388,16.15439948,5,3,1,5,10,50,15,0,5,1463.068182,1.928504937,108.9550812,0.23829694,0.034020795,0.002531924,0,-0.240532802,0,-1.250715709,0.274849659,-1.491248511,-1.216398852,-1.123019759
2114,2016,5,19,DRTO,Tortugas,24.56779,-82.94888,17.83079943,8,0,2,3,9,62,4,0,8,1315.198864,0.883393727,49.9092501,0.471246565,0,0.004836947,0,-0.234591911,0,-0.440274696,0.476083512,-0.674866607,-0.198783095,-0.183523145
2116,2016,5,19,DRTO,Tortugas,24.58163,-82.92727,15.39239951,3,0,0,35,9,0,1,0,48,838.0681818,0.687545997,38.8444066,0.180238227,0,0,0,-0.156030574,0,-0.43507125,0.180238227,-0.591101825,-0.410863598,-0.379322899
2119,2018,8,22,DRTO,Tortugas,24.67235,-83.06731,18.74519941,7,3,3,21,6,43,4,0,12,1022.727273,0.292117305,16.50380255,0.406122178,0.032535265,0.007264101,-0.001220772,-0.191287986,-0.003031919,-0.009256888,0.445921544,-0.204797565,0.24112398,0.222613655
2122,2018,8,23,DRTO,Tortugas,24.70992,-82.9819,28.1939991,4,0,4,25,7,50,4,0,3,582.3863636,0.265458694,14.9976663,0.277641625,0,0.009725763,0,-0.184789501,0,-0.074740457,0.287367388,-0.259529957,0.027837431,0.025700439
2126,2016,5,16,DRTO,Tortugas,24.61373,-82.92942,13.25879958,13,0,3,24,5,15,5,0,35,1536.931818,2.164893823,122.3103855,0.892824794,0,0.007963304,0,-0.238899113,-0.003031919,-0.913438655,0.900788097,-1.155369686,-0.254581588,-0.235038165
2127,2018,8,22,DRTO,Tortugas,24.67831,-83.06504,19.50719938,7,4,2,3,14,52,10,0,7,980.1136364,1.059426,59.85457629,0.442809242,0.043395519,0.004844427,0,-0.2349547,0,-0.147599484,0.491049188,-0.382554184,0.108495004,0.100166186
2129,2018,8,22,DRTO,Tortugas,24.67079,-83.06887,18.44039941,7,0,16,6,8,54,5,0,3,1122.159091,0.239782138,13.54701343,0.424689707,0,0.038670278,-0.000609258,-0.23202167,0,-0.006195204,0.463359986,-0.238826132,0.224533853,0.207297099
2131,2018,7,13,DRTO,Tortugas,24.66044,-83.07842,17.22119945,2,4,0,2,7,69,6,0,7,1491.477273,0.799663904,45.17875164,0.127479531,0.045718483,0,0,-0.25263558,0,-0.477989032,0.173198014,-0.730624612,-0.557426599,-0.514634722
2134,2016,5,15,DRTO,Tortugas,24.62085,-82.86258,9.143999709,6,2,2,6,3,50,7,0,22,1435.994318,0.733136015,41.42011386,0.471417749,0.021655676,0.004835031,0,-0.219993907,0,-0.159149965,0.497908456,-0.379143872,0.118764584,0.109647402
2138,2016,5,15,DRTO,Tortugas,24.63125,-82.85759,10.05839968,6,0,0,5,7,31,28,0,23,1960.227273,1.176639845,66.47682739,0.318338088,0,0,0,-0.241723732,0,-0.6597012,0.318338088,-0.901424931,-0.583086843,-0.53832511
2139,2018,7,17,DRTO,Tortugas,24.67971,-83.01236,17.83079943,24,1,0,4,5,52,5,0,5,1704.545455,5.708831069,322.5328288,1.442224656,0.010761533,0,-0.000605684,-0.237868455,0,-0.832919103,1.452986189,-1.071393241,0.381592948,0.352299264
2140,2018,8,23,DRTO,Tortugas,24.69919,-83.00007,20.87879934,8,1,2,1,6,62,7,0,6,1079.545455,1.18493791,66.94564464,0.526766116,0.011183424,0.004993813,0,-0.249690653,0,-0.525265018,0.542943352,-0.774955672,-0.232012319,-0.214201467
2141,2016,5,15,DRTO,Tortugas,24.60046,-82.87341,8.077199742,4,3,0,12,6,31,20,0,24,994.3181818,0.527312231,29.79165149,0.34052355,0.032659218,0,0,-0.243059177,0,-0.071616696,0.373182767,-0.314675874,0.058506893,0.054015504
2141,2018,7,14,DRTO,Tortugas,24.69705,-83.0024,24.07919923,7,0,2,4,5,72,7,0,3,781.25,0.44261329,25.00640054,0.408852767,0,0.004821247,0,-0.231419858,0,-0.16876824,0.413674014,-0.400188098,0.013485916,0.012450645
2142,2018,7,11,DRTO,Tortugas,24.65213,-83.01417,21.18359933,9,3,1,2,4,70,8,0,3,1008.522727,0.687616535,38.84839179,0.653050499,0.033697887,0.002507893,0,-0.245773465,-0.003031919,-0.023964843,0.689256279,-0.272770226,0.416486053,0.384513736
2147,2016,5,15,DRTO,Tortugas,24.59145,-82.87435,13.86839956,6,1,1,14,11,48,12,0,7,1505.681818,0.836498852,47.25982214,0.392991876,0.011204521,0.002501617,0,-0.235151994,0,-0.327564181,0.406698014,-0.562716175,-0.156018161,-0.14404114
2149,2016,6,8,DRTO,Tortugas,24.63844,-82.79448,5.791199815,3,1,1,5,1,37,11,0,38,2002.840909,1.041724089,58.8544683,2.20355837,0.010860781,0.002424871,0,-0.23521244,-0.036383023,-0.566912123,2.216844021,-0.838507586,1.378336435,1.272525906
2149,2018,8,20,DRTO,Tortugas,24.72209,-82.82615,15.08759952,9,0,2,13,3,62,3,0,5,1335.227273,1.187660715,67.09947544,0.663284081,0,0.0048,-0.000605,-0.2208,0,-0.700902873,0.668084081,-0.922307873,-0.254223792,-0.234707835
2150,2016,6,1,DRTO,Tortugas,24.68187042,-82.77555275,10.36319967,4,3,2,0,2,25,32,0,25,752.8409091,0.863750032,48.79943683,0.308242304,0.042486069,0.006323868,0,-0.316193396,-0.003031919,-0.497476103,0.357052241,-0.816701418,-0.459649177,-0.424363363
2153,2018,7,12,DRTO,Tortugas,24.73097,-82.79692,17.52599944,7,0,8,10,7,48,1,0,17,1931.818182,1.318315048,74.48107615,0.612161572,0,0.019212168,0,-0.216136887,0,-0.051661289,0.63137374,-0.267798176,0.363575564,0.335665018
2155,2018,8,26,DRTO,Tortugas,24.57364,-82.92619,13.86839956,14,2,2,1,17,50,12,0,0,2755.681818,1.327202295,74.98318051,0.8710687,0.021956157,0.004902119,0,-0.245105934,0,-0.580823668,0.897926975,-0.825929602,0.071997373,0.066470362
2156,2016,5,12,DRTO,Tortugas,24.71759,-82.80542,13.41119957,1,1,5,46,10,26,0,0,11,355.1136364,0.32742849,18.49878472,0.052666,0.010749388,0.012,0,-0.132,-0.009095756,-0.214969724,0.075415388,-0.356065479,-0.280650091,-0.259105471
2157,2016,5,12,DRTO,Tortugas,24.71971,-82.81462,11.12519965,1,0,2,23,1,39,3,0,30,1093.75,0.276259928,15.60790556,0.058046065,0,0.004807303,0,-0.185081151,-0.003031919,-0.008460001,0.062853368,-0.196573071,-0.133719703,-0.123454464
2159,2018,7,15,DRTO,Tortugas,24.72226,-82.82856,16.15439948,27,0,1,0,0,59,5,0,6,1406.25,0.910566862,51.44445549,1.625165398,0,0.0024,0,-0.24,0,-0.487267899,1.627565398,-0.727267899,0.900297499,0.831184507
2160,2016,5,12,DRTO,Tortugas,24.72118,-82.80761,12.4967996,11,0,2,4,2,49,6,0,11,887.7840909,1.048357499,59.22923725,0.59997101,0,0.004849182,0,-0.235185346,-0.003031919,-0.49575511,0.604820192,-0.733972375,-0.129152183,-0.119237578
2161,2016,5,17,DRTO,Tortugas,24.62953,-82.94263,7.772399752,0,0,3,41,8,21,0,0,26,1455.965909,1.253378615,70.81235111,0,0,0.007205655,0,-0.194552691,0,-0.808400616,0.007205655,-1.002953307,-0.995747652,-0.919307254
2164,2016,5,17,DRTO,Tortugas,24.64292,-82.93114,7.619999757,6,1,1,0,8,47,2,0,13,653.4090909,1.530951105,86.49441274,0.373022904,0.01085945,0.002424573,0,-0.242457343,-0.009095756,-0.182236763,0.386306928,-0.433789862,-0.047482934,-0.043837819
2165,2018,8,27,DRTO,Tortugas,24.62478,-82.83515,5.181599834,2,4,2,1,1,34,33,0,17,1079.545455,0.472240421,26.68024975,0.827906524,0.044803737,0.005001632,0,-0.250081606,0,-0.157948514,0.877711893,-0.408030121,0.469681773,0.433625789
2166,2016,5,15,DRTO,Tortugas,24.58933,-82.8846,14.78279953,27,0,6,9,4,31,7,0,15,1143.465909,0.347708431,19.64454411,1.446534912,0,0.014531268,0,-0.210703387,0,-0.072796784,1.461066181,-0.283500171,1.177566009,1.087167991
2168,2018,8,25,DRTO,Tortugas,24.70755,-82.79465,7.162799771,1,1,5,32,6,27,4,0,23,255.6818182,0.024425718,1.379984041,0.052789103,0.010774514,0.012028049,-0.001819242,-0.204476834,-0.003031919,0,0.075591665,-0.209327995,-0.133736329,-0.123469814
2171,2018,8,20,DRTO,Tortugas,24.7109,-82.84072,4.876799844,2,0,1,16,2,58,6,0,10,1328.125,0.350449893,19.79942899,0.11394475,0,0.002404027,0,-0.240402681,-0.003031919,-0.057835768,0.116348776,-0.301270368,-0.184921591,-0.170725745
2172,2018,8,27,DRTO,Tortugas,24.57586,-82.90272,15.6971995,11,0,0,1,8,58,10,0,2,1974.431818,0.443954007,25.08214731,0.859507671,0,0,0,-0.22610261,0,-0.069843652,0.859507671,-0.295946263,0.563561408,0.520298581
2173,2018,8,26,DRTO,Tortugas,24.57588,-82.9232,10.97279965,3,0,5,29,6,40,5,0,9,184.6590909,0.194358302,10.98069504,1.522383503,0,0.012006835,-0.002421378,-0.170497063,-0.003031919,-0.079897425,1.534390338,-0.255847785,1.278542554,1.180392886
2175,2018,8,26,DRTO,Tortugas,24.560667,-82.915026,12.80159959,3,1,4,4,12,48,11,0,13,1022.727273,0.38085287,21.51711132,0.194739616,0.010749388,0.0096,0,-0.24,0,-0.047300337,0.215089004,-0.287300337,-0.072211333,-0.066667897
2177,2018,8,26,DRTO,Tortugas,24.5668,-82.92746,12.19199961,1,2,0,10,20,36,26,0,1,1107.954545,0.478127975,27.01287993,0.067766953,0.021569421,0,0,-0.221525549,0,-0.308559876,0.089336374,-0.530085425,-0.440749051,-0.40691414
2178,2016,6,8,DRTO,Tortugas,24.62725,-82.82698,5.94359981,2,1,8,45,3,25,5,0,8,774.1477273,1.063016888,60.05745128,0.113887893,0.010762051,0.019222618,0,-0.16579508,-0.072766046,-0.50922508,0.143872562,-0.747786206,-0.603913644,-0.557553103
2179,2018,8,27,DRTO,Tortugas,24.57989,-82.90841,12.34439961,4,2,4,13,9,47,7,0,4,980.1136364,0.170087875,9.609484446,0.246226698,0.021582732,0.009637489,0,-0.224071625,0,-0.027016021,0.277446919,-0.251087646,0.026359273,0.024335755
2189,2018,8,27,DRTO,Tortugas,24.58264,-82.89167,10.05839968,4,0,2,14,7,29,17,0,13,1349.431818,0.776376666,43.86308848,0.24858961,0,0.004834409,0,-0.210296799,0,-0.420163119,0.253424019,-0.630459918,-0.377035899,-0.348092045
2191,2018,8,25,DRTO,Tortugas,24.73051,-82.79893,16.30679948,7,0,0,8,4,77,3,0,1,1321.022727,0.767842638,43.38094,0.370635944,0,0,0,-0.241248732,0,-0.235702818,0.370635944,-0.47695155,-0.106315606,-0.098154093
2192,2018,8,25,DRTO,Tortugas,24.72239,-82.7893,14.78279953,16,0,2,9,10,41,0,0,19,1434.659091,1.493846086,84.39808397,1.105800942,0,0.004803968,-0.001816501,-0.218580563,-0.003031919,-1.067420106,1.110604911,-1.290849088,-0.180244177,-0.166407402
2193,2016,6,8,DRTO,Tortugas,24.64112,-82.81892,5.94359981,3.03030303,1.01010101,0,4.04040404,9.090909091,22.22222222,21.21212121,0,37.37373737,838.0681818,0.42434574,23.9743356,0.181959,0.010904321,0,0,-0.228851624,-0.015159593,-0.200498308,0.192863321,-0.444509524,-0.251646203,-0.23232812
2193,2018,8,20,DRTO,Tortugas,24.72085,-82.81997,13.25879958,3,0,0,19,2,53,9,0,11,852.2727273,0.966250623,54.59043068,0.1634349,0,0,0,-0.204181164,0,-0.717988335,0.1634349,-0.922169498,-0.758734599,-0.700488943
2194,2018,8,25,DRTO,Tortugas,24.7317,-82.78209,22.25039929,7,0,0,38,4,48,1,0,0,568.1818182,0.279064146,15.76633593,0.398222889,0,0,0,-0.2328,0,-0.135429281,0.398222889,-0.368229281,0.029993608,0.027691094
2196,2018,8,25,DRTO,Tortugas,24.68704,-82.77881,4.876799844,6,0,1,1,0,29,5,0,58,198.8636364,0.01890261,1.067944084,0.300398679,0,0.002419212,0,-0.239502014,-0.003031919,0,0.302817891,-0.242533933,0.060283959,0.05565615
2200,2018,8,25,DRTO,Tortugas,24.70144,-82.77231,19.35479939,5,1,0,8,12,38,7,0,26,937.5,0.701346681,39.62410629,0.29315226,0.010749388,0,0,-0.228,-0.003031919,-0.249795049,0.303901648,-0.480826967,-0.176925319,-0.163343322
2201,2018,8,20,DRTO,Tortugas,24.71911,-82.83219,9.448799699,1,0,4,8,2,53,10,0,18,1193.181818,1.212325379,68.49295925,0.052716902,0,0.009609278,0,-0.221013404,-0.003031919,-0.942299713,0.06232618,-1.166345036,-1.104018856,-1.01926682
2205,2016,5,16,DRTO,Tortugas,24.62035,-82.92306,7.162799771,8,2,0,8,2,5,20,0,55,2337.755682,1.224136199,69.16023724,0.748298712,0.02198032,0,0,-0.245375679,0,-0.879284414,0.770279032,-1.124660093,-0.354381061,-0.327176348
2205,2018,8,25,DRTO,Tortugas,24.72535,-82.80071,16.15439948,3,0,9,12,5,58,1,0,5,1250,2.034833044,114.9623189,0.184064265,0,0.021726732,-0.00060855,-0.222095485,0,-1.699927096,0.205790997,-1.92263113,-1.716840133,-1.585043746
2206,2016,5,19,DRTO,Tortugas,24.62184,-82.90118,4.724399849,1,0,0,7,1,14,27,0,50,2329.545455,1.288974226,72.82340259,0.059268759,0,0,0,-0.228248254,-0.02122343,-0.549057453,0.059268759,-0.798529137,-0.739260378,-0.682509697
2206,2018,7,20,DRTO,Tortugas,24.59505,-82.91354,9.296399703,2,5,0,1,4,46,22,0,16,2244.318182,1.694378885,95.72762064,0.118912471,0.057773972,0,0,-0.257982189,0,-0.631874708,0.176686443,-0.889856897,-0.713170454,-0.658422614
2207,2016,5,17,DRTO,Tortugas,24.63338,-82.93345,7.619999756,1,0,4,15,2,64,2,0,12,1697.443182,1.18232463,66.79800167,0.058750757,0,0.009731329,0,-0.216522061,0,-0.381302395,0.068482085,-0.597824456,-0.529342371,-0.488706431
2209,2016,6,8,DRTO,Tortugas,24.6875,-82.88503,6.857999781,2,1,1,12,4,45,7,0,21,1633.522727,1.204878719,68.07224402,0.119949278,0.010765022,0.002403491,0,-0.213910665,0,-0.164927247,0.133117791,-0.378837912,-0.245720121,-0.226856964
2210,2016,5,19,DRTO,Tortugas,24.55088,-82.9284,16.45919947,3,3,3,4,10,49,2,0,24,781.25,0.271863471,15.35951816,0.178168889,0.032248164,0.0072,0,-0.2376,0,-0.005565693,0.217617053,-0.243165693,-0.025548639,-0.023587351
2211,2016,5,19,DRTO,Tortugas,24.56519,-82.94097,16.91639946,6,0,0,16,2,40,9,0,27,1406.25,0.655753211,37.048204,0.61884612,0,0,0,-0.206131498,0,-0.0798863,0.61884612,-0.286017798,0.332828323,0.307278145
2212,2016,5,15,DRTO,Tortugas,24.57709,-82.90421,11.58239963,0,0,1,24,4,48,17,0,6,1157.670455,0.65759524,37.15227347,0,0,0.002400857,0,-0.187266849,0,-0.460629778,0.002400857,-0.647896627,-0.64549577,-0.595943101
2212,2018,8,25,DRTO,Tortugas,24.70959,-82.78907,16.76399946,3,1,4,16,7,64,0,0,3,880.6818182,0.514072519,29.04364515,0.168191832,0.010761976,0.009611242,0,-0.235475433,0,-0.215128038,0.18856505,-0.45060347,-0.26203842,-0.241922559
2220,2016,5,17,DRTO,Tortugas,24.64482,-82.94013,12.80159959,6,0,1,13,2,46,5,0,27,980.1136364,0.771401948,43.58203094,0.418888644,0,0.002405405,0,-0.218891831,0,-0.33972667,0.421294049,-0.558618501,-0.137324452,-0.126782488
2222,2016,6,5,DRTO,Tortugas,24.69668786,-82.92490502,17.06879945,14,0,6,21,3,38,13,0,0,269.8863636,0.546142472,30.85550691,1.45207168,0,0.014405106,0,-0.192068083,0,-0.423094018,1.466476786,-0.615162101,0.851314685,0.785961949
2226,2016,5,18,DRTO,Tortugas,24.71857,-82.85067,12.19199961,7,1,1,19,7,43,3,0,14,731.5340909,1.748483185,98.78436076,0.409667236,0.010780595,0.002406968,0,-0.204592239,0,-1.212498395,0.422854798,-1.417090634,-0.994235836,-0.917911495
2226,2018,7,20,DRTO,Tortugas,24.58221,-82.97905,18.74519941,4,0,0,38,14,16,6,0,20,411.9318182,0.038897154,2.197579325,0.24161068,0,0,0,-0.144049073,-0.003031919,0,0.24161068,-0.147080992,0.094529688,0.087272943
2227,2018,7,12,DRTO,Tortugas,24.71707,-82.79037,11.27759964,0,2,2,1,7,38,8,0,36,838.0681818,2.021522052,114.2102854,0,0.021805115,0.004868396,0,-0.240985599,0,-0.699159781,0.026673511,-0.940145379,-0.913471868,-0.843347522
2229,2016,6,9,DRTO,Tortugas,24.57847,-82.97454,17.06879945,15,1,2,6,10,50,3,0,7,1214.488636,0.807229492,45.606186,0.990602136,0.011569382,0.005166158,0,-0.242809417,0,-0.166856103,1.007337676,-0.40966552,0.597672156,0.551790755
2231,2018,7,20,DRTO,Tortugas,24.59838,-82.95029,16.45919947,18,1,0,21,6,6,7,0,25,610.7954545,0.160560277,9.071202098,1.1425491,0.010751722,0,0,-0.240052106,-0.003031919,-0.001726554,1.153300822,-0.244810578,0.908490243,0.83874832
2236,2016,5,16,DRTO,Tortugas,24.65709,-82.86862,7.315199766,13,1,1,13,9,10,14,0,27,738.6363636,0.664434551,37.53867521,0.978734905,0.011307733,0.002524661,0,-0.214596167,-0.018191512,-0.411164313,0.992567298,-0.643951992,0.348615306,0.321853211
2237,2016,5,19,DRTO,Tortugas,24.546,-82.95488,19.20239939,1,1,0,17,10,43,5,0,20,928.0681818,0.635326137,35.89413206,0.023160599,0.010749388,0,-0.000605,-0.2064,0,-0.462765199,0.033909987,-0.669770199,-0.635860212,-0.587047234
2238,2016,5,19,DRTO,Tortugas,24.54199,-82.94307,21.48839932,7,0,0,0,11,44,6,0,32,1029.857955,1.191036199,67.29018073,0.570636845,0,0,0,-0.24,0,-0.978325781,0.570636845,-1.218325781,-0.647688936,-0.597967905
2238,2018,8,27,DRTO,Tortugas,24.63762,-82.8067,4.267199863,1,1,2,31,3,47,6,0,3,1136.363636,2.063128897,116.5609546,0.067673934,0.010769907,0.004809163,0,-0.185152758,-0.030319186,-0.118288515,0.083253004,-0.333760458,-0.250507455,-0.23127679
2246,2018,8,27,DRTO,Tortugas,24.63071,-82.81331,8.077199742,1,4,3,12,4,63,10,0,2,582.3863636,0.083543305,4.719960736,0.047811472,0.043022182,0.007204124,0,-0.218525106,-0.02122343,-0.001512411,0.098037779,-0.241260946,-0.143223168,-0.132228378
2249,2016,5,18,DRTO,Tortugas,24.68833,-82.84195,8.839199717,3,0,0,11,1,24,0,0,59,935.1704545,0.624029953,35.25592953,0.193847504,0,0,0,-0.224329075,0,-0.237865092,0.193847504,-0.462194168,-0.268346663,-0.247746538
2250,2016,5,16,DRTO,Tortugas,24.60877,-82.93293,10.97279965,24,2,0,0,4,17,9,0,44,1086.647727,0.509884587,28.80703883,1.896329469,0.024563698,0,0,-0.274215034,-0.018191512,-0.231124342,1.920893167,-0.523530888,1.397362279,1.290091196
2250,2018,8,26,DRTO,Tortugas,24.58439,-82.96993,12.95399959,1,1,0,12,2,54,10,0,17,994.3181818,0.338006405,19.09640707,0.064759806,0.010775584,0,0,-0.211803023,0,-0.004231412,0.07553539,-0.216034435,-0.140499044,-0.129713377
2251,2018,7,20,DRTO,Tortugas,24.58765,-82.96849,16.30679948,7,3,0,8,10,46,7,0,15,2144.886364,0.550610287,31.10792581,0.418764949,0.032352669,0,-0.000606961,-0.223923314,-0.006063837,-0.117765563,0.451117618,-0.348359675,0.102757943,0.094869541
2253,2016,5,17,DRTO,Tortugas,24.63216,-82.94773,19.04999939,17,0,0,31,14,10,0,0,28,1150.568182,0.370319161,20.92198651,1.048031507,0,0,0,-0.165615336,-0.003031919,-0.005807667,1.048031507,-0.174454922,0.873576585,0.806514873
2254,2016,5,16,DRTO,Tortugas,24.64221,-82.85604,10.36319967,18,4,0,10,30,9,7,0,20,1486.306818,0.774506952,43.7574549,1.173792337,0.045782157,0,0,-0.227433152,0,-0.234264885,1.219574494,-0.461698037,0.757876458,0.699696679
2254,2018,8,26,DRTO,Tortugas,24.568373,-82.947721,18.7451994,4,0,2,0,14,64,3,0,9,1292.613636,0.55637485,31.43360735,0.207020243,0,0.004820234,-0.004252853,-0.241011717,0,-0.093525522,0.211840478,-0.338790092,-0.126949614,-0.117204094
2255,2016,6,5,DRTO,Tortugas,24.66092882,-82.93717822,20.72639934,17,3,1,0,16,32,18,0,1,696.0227273,0.481459797,27.20111846,0.78098915,0.032296954,0.002403631,-0.003635492,-0.24036311,-0.006063837,-0.175248017,0.815689736,-0.425310456,0.39037928,0.360411097
2255,2018,8,24,DRTO,Tortugas,24.66476,-82.81311,7.467599761,5,0,0,14,0,69,11,0,1,1122.159091,0.116973078,6.608648501,0.355373816,0,0,0,-0.329709503,0,-0.001899947,0.355373816,-0.33160945,0.023764365,0.02194005
2256,2018,8,26,DRTO,Tortugas,24.58288,-82.93204,13.86839956,6,2,4,8,11,57,7,0,0,539.7727273,0.741995258,41.92063603,0.359679893,0.021732127,0.0097042,0,-0.237752893,0,-0.368825003,0.39111622,-0.606577896,-0.215461676,-0.198921365
2257,2016,5,16,DRTO,Tortugas,24.66716,-82.87287,6.2483998,6,1,1,11,7,32,25,0,16,1633.522727,2.22759551,125.8528537,0.711502196,0.010775112,0.002405743,0,-0.240574346,-0.015159593,-0.338857617,0.724683052,-0.594591556,0.130091497,0.120104784
2259,2018,8,26,DRTO,Tortugas,24.58351,-82.96638,12.4967996,4,3,0,3,6,59,22,0,1,1534.090909,1.991662192,112.5232877,0.213222279,0.032280706,0,0,-0.233034919,0,-0.069710503,0.245502985,-0.302745422,-0.057242437,-0.052848116
2260,2016,5,17,DRTO,Tortugas,24.61995,-82.96973,18.59279941,8,7,0,10,12,14,9,0,39,994.8863636,2.770902909,156.548187,0.405329086,0.077832175,0,0,-0.220942181,-0.003031919,-2.538444655,0.483161261,-2.762418754,-2.279257493,-2.104286103
2260,2018,8,27,DRTO,Tortugas,24.6201,-82.86237,14.78279953,35,0,3,0,5,33,12,0,1,1818.181818,0.496715012,28.06299503,2.419033308,0,0.007882093,0,-0.26273645,0,-0.048994934,2.426915402,-0.311731384,2.115184018,1.95280803
2261,2016,5,17,DRTO,Tortugas,24.62957,-82.96538,19.04999939,21,0,0,0,20,0,2,0,57,1335.170455,1.261320454,71.26104259,1.391483175,0,0,0,-0.247169364,-0.006063837,-0.943923724,1.391483175,-1.197156925,0.19432625,0.179408438
2262,2016,5,17,DRTO,Tortugas,24.64763,-82.95693,20.11679936,0,0,4,81,3,3,2,0,7,1120.568182,0.159274035,8.998533073,0,0,0.0096,0,-0.0528,0,-0.006087458,0.0096,-0.058887458,-0.049287458,-0.045503816
2262,2018,8,27,DRTO,Tortugas,24.64747,-82.83515,8.991599712,2,0,3,24,2,48,8,0,7,724.4318182,0.220080603,12.43393236,0.188799589,0,0.007205931,0,-0.208971996,-0.006063837,-0.008301113,0.19600552,-0.223336946,-0.027331426,-0.025233279
2264,2018,8,27,DRTO,Tortugas,24.61679,-82.86564,20.42159935,9,0,0,70,5,1,3,0,9,369.3181818,0.10315021,5.827695459,0.556868669,0,0,0,-0.072661056,-0.012127674,-0.002198691,0.556868669,-0.086987421,0.469881247,0.43380995
2266,2016,6,4,DRTO,Tortugas,24.61279205,-83.03517767,27.27959913,9,0,2,30,10,28,5,0,6,1008.522727,0.661490681,37.37235487,0.902695798,0,0.004866324,0,-0.167888187,-0.003031919,-0.29987975,0.907562122,-0.470799856,0.436762266,0.403233408
2267,2018,7,15,DRTO,Tortugas,24.71567,-82.84341,10.05839968,1,0,0,11,7,57,6,0,16,1178.977273,0.768386122,43.41164531,0.047808734,0,0,0,-0.223315064,0,-0.403900564,0.047808734,-0.627215628,-0.579406894,-0.534927659
2268,2016,6,3,DRTO,Tortugas,24.62397795,-83.09949344,23.46959925,0,0,6,24,5,53,2,0,0,589.4886364,1.573405349,88.89295756,0,0,0.014423255,-0.000605977,-0.182694562,0,-1.275581423,0.014423255,-1.458881963,-1.444458708,-1.333572181
2270,2016,6,3,DRTO,Tortugas,24.64895711,-83.102595,23.77439924,3,0,7,7,9,58,7,0,1,1075.170455,0.403036798,22.77044055,0.218663191,0,0.016901184,0,-0.226958755,0,-0.077954594,0.235564375,-0.304913349,-0.069348974,-0.064025273
2271,2018,8,25,DRTO,Tortugas,24.68799,-82.77191,10.51559966,8,2,0,4,8,21,25,0,15,1420.454545,0.970844828,54.84999029,0.55163223,0.021498776,0,0,-0.24,-0.003031919,-0.349172091,0.573131006,-0.59220401,-0.019073004,-0.01760883
2275,2018,7,18,DRTO,Tortugas,24.6617,-82.93086,17.06879945,27,2,0,1,3,57,5,0,4,1761.363636,0.742007715,41.92133984,1.880356427,0.022263862,0,0,-0.248540979,0,-0.325965478,1.902620289,-0.574506457,1.328113831,1.226158732
2278,2016,5,14,DRTO,Tortugas,24.68256,-83.01213,19.35479939,2,0,4,22,4,54,5,0,6,589.4886364,0.092330042,5.216386572,0.195695676,0,0.009744879,0,-0.221696,0,-0.003651715,0.205440555,-0.225347715,-0.01990716,-0.01837895
2278,2018,8,20,DRTO,Tortugas,24.70406,-82.86106,6.705599786,3,0,0,6,14,43,12,0,17,1107.954545,0.353922405,19.99561608,0.155920185,0,0,0,-0.232175468,-0.003031919,-0.138739515,0.155920185,-0.373946901,-0.218026716,-0.201289495
2279,2018,7,16,DRTO,Tortugas,24.71964,-82.87695,16.61159947,12,2,2,7,7,41,4,0,18,1079.545455,0.38567057,21.78929775,0.913828018,0.021879107,0.004884916,0,-0.229591054,0,-0.165285449,0.940592042,-0.394876503,0.545715539,0.503822683
2281,2018,8,28,DRTO,Tortugas,24.66235,-82.93566,22.55519928,25,0,0,23,2,2,8,0,37,767.0454545,0.710274644,40.12851095,1.944439917,0,0,0,-0.187459013,0,-0.200325289,1.944439917,-0.387784302,1.556655615,1.437156086
2282,2018,8,21,DRTO,Tortugas,24.64811,-82.85707,5.94359981,2,3,0,9,1,16,6,0,61,1079.545455,0.735049341,41.52821138,0.107242185,0.034155112,0,0,-0.218605165,-0.015159593,-0.213360989,0.141397297,-0.447125747,-0.30572845,-0.282258644
2284,2018,7,16,DRTO,Tortugas,24.70534,-82.86513,9.448799698,9,0,1,8,10,22,23,0,19,1207.386364,0.78052236,44.09730849,0.569871069,0,0.002513897,0,-0.233792396,0,-0.205495058,0.572384966,-0.439287454,0.133097512,0.122880037
2287,2018,7,18,DRTO,Tortugas,24.6762,-82.91499,11.58239963,7,0,0,0,3,36,13,0,22,1775.568182,0.68481919,38.69034971,0.525989578,0,0,0,-0.253504611,0,-0.10579848,0.525989578,-0.359303091,0.166686487,0.153890493
2288,2016,6,3,DRTO,Tortugas,24.65600688,-83.08527463,15.23999951,0,4,6,6,6,60,11,0,0,724.4318182,2.541062546,143.5628557,0,0.043028775,0.014410457,-0.000605439,-0.230567307,0,-0.633771918,0.057439232,-0.864944665,-0.807505433,-0.745515795
2288,2018,8,24,DRTO,Tortugas,24.67393,-82.88635,5.333999829,6,1,2,8,0,28,22,0,25,2187.5,2.131926366,120.4478173,0.554171366,0.010968545,0.004897862,0,-0.242444154,-0.015159593,-1.307359549,0.570037772,-1.564963296,-0.994925524,-0.918548238
2290,2018,8,28,DRTO,Tortugas,24.70131,-82.9042,14.02079955,1,0,3,33,7,48,0,0,8,610.7954545,1.286290608,72.67178575,0.058024399,0,0.007208262,0,-0.19222033,-0.003031919,-0.82794771,0.065232661,-1.023199958,-0.957967297,-0.884427177
2291,2018,8,20,DRTO,Tortugas,24.71199,-82.85766,9.143999708,4,0,2,20,12,18,21,0,21,965.9090909,0.646437993,36.5219205,0.247811509,0,0.004819277,-0.00060743,-0.187951809,-0.003031919,-0.144609186,0.252630786,-0.336200344,-0.083569558,-0.077154187
2292,2018,7,18,DRTO,Tortugas,24.63454,-82.93813,8.991599712,4,1,0,9,3,67,4,0,11,1505.681818,1.460566046,82.5178557,0.238150653,0.010904204,0,0,-0.233718295,0,-1.00046404,0.249054857,-1.234182335,-0.985127478,-0.909502357
2295,2016,5,14,DRTO,Tortugas,24.67969,-83.02558,17.22119945,15,4,1,0,9,48,8,0,8,987.2159091,0.377159739,21.30845983,0.811803182,0.043016631,0.002401065,0,-0.240106496,0,-0.00824222,0.857220878,-0.248348717,0.608872162,0.562130972
2295,2018,8,28,DRTO,Tortugas,24.71583,-82.88182,14.47799954,10,0,0,11,1,68,5,0,3,1732.954545,2.056849241,116.2061718,0.684867984,0,0,0,-0.216092749,-0.003031919,-0.414163169,0.684867984,-0.633287837,0.051580146,0.047620501
2297,2018,8,28,DRTO,Tortugas,24.70942,-82.87023,14.47799954,18,2,2,9,0,34,14,0,16,1349.431818,0.747178186,42.21345686,0.962538798,0.021498776,0.0048,0,-0.2232,-0.003031919,-0.270538854,0.988837574,-0.496770773,0.492066802,0.45429239
2298,2018,7,15,DRTO,Tortugas,24.71159,-82.86465,11.12519965,11,2,2,11,10,40,8,0,13,1875,0.978952697,55.30806196,0.685826381,0.02162795,0.00482884,0,-0.214883398,-0.003031919,-0.06598047,0.712283171,-0.283895787,0.428387384,0.395501439
2301,2018,7,18,DRTO,Tortugas,24.65616303,-82.95004603,25.90799917,11,1,0,9,10,15,2,0,52,1150.568182,0.218611877,12.35095353,0.636680086,0.010774184,0,0,-0.221309333,0,-0.009437144,0.64745427,-0.230746476,0.416707794,0.384718455
2305,2016,5,13,DRTO,Tortugas,24.70013,-83.00943,27.73679911,1.204819277,0,0,81.92771084,1.204819277,1.204819277,1.204819277,0,13.25301205,142.0454545,0.020593403,1.163469107,0.069438589,0,0,0,-0.043406377,0,-0.000949974,0.069438589,-0.04435635,0.025082239,0.023156755
2307,2018,8,21,DRTO,Tortugas,24.64905,-82.92287,8.229599737,3,0,2,8,2,67,1,0,17,1846.590909,2.395866652,135.3596978,0.164907468,0,0.004852801,-0.000611655,-0.223228831,-0.003031919,-0.218485586,0.169760269,-0.445357991,-0.275597722,-0.254440956
2308,2018,7,15,DRTO,Tortugas,24.67929,-82.89694,5.486399825,3,3,0,20,8,34,11,0,20,2215.909091,1.74214942,98.42652091,0.208523486,0.033185282,0,0,-0.20004918,0,-0.672485035,0.241708767,-0.872534215,-0.630825448,-0.582398973
2309,2016,6,2,DRTO,Tortugas,24.6767857,-83.08162767,20.11679936,4,0,19,12,8,41,6,0,0,1228.721591,1.263471022,71.38254362,0.211349254,0,0.04619711,0,-0.213965563,0,-1.00209932,0.257546364,-1.216064883,-0.958518519,-0.884936084
2310,2018,7,18,DRTO,Tortugas,24.65586,-82.92618,14.47799954,8,0,0,23,3,44,10,0,8,1846.590909,0.460154285,25.99741724,0.518231616,0,0,0,-0.1896,0,-0.187526745,0.518231616,-0.377126745,0.141104872,0.130272697
2311,2016,6,2,DRTO,Tortugas,24.70403,-83.04774,21.33599932,15,3,29,2,1,36,5,0,1,1079.545455,0.880542129,49.7481429,1.416244424,0.032440981,0.07001615,0,-0.241434999,0,-0.543510857,1.518701555,-0.784945856,0.733755699,0.677427595
2312,2018,8,20,DRTO,Tortugas,24.72466,-82.82048,21.33599932,2,0,0,35,6,40,3,0,14,1250,1.220086412,68.93143568,0.105332,0,0,0,-0.1344,0,-0.521943766,0.105332,-0.656343766,-0.551011766,-0.508712335
2315,2018,8,28,DRTO,Tortugas,24.64001,-82.9602,22.25039929,11,0,1,18,11,39,1,0,17,1235.795455,1.405699076,79.41802688,0.751614969,0,0.002404065,0,-0.199537426,-0.006063837,-0.422436623,0.754019035,-0.628037887,0.125981148,0.116309974
2316,2018,8,28,DRTO,Tortugas,24.63982,-82.96483,23.92679924,16,0,1,18,2,27,2,0,30,767.0454545,0.565960368,31.97516201,0.908513034,0,0.002402555,0,-0.213827368,0,-0.015517135,0.910915588,-0.229344503,0.681571086,0.629249029
2319,2018,7,16,DRTO,Tortugas,24.68343,-82.92562,16.15439948,15,2,1,7,5,60,6,0,4,1803.977273,1.100634349,62.1827316,0.868763817,0.021517638,0.002402106,-0.000605531,-0.225797936,0,-0.643994014,0.892683561,-0.870397481,0.022286081,0.020575249
2320,2018,8,21,DRTO,Tortugas,24.60634,-82.96397,13.10639958,4,1,1,1,6,75,2,0,9,1704.545455,1.265544605,71.49969522,0.205388124,0.011089809,0.002476005,0,-0.247600538,-0.009095756,-0.526226958,0.218953939,-0.782923252,-0.563969313,-0.520675172
2324,2018,8,21,DRTO,Tortugas,24.60725,-82.95513,12.4967996,0,0,7,11,4,73,0,0,2,1178.977273,0.429469411,24.26380856,0,0,0.017203225,0,-0.228557134,0,-0.227890568,0.017203225,-0.456447702,-0.439244477,-0.405525068
2325,2016,6,3,DRTO,Tortugas,24.66665014,-83.06764757,18.28799942,0,1,8,32,10,41,1,0,2,312.5,0.088086264,4.976625094,0,0.010781164,0.019256757,-0.001820365,-0.168496619,0,-0.00060168,0.03003792,-0.170918665,-0.140880745,-0.130065776
2328,2016,5,13,DRTO,Tortugas,24.6984,-82.99718,22.85999927,0,0,0,40,4,14,2,0,40,426.1363636,0.180438753,10.1942798,0,0,0,0,-0.144392079,0,-0.004324595,0,-0.148716674,-0.148716674,-0.137300165
2328,2018,8,24,DRTO,Tortugas,24.668606,-82.875175,5.791199815,5,4,10,7,2,45,14,0,3,2926.136364,1.544107538,87.23771399,0.30147998,0.04370087,0.024392572,0,-0.243925718,-0.024255349,-1.139199638,0.369573421,-1.407380704,-1.037807283,-0.9581381
2329,2016,5,13,DRTO,Tortugas,24.71494,-82.98818,16.61159947,2,1,2,10,4,71,4,0,6,880.6818182,0.552317731,31.20439157,0.137095174,0.010908944,0.004871248,0,-0.233819884,0,-0.333315871,0.152875366,-0.567135755,-0.41426039,-0.38245893
2331,2018,8,24,DRTO,Tortugas,24.67445,-82.87765,8.534399727,0,1,3,8,8,56,8,0,12,2883.522727,0.750729694,42.41410701,0,0.010749639,0.007200168,0,-0.240005604,-0.003031919,-0.248360945,0.017949807,-0.491398467,-0.47344866,-0.437103504
2332,2018,8,21,DRTO,Tortugas,24.60759,-82.93583,14.32559954,16,1,8,6,10,37,7,0,8,1250,0.653458666,36.91856869,0.955729996,0.011579585,0.020682856,-0.000651725,-0.255950337,-0.024255349,-0.146401366,0.987992437,-0.427258777,0.56073366,0.51768791
2333,2016,5,14,DRTO,Tortugas,24.66155,-83.0244,18.13559942,4,1,1,45,4,34,3,0,8,801.875,0.478169965,27.01525224,0.271665244,0.010759735,0.00240231,0,-0.240231026,0,-0.234386731,0.28482729,-0.474617757,-0.189790467,-0.175220853
2334,2016,6,4,DRTO,Tortugas,24.65450342,-83.03464081,16.45919947,14,1,3,5,15,41,16,0,0,1797.357955,1.553823296,87.7866269,0.898750427,0.011404387,0.007638722,-0.000641865,-0.236800373,0,-0.929316605,0.917793535,-1.166758843,-0.248965308,-0.229853029
2337,2018,8,27,DRTO,Tortugas,24.59526,-82.88601,5.63879982,4,2,4,28,5,44,6,0,5,1093.75,0.77589836,43.83606552,0.414920043,0.021522335,0.00961052,0,-0.18980777,-0.030319186,-0.267256841,0.446052898,-0.487383797,-0.041330899,-0.038158057
2339,2016,6,2,DRTO,Tortugas,24.69092,-83.05819,22.0979993,34,1,15,5,7,28,6,0,0,838.0681818,1.224968515,69.20726076,3.329890918,0.010813013,0.036213082,-0.000608581,-0.229349521,0,-0.346519537,3.376917013,-0.576477639,2.800439374,2.5854585
2341,2018,8,27,DRTO,Tortugas,24.59551,-82.88401,7.010399776,3,1,1,15,12,44,16,0,4,1107.954545,0.569955404,32.2008703,0.254007735,0.010762989,0.002403037,0,-0.21867634,-0.003031919,-0.154501868,0.267173761,-0.376210126,-0.109036365,-0.100665988
2342,2018,8,21,DRTO,Tortugas,24.64871,-82.92396,9.143999708,5,0,2,6,2,72,6,0,1,1789.772727,0.609812569,34.45268753,0.216252841,0,0.004813411,0,-0.226230314,0,-0.097956464,0.221066252,-0.324186778,-0.103120525,-0.095204288
2349,2018,7,16,DRTO,Tortugas,24.63609,-82.95874,16.15439948,22,0,0,0,8,50,8,0,8,1420.454545,0.698494819,39.46298414,1.316129039,0,0,0,-0.246239293,0,-0.113389987,1.316129039,-0.359629279,0.956499759,0.883072297
2350,2018,8,21,DRTO,Tortugas,24.60692,-82.93263,13.56359957,10,0,0,28,1,44,2,0,14,1562.5,0.672856157,38.01447213,1.052280934,0,0,0,-0.173270693,0,-0.235412188,1.052280934,-0.408682881,0.643598053,0.594191066
2356,2018,7,20,DRTO,Tortugas,24.61198,-82.93323,12.95399959,36,5,0,2,8,2,15,0,31,1107.954545,0.8612257,48.65681922,2.112735885,0.056296052,0,0,-0.246355076,0,-0.688266963,2.169031937,-0.934622039,1.234409898,1.139648154
2358,2016,5,13,DRTO,Tortugas,24.6933,-82.98184,28.49879909,1,0,0,62,2,5,1,0,29,397.7272727,0.341076962,19.26988487,0.064669765,0,0,0,-0.0936,0,-0.168862238,0.064669765,-0.262462238,-0.197792472,-0.182608569
2360,2018,8,21,DRTO,Tortugas,24.65789,-82.92172,10.82039966,3,0,2,15,2,64,2,0,6,2897.727273,2.390964755,135.0827545,0.144361714,0,0.004833799,0,-0.205436464,-0.003031919,-1.361640531,0.149195513,-1.570108913,-1.4209134,-1.311834372
2362,2016,5,13,DRTO,Tortugas,24.70549,-83.01248,29.10839907,3,0,0,53,6,12,4,0,21,838.0681818,0.218386169,12.33820165,0.176722951,0,0,-0.000612466,-0.2376,0,-0.00718204,0.176722951,-0.245394506,-0.068671555,-0.063399857
2365,2016,6,4,DRTO,Tortugas,24.64244203,-83.02132825,19.35479939,12,3,0,0,13,53,11,0,0,1008.522727,1.419724863,80.21044426,1.001932218,0.038068593,0,-0.001428391,-0.24,0,-0.375435529,1.040000811,-0.61686392,0.423136891,0.39065401
2368,2016,6,4,DRTO,Tortugas,24.64973797,-83.01889842,24.68879921,23,2,0,4,11,30,18,0,0,1728.181818,0.647837689,36.60099939,2.359330718,0.023616002,0,-0.001329162,-0.2376,0,-0.343583284,2.38294672,-0.582512446,1.800434274,1.662220629
2370,2016,5,14,DRTO,Tortugas,24.66657,-83.02176,17.06879945,27,9,0,0,9,37,4,0,9,1250,0.439990327,24.85821058,1.548733207,0.114619313,0,0,-0.24,0,-0.157781974,1.66335252,-0.397781974,1.265570547,1.168416699
2372,2016,5,14,DRTO,Tortugas,24.68183,-82.99274,24.9935992,14,0,5,3,13,29,4,0,32,923.2954545,0.356960096,20.16723709,0.877465491,0,0.012164635,0,-0.2376,0,-0.016527253,0.889630126,-0.254127253,0.635502873,0.586717327
2373,2016,5,14,DRTO,Tortugas,24.6789,-82.99505,24.07919923,3,1,4,13,12,26,6,0,27,1252.982955,1.007731919,56.93400675,0.157286119,0.010768999,0.009617514,0,-0.2136,0,-0.690616364,0.177672632,-0.904216364,-0.726543732,-0.670769267
2375,2016,5,13,DRTO,Tortugas,24.69744,-82.99547,23.62199925,8,1,2,13,3,33,5,0,32,823.8636364,0.829536203,46.86645216,0.262770781,0.010796324,0.004820958,0,-0.2088,0,-0.669394369,0.278388063,-0.878194369,-0.599806306,-0.553761073
2548,2016,6,9,DRTO,Tortugas,24.71864,-82.88831,20.42159935,5,1,1,6,6,55,2,0,21,553.9772727,0.196018306,11.07448055,0.303658371,0.010749388,0.0024,0,-0.2232,0,-0.007707529,0.316807759,-0.230907529,0.08590023,0.079305941
2549,2016,5,18,DRTO,Tortugas,24.72291,-82.8532,25.29839919,1,0,0,16,1,3,1,0,78,326.7045455,0.150292223,8.491086027,0.070814473,0,0,0,-0.216012762,0,-0.005812149,0.070814473,-0.221824911,-0.151010438,-0.139417844
2550,2016,5,19,DRTO,Tortugas,24.57066,-82.92463,12.34439961,5,2,0,0,3,55,13,0,22,2898.494318,1.097620116,62.01243592,0.308988358,0.021851109,0,0,-0.243933239,-0.009095756,-0.23785635,0.330839467,-0.490885344,-0.160045878,-0.147759662
2551,2016,5,15,DRTO,Tortugas,24.58288,-82.88835,12.6491996,8,0,0,5,3,51,19,0,14,1760.596591,0.425674154,24.04938723,0.701291203,0,0,0,-0.243074349,0,-0.082271803,0.701291203,-0.325346152,0.375945052,0.347084939
2552,2016,6,9,DRTO,Tortugas,24.60271,-82.97823,14.78279953,3,1,9,16,8,36,10,0,15,1065.340909,0.312142905,17.63519238,0.137032228,0.010983188,0.022069802,-0.000618159,-0.2136,-0.015159593,-0.162836181,0.170085218,-0.392213933,-0.222128715,-0.205076596
2556,2016,5,12,DRTO,Tortugas,24.72403,-82.80654,14.32559954,3,0,0,8,10,78,1,0,0,660.5113636,0.2904032,16.40696044,0.267767996,0,0,0,-0.233065303,0,-0.090796761,0.267767996,-0.323862064,-0.056094068,-0.051787904
2561,2018,8,23,DRTO,Tortugas,24.72012,-82.98758,19.20239939,13,1,1,7,1,46,4,0,26,1875,1.249862581,70.61370515,0.985662953,0.010808297,0.002413153,0,-0.2256,0,-0.7749878,0.998884403,-1.0005878,-0.001703397,-0.001572633
2565,2018,8,22,DRTO,Tortugas,24.68981,-83.06761,26.21279916,5,0,9,0,3,59,12,0,6,866.4772727,0.271770567,15.35426934,0.713420169,0,0.021690035,-0.001215044,-0.24,0,-0.106976701,0.735110203,-0.348191744,0.386918459,0.357215953
2570,2016,5,19,DRTO,Tortugas,24.61438,-82.90212,6.095999805,5,0,0,10,6,40,3,0,34,2095.170455,1.968986255,111.2421613,0.302843403,0,0,0,-0.222095109,-0.009095756,-1.324426312,0.302843403,-1.555617177,-1.252773774,-1.156602293
2574,2018,7,14,DRTO,Tortugas,24.70117,-83.03439,23.46959925,32,0,10,23,4,23,6,0,2,1321.022727,0.901167532,50.9134199,1.879066228,0,0.02412773,0,-0.24,0,-0.319997336,1.903193958,-0.559997336,1.343196622,1.240083665
2576,2016,5,15,DRTO,Tortugas,24.59865,-82.87169,14.32559954,4,0,0,26,12,25,8,0,9,1022.727273,0.34304911,19.38130564,0.248369718,0,0,0,-0.188534537,0,-0.093818274,0.248369718,-0.282352811,-0.033983093,-0.031374318
2581,2016,5,15,DRTO,Tortugas,24.61007,-82.87096,12.4967996,16,0,0,10,6,46,12,0,10,1747.159091,0.947180247,53.51300828,0.790012628,0,0,0,-0.235182448,0,-0.202327605,0.790012628,-0.437510053,0.352502575,0.325442067
2597,2016,5,18,DRTO,Tortugas,24.7132,-82.844,8.381999732,3,0,0,21,5,26,11,0,34,1122.159091,0.251054756,14.18388452,2.183815001,0,0,0,-0.189848395,0,-0.074048448,2.183815001,-0.263896843,1.919918158,1.772532113
2598,2016,5,19,DRTO,Tortugas,24.60734,-82.90277,7.619999756,2,0,0,0,1,58,4,0,35,3296.022727,1.475695336,83.37261785,0.117020827,0,0,0,-0.24,0,-0.410213277,0.117020827,-0.650213277,-0.53319245,-0.492260952
2606,2018,8,23,DRTO,Tortugas,24.6954,-82.98131,26.82239914,5,0,0,8,10,64,5,0,2,511.3636364,0.294222619,16.62274684,0.325645592,0,0,0,-0.2112,0,-0.073262808,0.325645592,-0.284462808,0.041182783,0.038021311
2608,2016,5,18,DRTO,Tortugas,24.65349,-82.8324,5.486399825,2,0,1,1,3,24,14,0,55,1640.625,0.843741558,47.6690146,0.082102852,0,0.0024,0,-0.24,0,-0.318446063,0.084502852,-0.558446063,-0.473943211,-0.43756009
2610,2016,5,18,DRTO,Tortugas,24.66101,-82.80141,3.047999903,1,0,4,13,2,14,13,13,39,724.4318182,1.417418503,80.0801414,0.058105336,0,0.009624423,0,-0.204518982,-0.012127674,-0.796891767,0.067729758,-1.013538424,-0.945808665,-0.873201925
2611,2016,5,18,DRTO,Tortugas,24.66871,-82.81084,4.267199863,2,0,0,21,2,68,3,0,3,845.1704545,0.586536166,33.13763652,0.121534637,0,0,0,-0.242642627,0,-0.247314752,0.121534637,-0.48995738,-0.368422743,-0.340140094
2636,2016,6,9,DRTO,Tortugas,24.58943,-82.95677,15.6971995,0,0,6,48,8,16,1,0,17,369.3181818,0.11730841,6.627593811,0,0,0.014403715,-0.001815468,-0.14163653,0,-0.002099897,0.014403715,-0.145551895,-0.13114818,-0.121080349
2639,2018,7,11,DRTO,Tortugas,24.66274,-82.99051,25.90799917,24,0,0,5,3,44,5,0,19,525.5681818,0.228512487,12.91030999,1.70827575,0,0,0,-0.228,0,-0.071042399,1.70827575,-0.299042399,1.409233351,1.301050963
2662,2018,8,25,DRTO,Tortugas,24.706853,-82.77395,17.83079943,15,0,3,15,7,53,1,0,3,1164.772727,0.708807513,40.04562219,0.881170451,0,0.0072,-0.000605,-0.2208,0,-0.156997803,0.888370451,-0.378402803,0.509967649,0.470819045
2663,2018,7,12,DRTO,Tortugas,24.69132,-82.78541,7.162799771,2,0,0,0,7,52,14,0,22,2911.931818,2.44905173,138.3645045,0.099757885,0,0,0,-0.250521538,0,-1.130327105,0.099757885,-1.380848643,-1.281090758,-1.182745472
2665,2016,5,14,DRTO,Tortugas,24.6772,-82.99448,24.68879921,22,0,0,14,6,40,0,0,18,575.2840909,0.680166532,38.42748768,1.380987971,0,0,0,-0.2088,0,-0.401890541,1.380987971,-0.610690541,0.77029743,0.711164132
2666,2018,8,27,DRTO,Tortugas,24.64725,-82.7927,9.601199693,1,0,5,15,4,45,6,0,19,596.5909091,0.514306397,29.05685856,0.067768656,0,0.012039735,0,-0.223939063,0,-0.026783186,0.079808391,-0.25072225,-0.170913859,-0.157793343
2678,2016,5,13,DRTO,Tortugas,24.72227,-82.98708,23.01239927,5,0,7,1,3,63,4,0,6,851.1647727,0.247429947,13.97909308,0.252262892,0,0.016976412,0,-0.2376,0,-0.039547893,0.269239305,-0.277147893,-0.007908588,-0.007301471
2685,2018,7,15,DRTO,Tortugas,24.72252,-82.81532,16.61159947,9,0,5,15,0,55,7,0,9,1562.5,1.140298095,64.42362118,0.51846253,0,0.012021967,0,-0.216395415,0,-0.471461001,0.530484498,-0.687856416,-0.157371918,-0.145290974
2687,2016,5,14,DRTO,Tortugas,24.67824,-83.01801,16.61159947,13,5,1,3,9,50,5,0,14,1363.636364,0.762374212,43.07198939,1.464635176,0.07444532,0.003324259,0,-0.24,0,-0.112609687,1.542404756,-0.352609687,1.189795069,1.098458264
2688,2018,8,25,DRTO,Tortugas,24.73305,-82.78907,17.98319942,9,0,8,12,3,55,3,0,7,923.2954545,1.443627145,81.56085566,0.619475117,0,0.0192,0,-0.228,0,-1.037203107,0.638675117,-1.265203107,-0.626527989,-0.578431417
2691,2016,5,13,DRTO,Tortugas,24.69374,-83.01121,22.25039929,3,0,0,41,5,33,3,0,14,880.6818182,0.549258442,31.03155041,0.204158184,0,0,0,-0.1512,0,-0.233860684,0.204158184,-0.385060684,-0.180902499,-0.167015186
2695,2016,6,2,DRTO,Tortugas,24.70196871,-83.0334847,25.45079919,17,0,2,22,2,44,6,0,2,1008.522727,0.707380991,39.96502774,1.307369639,0,0.00482105,0,-0.1872,0,-0.480635229,1.312190689,-0.667835229,0.64435546,0.594890329
2703,2018,8,25,DRTO,Tortugas,24.71418,-82.77647,21.03119933,8,0,3,23,8,48,5,0,4,568.1818182,0.3614872,20.42300567,0.470420089,0,0.0072,0,-0.2112,0,-0.186422246,0.477620089,-0.397622246,0.079997843,0.073856662
2706,2018,8,26,DRTO,Tortugas,24.56737,-82.94956,19.35479939,6,2,1,9,12,55,4,0,3,1349.431818,0.765866646,43.26930205,0.541999106,0.021563394,0.002407214,0,-0.235906927,0,-0.32615713,0.565969713,-0.562064057,0.003905656,0.003605831
2755,2018,7,12,DRTO,Tortugas,24.72138,-82.79869,14.17319955,9,1,7,18,3,40,1,0,19,1065.340909,0.923029799,52.14857621,0.854383016,0.010752486,0.016804842,-0.000605174,-0.204058795,0,-0.504599327,0.881940344,-0.709263297,0.172677047,0.159421176
2769,2018,7,12,DRTO,Tortugas,24.70512,-82.78852,8.229599737,0,1,3,33,3,38,8,0,14,795.4545455,0.22120038,12.49719659,0,0.010757443,0.007205396,0,-0.201751076,0,-0.005447536,0.017962839,-0.207198612,-0.189235773,-0.174708741
2777,2018,8,28,DRTO,Tortugas,24.66252,-82.92735,17.37359944,36,0,0,21,0,31,0,0,0,1590.909091,0.394151352,22.26843795,2.763475601,0,0,0,-0.20162197,0,-0.021099872,2.763475601,-0.222721843,2.540753759,2.345708128
2791,2018,8,28,DRTO,Tortugas,24.69874,-82.90954,14.17319955,0,0,3,4,6,78,6,0,2,951.7045455,0.407917379,23.04617959,0,0,0.007207686,0,-0.235451083,0,-0.070482449,0.007207686,-0.305933533,-0.298725847,-0.275793608
2802,2018,7,16,DRTO,Tortugas,24.71069,-82.9112,20.57399935,13,0,1,3,4,59,1,0,14,1576.704545,1.575902493,89.03403916,0.818759098,0,0.0024,0,-0.2328,0,-0.862670838,0.821159098,-1.095470838,-0.27431174,-0.253253695
2815,2018,8,21,DRTO,Tortugas,24.6062,-82.94888,14.47799954,23,1,2,1,10,45,9,0,7,1335.227273,0.943757756,53.31964724,1.351432604,0.010758518,0.004804077,0,-0.237801808,-0.012127674,-0.572957227,1.3669952,-0.822886709,0.544108491,0.502339003
2854,2018,8,24,DRTO,Tortugas,24.66364,-82.87767,8.991599713,7,0,0,11,6,23,36,0,9,2798.295455,1.89265241,106.9295147,0.560095484,0,0,0,-0.270319933,-0.006063837,-1.208997147,0.560095484,-1.485380917,-0.925285433,-0.854254197
3001,2016,9,28,SEFCRI,SEFCRI,26.20328333,-80.08675,4.876799844,0,0,0,0,3,17,16,0,61,312.5,0.374077314,21.13431155,0,0,0,0,-0.240006254,0,-0.293687654,0,-0.533693907,-0.533693907,-0.492723914
3001,2018,11,1,SEFCRI,SEFCRI,26.89381,-80.00212,25.29839919,1,0,0,7,14,47,0,0,25,553.9772727,4.014295711,226.7963679,0.02092344,0,0,0,-0.223295603,0,-0.185998906,0.02092344,-0.409294509,-0.388371068,-0.358557049
3002,2018,10,30,SEFCRI,SEFCRI,26.94493,-80.01036,23.16479926,1,0,0,2,7,40,2,0,47,0,0,0,0.057972671,0,0,0,-0.235259986,0,0,0.057972671,-0.235259986,-0.177287315,-0.163677529
3004,2016,9,28,SEFCRI,SEFCRI,26.16218333,-80.09666667,4.419599859,0,0,0,0,5,24,8,0,63,156.25,0.015602259,0.881483548,0,0,0,0,-0.240008666,0,0,0,-0.240008666,-0.240008666,-0.22158396
3006,2018,10,30,SEFCRI,SEFCRI,26.93368,-80.01308,23.31719926,1,1,1,12,5,28,7,0,40,127.8409091,0.204310577,11.54297044,0.052672796,0.010750775,0.00240031,-0.001210156,-0.204026326,0,-0.00208626,0.065823881,-0.207322742,-0.14149886,-0.13063644
3008,2018,11,1,SEFCRI,SEFCRI,26.85591,-80.00946,22.55519928,0,0,1,48,5,21,0,0,21,497.1590909,0.396542772,22.40354643,0,0,0.002400553,0,-0.117627081,0,-0.00285093,0.002400553,-0.120478011,-0.118077458,-0.109013025
3009,2016,6,24,SEFCRI,SEFCRI,26.0847,-80.0998,0.30479999,0,0,0,0,4,40,10,0,44,397.7272727,1.557918329,88.01798471,0,0,0,0,-0.240001915,0,-0.608529388,0,-0.848531304,-0.848531304,-0.783392239
3009,2018,10,30,SEFCRI,SEFCRI,26.84385,-79.99744,31.24199901,0,0,0,54.83870968,0,41.93548387,0,0,0,99.43181818,0.009470247,0.535042218,0,0,0,0,-0.108396357,0,0,0,-0.108396357,-0.108396357,-0.100075111
3016,2016,9,29,SEFCRI,SEFCRI,26.00153333,-80.11191667,4.724399849,1,0,0,0,6,34,5,0,54,298.2954545,0.51788415,29.25899152,0.057973949,0,0,0,-0.240066503,0,-0.007832993,0.057973949,-0.247899496,-0.189925547,-0.175345563
3018,2018,11,1,SEFCRI,SEFCRI,26.90501,-80.01283,24.38399922,2,0,0,6,0,31,0,0,60,142.0454545,0.013615911,0.769260508,0.105399266,0,0,0,-0.182516482,0,0,0.105399266,-0.182516482,-0.077117216,-0.071197171
3021,2016,9,27,SEFCRI,SEFCRI,25.92596667,-80.10536667,9.601199693,0,0,0,0,2,47,4,0,47,596.5909091,0.464189897,26.2254179,0,0,0,0,-0.240022762,0,-0.005698017,0,-0.245720779,-0.245720779,-0.226857572
3024,2018,10,30,SEFCRI,SEFCRI,26.82249,-80.01122,26.06039917,0,0,0,63,3,26,0,1,6,255.6818182,0.022708427,1.28296196,0,0,0,0,-0.086403862,0,0,0,-0.086403862,-0.086403862,-0.079770911
3025,2018,11,1,SEFCRI,SEFCRI,26.9116,-80.00083,29.26079906,0,0,0,46,1,48,1,0,3,170.4545455,0.017583139,0.993397667,0,0,0,0,-0.129623536,0,0,0,-0.129623536,-0.129623536,-0.119672747
3030,2016,9,29,SEFCRI,SEFCRI,25.87205,-80.11191667,6.400799795,4,0,0,0,12,15,9,0,58,568.1818182,0.146743138,8.29057278,0.215966668,0,0,-0.002420121,-0.240011979,0,-0.001445336,0.215966668,-0.243877435,-0.027910767,-0.025768146
3033,2018,10,30,SEFCRI,SEFCRI,26.92659,-80.03072,24.07919923,0,0,0,74,0,7,0,18,0,923.2954545,0.223819424,12.64516519,0,0,0,0,-0.004800142,0,-0.068580015,0,-0.073380157,-0.073380157,-0.067746994
3036,2016,9,29,SEFCRI,SEFCRI,25.80918333,-80.09966667,7.772399751,0,2,0,0,5,40,13,0,40,99.43181818,0.009818193,0.554700145,0,0.021502355,0,0,-0.240039952,0,0,0.021502355,-0.240039952,-0.218537597,-0.201761157
3037,2016,9,29,SEFCRI,SEFCRI,25.80663333,-80.10753333,7.010399776,0,1,0,0,6,19,15,0,59,539.7727273,0.386149065,21.81633133,0,0.010749515,0,-0.000605007,-0.240002831,0,-0.026122471,0.010749515,-0.266730309,-0.255980794,-0.236329958
3039,2018,10,30,SEFCRI,SEFCRI,26.93588,-80.01426,22.40279929,0,0,1,8,2,68,0,0,19,553.9772727,0.148502148,8.389951839,0,0,0.002400406,0,-0.211235701,0,-0.010255943,0.002400406,-0.221491643,-0.219091237,-0.202272296
3040,2016,9,29,SEFCRI,SEFCRI,25.80368333,-80.0914,8.534399727,0,1,0,0,3,5,13,0,78,170.4545455,0.017691801,0.999536786,0,0.010749635,0,-0.000605014,-0.240005508,0,0,0.010749635,-0.240610522,-0.229860888,-0.212215195
3042,2018,11,1,SEFCRI,SEFCRI,26.88547,-80.01877,24.23159923,0,0,0,26,3,27,3,7,30,397.7272727,0.091617794,5.176146572,0,0,0,0,-0.122414943,0,-0.006412323,0,-0.128827265,-0.128827265,-0.118937603
3043,2018,11,1,SEFCRI,SEFCRI,26.90096,-80.01666,21.33599932,5,0,0,18,6,27,5,0,37,1164.772727,0.49683029,28.06950791,0.313247027,0,0,0,-0.196878348,0,-0.230361174,0.313247027,-0.427239522,-0.113992495,-0.105241652
3045,2016,9,28,SEFCRI,SEFCRI,26.21538333,-80.08393333,6.857999781,10,0,0,0,5,19,7,0,48,2549.715909,2.304895023,130.2200578,0.597143472,0,0,-0.000606792,-0.238303605,0,-0.592270213,0.597143472,-0.83118061,-0.234037139,-0.216070848
3046,2018,10,31,SEFCRI,SEFCRI,26.77813,-80.01407,22.55519928,1,0,0,31,2,1,10,38,16,213.0681818,0.018052063,1.019890558,0.052802919,0,0,0,-0.074593423,0,0,0.052802919,-0.074593423,-0.021790503,-0.020117715
3047,2018,11,1,SEFCRI,SEFCRI,26.8398,-80.01633,24.07919923,3,0,1,14,12,24,5,0,37,568.1818182,1.531903481,86.54821929,0.139403038,0,0.002402377,0,-0.206604388,0,-0.154654511,0.141805415,-0.361258899,-0.219453484,-0.202606734
3048,2018,10,31,SEFCRI,SEFCRI,26.7496,-80.01584,23.92679924,1,1,0,8,12,13,1,0,52,42.61363636,0.064497761,3.643941293,0.007118143,0.010749966,0,0,-0.220811877,0,-0.00060168,0.017868109,-0.221413557,-0.203545448,-0.187919908
3049,2018,11,1,SEFCRI,SEFCRI,26.83346,-80.01705,22.40279929,1,0,0,33,9,19,2,3,29,1093.75,0.380367035,21.48966302,0.067578958,0,0,0,-0.153677221,0,-0.002918005,0.067578958,-0.156595226,-0.089016269,-0.082182772
3050,2018,10,30,SEFCRI,SEFCRI,26.81686,-80.00383,26.66999915,0,2,3,18,6,23,1,0,46,0,0,0,0,0.021523684,0.007208342,0,-0.086500101,0,0,0.028732026,-0.086500101,-0.057768075,-0.053333403
3053,2018,11,8,SEFCRI,SEFCRI,25.842734,-80.104184,6.400799795,2,0,1,1,6,25,4,0,44,667.6136364,0.192684321,10.88611983,0.11389837,0,0.002403048,0,-0.23790178,0,-0.010457422,0.116301418,-0.248359202,-0.132057784,-0.121920126
3057,2016,9,22,SEFCRI,SEFCRI,26.08965,-80.09368333,12.80159959,0,1,0,19,8,8,3,0,58,127.8409091,0.119695024,6.762430745,0,0.010751006,0,-0.000605091,-0.230434679,0,-0.072538139,0.010751006,-0.303577909,-0.292826903,-0.270347508
3058,2016,6,24,SEFCRI,SEFCRI,26.05528333,-80.0981,7.772399751,1,0,0,2,12,29,6,0,48,1349.431818,1.402130658,79.21642136,0.058009934,0,0,-0.00363326,-0.237813358,0,-0.131176897,0.058009934,-0.372623515,-0.314613581,-0.290461691
3059,2016,6,24,SEFCRI,SEFCRI,26.03543333,-80.10108333,7.467599761,11,0,0,4,2,46,7,0,24,1406.25,0.954825938,53.94496823,0.903521818,0,0,0,-0.240076105,0,-0.31173285,0.903521818,-0.551808955,0.351712863,0.324712979
3059,2018,9,6,SEFCRI,SEFCRI,25.9539333,-80.10025,9.143999708,3,0,1,3,8,41,5,0,32,3281.25,3.039921414,171.7469725,0.189734195,0,0.002400582,0,-0.232856461,0,-1.347090855,0.192134777,-1.579947317,-1.38781254,-1.28127456
3061,2016,9,27,SEFCRI,SEFCRI,25.96068333,-80.1022,9.601199693,2,1,0,1,3,12,13,0,68,1534.090909,1.976638655,111.6745003,0.117280717,0.01075052,0,0,-0.240025268,0,-0.394630298,0.128031237,-0.634655566,-0.506624329,-0.467732381
3062,2018,9,6,SEFCRI,SEFCRI,25.97675,-80.0999667,10.05839968,4,1,2,1,11,35,15,0,29,2627.840909,1.920766967,108.5179077,0.260619551,0.010750488,0.004800491,0,-0.23762431,0,-0.402566963,0.27617053,-0.640191273,-0.364020743,-0.336076022
3063,2018,10,29,SEFCRI,SEFCRI,25.852599,-80.099801,9.296399703,1,2,0,4,10,28,14,0,41,1903.409091,0.692620326,39.13109184,0.067583103,0.021510904,0,0,-0.232931325,0,-0.078641316,0.089094007,-0.311572641,-0.222478635,-0.205399654
3064,2016,9,29,SEFCRI,SEFCRI,25.86881667,-80.10455,7.924799746,0,0,0,0,5,31,11,0,53,951.7045455,0.393708939,22.24344288,0,0,0,-0.001815122,-0.240016101,0,-0.049119628,0,-0.290950851,-0.290950851,-0.268615474
3066,2016,9,29,SEFCRI,SEFCRI,25.85471667,-80.09971667,8.534399727,3,0,0,0,10,25,5,0,54,1343.323864,0.771405545,43.58223418,0.181795294,0,0,0,-0.240657131,0,-0.362751766,0.181795294,-0.603408897,-0.421613603,-0.38924766
3066,2018,9,6,SEFCRI,SEFCRI,26.0106667,-80.1010833,9.143999708,1,1,0,4,8,33,18,0,29,1889.204545,2.40243621,135.7308593,0.067902453,0.010806275,0,0,-0.231619294,0,-0.84330254,0.078708728,-1.074921834,-0.996213106,-0.919736976
3067,2016,9,29,SEFCRI,SEFCRI,25.83123333,-80.09333333,10.82039966,3,1,0,2,4,14,10,0,66,1846.619318,0.815750625,46.08760596,0.193063157,0.010750238,0,0,-0.240018981,0,-0.341970339,0.203813395,-0.581989319,-0.378175925,-0.349144555
3067,2018,9,6,SEFCRI,SEFCRI,25.9570667,-80.0999333,10.05839968,0,0,2,3,13,38,7,0,32,1477.272727,0.9792128,55.32275708,0,0,0.004801919,0,-0.230492098,0,-0.40681741,0.004801919,-0.637309508,-0.632507589,-0.583951982
3069,2016,9,28,SEFCRI,SEFCRI,26.21775,-80.08175,7.162799771,0,0,0,16,10,26,7,0,39,1886.079545,1.276991966,72.14643875,0,0,0,0,-0.199575263,0,-0.289902654,0,-0.489477917,-0.489477917,-0.451902245
3071,2016,8,9,SEFCRI,SEFCRI,26.04476667,-80.09836667,10.97279965,0,0,0,0,7,33,11,0,23,1661.931818,2.028244919,114.5901084,0,0,0,0,-0.240031904,0,-0.648648452,0,-0.888680356,-0.888680356,-0.820459176
3072,2016,9,27,SEFCRI,SEFCRI,25.99623,-80.10095,11.12519965,0,1,0,0,5,27,4,0,63,2997.159091,1.879334339,106.1770813,0,0.010757981,0,-0.000605484,-0.240191847,0,-0.104244338,0.010757981,-0.345041668,-0.334283688,-0.308621786
3077,2018,10,30,SEFCRI,SEFCRI,25.87379,-80.100493,9.448799698,3,0,0,2,1,27,6,0,60,568.1818182,0.303992712,17.17472951,0.175240638,0,0,0,-0.235219299,0,-0.012616695,0.175240638,-0.247835995,-0.072595357,-0.067022441
3078,2016,9,27,SEFCRI,SEFCRI,25.92745,-80.09991667,11.58239963,2,0,0,0,12,32,5,0,48,2535.539773,3.446966351,194.7438616,0.122599879,0,0,0,-0.240077583,0,-1.222080865,0.122599879,-1.462158448,-1.339558569,-1.236724894
3079,2018,9,19,SEFCRI,SEFCRI,26.0906167,-80.09555,9.753599689,1,0,1,5,9,46,3,0,35,113.6363636,0.375905892,21.23762102,0.058037529,0,0.002403298,-0.000605831,-0.228313296,0,-0.301353877,0.060440827,-0.530273004,-0.469832177,-0.433764647
3083,2016,9,29,SEFCRI,SEFCRI,25.83775,-80.0995,9.143999707,6,0,0,1,1,44,8,0,40,3959.005682,2.600843872,146.9403318,0.396539076,0,0,-0.000606309,-0.240519317,0,-0.333800778,0.396539076,-0.574926404,-0.178387328,-0.164693097
3085,2016,9,28,SEFCRI,SEFCRI,26.23083333,-80.06935,15.5447995,4,0,0,1,28,15,15,0,36,1292.613636,1.976663538,111.6759061,0.234418402,0,0,0,-0.240272789,0,-0.825024003,0.234418402,-1.065296792,-0.83087839,-0.767094484
3085,2018,9,19,SEFCRI,SEFCRI,25.9054,-80.09075,19.81199937,0,0,3,6,6,15,13,0,55,568.1818182,0.628396591,35.50263229,0,0,0.007200228,-0.000605019,-0.225607134,0,-0.167910796,0.007200228,-0.394122949,-0.386922721,-0.357219887
3089,2016,9,29,SEFCRI,SEFCRI,25.76966667,-80.08826667,17.06879945,1,0,0,0,4,0,3,0,92,291.1931818,0.158524172,8.956167909,0.052710513,0,0,-0.000605511,-0.240066899,0,-0.003290256,0.052710513,-0.243962666,-0.191252152,-0.176570329
3091,2016,8,8,SEFCRI,SEFCRI,26.19516667,-80.0795,13.41119957,6,1,0,4,5,64,3,0,17,6193.181818,14.98482871,846.6004919,0.380667774,0.010750381,0,-0.001210112,-0.240022168,0,-8.689667549,0.391418155,-8.930899828,-8.539481673,-7.883932671
3094,2016,10,4,SEFCRI,SEFCRI,26.11138333,-80.08658333,18.44039941,0,0,0,9,11,7,7,0,66,511.3636364,0.470866318,26.60261685,0,0,0,-0.001815784,-0.182478776,0,-0.005623871,0,-0.18991843,-0.18991843,-0.175338993
3095,2016,6,24,SEFCRI,SEFCRI,26.0635,-80.09391667,0.30479999,4,0,0,0,9,54,3,0,27,2301.136364,4.206505624,237.655685,0.23880094,0,0,0,-0.223213388,0,-1.507321886,0.23880094,-1.730535274,-1.491734334,-1.377218607
3096,2018,9,26,SEFCRI,SEFCRI,26.2103,-80.0783333,12.80159959,0,0,0,6,6,8,15,0,42,383.5227273,0.158276198,8.942158066,0,0,0,-0.001210168,-0.225631323,0,-0.134831795,0,-0.361673286,-0.361673286,-0.333908772
3097,2016,8,9,SEFCRI,SEFCRI,26.03021667,-80.09455,13.10639958,0,1,0,3,13,26,23,0,32,1583.806818,1.034937171,58.4710266,0,0.010750251,0,-0.001210097,-0.232818684,0,-0.316708868,0.010750251,-0.55073765,-0.539987399,-0.498534274
3097,2018,9,7,SEFCRI,SEFCRI,25.82206,-80.091247,13.86839956,0,2,1,19,6,9,1,0,48,170.4545455,2.359791243,133.3215392,0,0.021511259,0.002401394,-0.000605351,-0.204118448,0,-0.00060168,0.023912652,-0.20532548,-0.181412828,-0.167486339
3099,2016,9,27,SEFCRI,SEFCRI,25.98675,-80.09298333,17.06879945,1,1,0,0,16,1,4,0,77,56.81818182,0.023829181,1.346281398,0.023161315,0.01074972,0,0,-0.556817212,0,-0.001519935,0.033911035,-0.558337147,-0.524426112,-0.484167578
3099,2016,9,27,SEFCRI,SEFCRI,25.98675,-80.09298333,17.06879945,1,1,0,0,16,1,4,0,77,56.81818182,0.023829181,1.346281398,0.023161315,0.01074972,0,0,-0.556817212,0,-0.001519935,0.033911035,-0.558337147,-0.524426112,-0.484167578
3103,2018,9,12,SEFCRI,SEFCRI,26.31625,-80.06525,16.76399946,1,1,1,5,18,5,15,0,42,639.2045455,0.37879062,21.40059999,0.067595509,0.010757426,0.002401795,0,-0.223366905,0,-0.181501596,0.08075473,-0.404868501,-0.324113771,-0.299232582
3105,2016,9,29,SEFCRI,SEFCRI,25.8614,-80.09255,16.91639946,1,0,0,0,5,12,16,0,66,834.5170455,0.530557767,29.9750151,0.064608776,0,0,0,-0.240023796,0,-0.16677784,0.064608776,-0.406801635,-0.34219286,-0.315923796
3108,2016,9,28,SEFCRI,SEFCRI,26.23311667,-80.0742,16.91639946,1,0,0,0,14,18,24,0,43,958.8068182,0.680489354,38.44572619,0.058044111,0,0,-0.0018177,-0.951813875,0,-0.257203181,0.058044111,-1.210834757,-1.152790646,-1.064294554
3108,2016,9,28,SEFCRI,SEFCRI,26.23311667,-80.0742,16.91639946,1,0,0,0,14,18,24,0,43,958.8068182,0.680489354,38.44572619,0.058044111,0,0,-0.0018177,-0.951813875,0,-0.257203181,0.058044111,-1.210834757,-1.152790646,-1.064294554
3109,2018,11,7,SEFCRI,SEFCRI,25.876977,-80.092436,18.8975994,0,0,0,12,21,0,18,0,35,1136.363636,0.516403053,29.17531375,0,0,0,0,-0.211898677,0,-0.0763769,0,-0.288275578,-0.288275578,-0.266145574
3110,2016,8,8,SEFCRI,SEFCRI,26.14783333,-80.08213333,18.44039941,0,0,0,1,3,2,0,0,94,795.4545455,1.709321604,96.57184206,0,0,0,-0.000607074,-0.240822866,0,-0.034245354,0,-0.275675295,-0.275675295,-0.254512574
3110,2018,11,5,SEFCRI,SEFCRI,25.871592,-80.092463,18.44039941,2,0,1,8,18,12,11,0,28,639.2045455,0.245299033,13.85870243,0.076953472,0,0.002404453,0,-0.22361411,0,-0.140714061,0.079357925,-0.364328171,-0.284970246,-0.263093981
3115,2016,9,22,SEFCRI,SEFCRI,26.07166667,-80.09243333,14.93519952,2,2,5,13,8,32,9,0,29,965.9090909,1.001226887,56.56649079,0.110750939,0.021523467,0.012013782,0,-0.223456342,0,-0.156925551,0.144288188,-0.380381893,-0.236093705,-0.217969538
3117,2016,8,9,SEFCRI,SEFCRI,26.03328333,-80.09428333,13.25879958,0,1,0,15,4,23,12,0,43,2173.295455,6.35069816,358.7965062,0,0.010750341,0,0,-0.960085138,0,-1.916122159,0.010750341,-2.876207297,-2.865456956,-2.645484888
3117,2016,8,9,SEFCRI,SEFCRI,26.03328333,-80.09428333,13.25879958,0,1,0,15,4,23,12,0,43,2173.295455,6.35069816,358.7965062,0,0.010750341,0,0,-0.960085138,0,-1.916122159,0.010750341,-2.876207297,-2.865456956,-2.645484888
3117,2018,8,14,SEFCRI,SEFCRI,25.7993833,-80.09264,14.17319955,2,0,1,7,7,24,5,0,29,1136.363636,0.487203381,27.52561477,0.122395961,0,0.00240063,0,-0.218457374,0,-0.076321958,0.124796592,-0.294779332,-0.16998274,-0.156933703
3119,2016,8,8,SEFCRI,SEFCRI,26.17466667,-80.07573333,16.30679948,1,0,0,0,15,62,7,0,1,1193.181818,1.118371783,63.18484652,0.067555619,0,0,-0.00121019,-0.960150918,0,-0.329085401,0.067555619,-1.290446509,-1.22289089,-1.129013424
3119,2016,8,8,SEFCRI,SEFCRI,26.17466667,-80.07573333,16.30679948,1,0,0,0,15,62,7,0,1,1193.181818,1.118371783,63.18484652,0.067555619,0,0,-0.00121019,-0.960150918,0,-0.329085401,0.067555619,-1.290446509,-1.22289089,-1.129013424
3120,2016,10,4,SEFCRI,SEFCRI,26.09685,-80.08391667,15.08759952,1,0,0,0,21,8,35,0,34,1917.613636,2.669656445,150.8280477,0.06757542,0,0,-0.006657997,-0.240108089,0,-0.370285496,0.06757542,-0.617051582,-0.549476162,-0.507294615
3122,2018,11,20,SEFCRI,SEFCRI,26.2636667,-80.0705,18.7451994,0,0,10,8,11,41,6,0,24,767.0454545,0.336668475,19.02081782,0,0,0.024153025,-0.001217715,-0.222207827,0,-0.205297562,0.024153025,-0.428723105,-0.40457008,-0.373512514
3124,2016,8,9,SEFCRI,SEFCRI,26.02235,-80.08726667,14.93519952,3,1,0,0,9,27,25,0,21,2301.136364,3.234808245,182.757528,0.169135447,0.010756565,0,0,-0.24016024,0,-1.240196829,0.179892011,-1.480357069,-1.300465057,-1.200632467
3125,2016,8,9,SEFCRI,SEFCRI,26.01696667,-80.08816667,16.15439948,0,1,0,0,11,48,18,0,6,1661.931818,2.873067262,162.3201843,0,0.010753049,0,-0.00302603,-0.24008174,0,-1.473046262,0.010753049,-1.716154033,-1.705400984,-1.574482744
3127,2016,9,27,SEFCRI,SEFCRI,25.99411667,-80.08916667,21.03119933,2,0,0,9,6,40,20,0,23,1306.818182,1.442782746,81.5131495,0.105433168,0,0,-0.000605581,-0.19218441,0,-0.982747694,0.105433168,-1.175537686,-1.070104518,-0.987955978
3136,2018,10,23,SEFCRI,SEFCRI,25.888696,-80.107344,8.077199742,1,0,2,14,11,18,9,0,37,369.3181818,0.157170105,8.879666966,0.057960452,0,0.004800212,0,-0.213609447,0,-0.002709072,0.062760665,-0.216318519,-0.153557854,-0.141769703
3138,2016,8,8,SEFCRI,SEFCRI,26.13005,-80.08028333,17.37359944,0,0,0,1,4,55,9,0,9,440.3409091,0.681409084,38.49768838,0,0,0,-0.000607368,-0.240939423,0,-0.117218534,0,-0.358765325,-0.358765325,-0.331224046
3139,2016,8,8,SEFCRI,SEFCRI,26.09796667,-80.08296667,18.44039941,0,0,0,0,8,23,8,0,61,2109.375,5.337520075,301.5548065,0,0,0,-0.003034435,-0.962994289,0,-1.68625743,0,-2.652286153,-2.652286153,-2.448678533
3139,2016,8,8,SEFCRI,SEFCRI,26.09796667,-80.08296667,18.44039941,0,0,0,0,8,23,8,0,61,2109.375,5.337520075,301.5548065,0,0,0,-0.003034435,-0.962994289,0,-1.68625743,0,-2.652286153,-2.652286153,-2.448678533
3140,2016,8,8,SEFCRI,SEFCRI,26.09626667,-80.08293333,17.98319943,1,0,0,1,17,52,5,0,24,2194.602273,5.079496929,286.9772277,0.058044527,0,0,-0.004241331,-0.240358764,0,-2.854822319,0.058044527,-3.099422413,-3.041377886,-2.807900924
3142,2016,8,9,SEFCRI,SEFCRI,26.06533333,-80.09283333,24.53639922,0,0,1,0,26,26,20,0,23,1505.681818,2.326654319,131.4493966,0,0,0.002400768,-0.000605193,-0.240076752,0,-0.256398047,0.002400768,-0.497079992,-0.494679224,-0.456704264
3143,2016,8,9,SEFCRI,SEFCRI,26.05881667,-80.0857,17.98319943,0,0,1,2,8,51,16,0,4,1420.454545,1.671909814,94.45818158,0,0,0.002408897,-0.001214485,-0.236071884,0,-0.291700718,0.002408897,-0.528987088,-0.526578191,-0.486154449
3144,2016,8,9,SEFCRI,SEFCRI,26.05753333,-80.08658333,16.15439948,1,1,1,0,8,32,25,0,10,2471.590909,2.513562752,142.009195,0.052850665,0.010787079,0.002408415,0,-0.240841521,0,-0.26490341,0.066046159,-0.505744931,-0.439698772,-0.405944488
3150,2016,9,29,SEFCRI,SEFCRI,25.78821667,-80.08813333,15.39239951,0,0,0,0,10,33,7,0,50,816.7613636,0.899506431,50.81957236,0,0,0,0,-0.240104777,0,-0.044960402,0,-0.285065179,-0.285065179,-0.263181627
3152,2016,10,3,SEFCRI,SEFCRI,26.22498333,-80.06966667,23.46959925,3,0,0,0,22,36,18,0,21,627.8409091,0.277596724,15.68343074,0.133877048,0,0,0,-0.240048265,0,-0.042041107,0.133877048,-0.282089372,-0.148212323,-0.136834532
3154,2016,10,3,SEFCRI,SEFCRI,26.19408333,-80.06995,27.27959913,0,0,0,0,20,11,35,0,34,411.9318182,0.321920104,18.18757651,0,0,0,0,-0.205073447,0,-0.126647757,0,-0.331721204,-0.331721204,-0.306256016
3155,2018,11,20,SEFCRI,SEFCRI,26.1650167,-80.0934667,5.181599834,0,0,1,5,7,31,14,0,34,1136.363636,0.712052887,40.22897667,0,0,0.002401026,0,-0.228097476,-0.006063837,-0.021730708,0.002401026,-0.255892021,-0.253490995,-0.234031293
3160,2016,11,4,SEFCRI,SEFCRI,26.29583333,-80.07473333,4.571999854,2,1,0,0,18,17,0,0,62,0,0,0,0.113826512,0.010756251,0,0,-0.24015322,0,0,0.124582762,-0.24015322,-0.115570458,-0.106698479
3161,2018,9,12,SEFCRI,SEFCRI,26.3145,-80.0741667,2.133599932,0,0,0,5,0,0,0,0,95,14.20454545,0.170524172,9.634134021,0,0,0,0,-0.228018438,0,-0.160617042,0,-0.388635481,-0.388635481,-0.358801164
3162,2016,10,22,SEFCRI,SEFCRI,26.3288,-80.0662,12.4967996,1,0,2,16,21,0,6,0,51,1782.698864,4.758720918,268.8542891,0.057997342,0,0.004803267,-0.001210824,-0.208942134,0,-2.163785212,0.06280061,-2.37393817,-2.31113756,-2.133718839
3162,2018,10,29,SEFCRI,SEFCRI,26.70444,-80.02967,4.114799868,0,0,0,15,0,45,0,0,39,85.22727273,0.322231337,18.20516027,0,0,0,0,-0.204024319,0,-0.001529341,0,-0.20555366,-0.20555366,-0.189773956
3165,2016,9,30,SEFCRI,SEFCRI,26.31065,-80.06546667,17.98319942,4,0,0,1,22,2,8,0,63,944.6022727,1.089494407,61.55335631,0.251215178,0,0,-0.001211074,-0.240213049,0,-0.037536449,0.251215178,-0.278960573,-0.027745395,-0.025615469
3166,2018,10,29,SEFCRI,SEFCRI,26.7579,-80.03529,2.895599907,0,0,0,8,0,47,0,0,45,28.40909091,0.002795299,0.157926522,0,0,0,0,-0.220822791,0,0,0,-0.220822791,-0.220822791,-0.203870924
3167,2016,9,30,SEFCRI,SEFCRI,26.36958333,-80.05446667,15.6971995,5,2,0,1,17,12,18,0,34,1171.875,2.135373382,120.642564,0.301648339,0.021499925,0,-0.002420129,-0.240012831,0,-0.198430729,0.323148264,-0.44086369,-0.117715426,-0.108678785
3172,2016,10,21,SEFCRI,SEFCRI,26.33358333,-80.05776667,17.52599944,3,1,0,0,4,5,34,0,53,696.0227273,1.156930085,65.36328163,0.203000644,0.010768785,0,0,-0.240433067,0,-0.29829309,0.213769428,-0.538726156,-0.324956728,-0.300010828
3174,2016,10,22,SEFCRI,SEFCRI,26.30063333,-80.06013333,20.26919936,1,0,0,0,31,13,39,0,16,1732.954545,1.220483614,68.95387649,0.064793007,0,0,-0.000606785,-0.24070822,0,-0.301661305,0.064793007,-0.54297631,-0.478183303,-0.441474683
3175,2016,9,30,SEFCRI,SEFCRI,26.37746667,-80.05298333,23.01239927,1,0,0,58,13,3,2,0,23,1107.954545,1.768184053,99.89740411,0.007118068,0,0,0,-0.218409446,0,-1.369920271,0.007118068,-1.588329717,-1.581211649,-1.459827031
3178,2016,11,4,SEFCRI,SEFCRI,26.28233333,-80.06113333,24.84119921,7,0,8,0,22,4,37,0,22,1022.727273,1.011337636,57.13771953,0.424896366,0,0.019252111,-0.005459778,-0.240651394,0,-0.215597227,0.444148478,-0.461708399,-0.017559921,-0.016211901
3179,2018,9,19,SEFCRI,SEFCRI,26.0435667,-80.1061333,5.181599834,0,0,2,6,0,77,1,0,13,1150.568182,0.284227706,16.05806246,0,0,0.004806009,0,-0.216270424,0,-0.012622917,0.004806009,-0.228893341,-0.224087331,-0.206884855
3180,2018,9,26,SEFCRI,SEFCRI,26.1717833,-80.0886667,3.657599883,0,0,0,0,5,23,3,0,66,752.8409091,0.212929206,12.02989865,0,0,0,0,-0.241204841,0,-0.001230228,0,-0.242435069,-0.242435069,-0.223824095
3185,2016,9,15,SEFCRI,SEFCRI,26.55986667,-80.0273,19.20239939,0,0,0,54,9,1,0,0,35,56.81818182,0.226002909,12.76852595,0,0,0,0,-0.110553638,0,-0.069233829,0,-0.179787467,-0.179787467,-0.165985752
3186,2016,9,15,SEFCRI,SEFCRI,26.55917,-80.0285,16.91639946,0,0,0,30,18,0,0,0,52,71.02272727,0.089360052,5.048590507,0,0,0,0,-0.74000447,0,-0.001164117,0,-0.741168587,-0.741168587,-0.684271419
3186,2016,9,15,SEFCRI,SEFCRI,26.55917,-80.0285,16.91639946,0,0,0,30,18,0,0,0,52,71.02272727,0.089360052,5.048590507,0,0,0,0,-0.74000447,0,-0.001164117,0,-0.741168587,-0.741168587,-0.684271419
3189,2016,9,14,SEFCRI,SEFCRI,26.67643333,-80.01633333,23.92679924,11,0,0,23,17,0,7,0,42,603.6931818,0.522852506,29.5396896,0.616430592,0,0,0,-0.720599343,0,-0.168069331,0.616430592,-0.888668674,-0.272238082,-0.251339225
3189,2016,9,14,SEFCRI,SEFCRI,26.67643333,-80.01633333,23.92679924,11,0,0,23,17,0,7,0,42,603.6931818,0.522852506,29.5396896,0.616430592,0,0,0,-0.720599343,0,-0.168069331,0.616430592,-0.888668674,-0.272238082,-0.251339225
3194,2016,10,21,SEFCRI,SEFCRI,26.48481667,-80.0405,18.59279941,2,0,0,7,17,0,7,0,65,1377.840909,1.840464174,103.9810268,0.153960346,0,0,0,-0.225746269,0,-0.45594796,0.153960346,-0.681694229,-0.527733883,-0.487221422
3195,2016,10,21,SEFCRI,SEFCRI,26.41563333,-80.0505,19.96439937,5,1,4,0,10,16,33,0,31,1562.5,1.38072704,78.00717742,0.287263043,0.010773095,0.009621172,-0.00424434,-0.962117244,0,-0.561179233,0.307657311,-1.527540817,-1.219883507,-1.126236908
3195,2016,10,21,SEFCRI,SEFCRI,26.41563333,-80.0505,19.96439937,5,1,4,0,10,16,33,0,31,1562.5,1.38072704,78.00717742,0.287263043,0.010773095,0.009621172,-0.00424434,-0.962117244,0,-0.561179233,0.307657311,-1.527540817,-1.219883507,-1.126236908
3199,2016,9,15,SEFCRI,SEFCRI,26.5862,-80.02448333,18.59279941,1,0,0,14,15,7,0,0,62,454.5454545,0.395098803,22.32196628,0.057992702,0,0,0,-0.206523976,0,-0.230181321,0.057992702,-0.436705297,-0.378712595,-0.349640027
3202,2016,9,15,SEFCRI,SEFCRI,26.56241667,-80.02566667,25.45079919,1,0,0,51,1,0,0,0,47,14.20454545,0.001439879,0.081349084,0.057962771,0,0,0,-0.091207682,0,0,0.057962771,-0.091207682,-0.033244911,-0.030692804
3202,2018,9,6,SEFCRI,SEFCRI,26.0105667,-80.0885667,17.83079943,2,0,0,15,6,22,13,0,37,369.3181818,0.422910416,23.89324382,0.020381883,0,0,0,-0.199228793,0,-0.070934833,0.020381883,-0.270163626,-0.249781743,-0.230606789
3203,2016,10,21,SEFCRI,SEFCRI,26.50883333,-80.03383333,18.28799942,4,1,0,0,43,0,23,0,29,1882.102273,2.550269006,144.0829947,0.246383713,0.01077327,0,0,-0.240533199,0,-0.693104776,0.257156982,-0.933637975,-0.676480993,-0.624549687
3206,2016,10,21,SEFCRI,SEFCRI,26.40071667,-80.05091667,22.55519928,4,0,0,0,25,1,52,0,18,696.0227273,1.626948349,91.91798581,0.251317887,0,0,0,-0.24031126,0,-1.02726776,0.251317887,-1.267579021,-1.016261133,-0.93824598
3207,2016,9,15,SEFCRI,SEFCRI,26.56608333,-80.0255,24.23159923,0,0,0,30,3,0,0,0,67,0,0,0,0,0,0,0,-0.175315353,0,0,0,-0.175315353,-0.175315353,-0.161856948
3210,2016,10,21,SEFCRI,SEFCRI,26.43696667,-80.04603333,23.77439924,2,1,10,11,7,6,18,0,43,980.1136364,0.851104482,48.08499897,0.164128359,0.010755547,0.02401375,-0.000605347,-0.240137502,0,-0.180333178,0.198897655,-0.421076027,-0.222178372,-0.205122441
3210,2018,9,6,SEFCRI,SEFCRI,26.0042333,-80.0895833,17.83079943,0,0,0,79,2,3,1,0,15,411.9318182,0.561992841,31.75100798,0,0,0,-0.00060501,-0.050400801,0,-0.071196804,0,-0.122202614,-0.122202614,-0.112821506
3212,2016,9,14,SEFCRI,SEFCRI,26.74003333,-80.03408333,0.30479999,11.11111111,0,0,17.17171717,0,1.01010101,0,0,70.70707071,0,0,0,0.622124661,0,0,0,-0.181820291,0,0,0.622124661,-0.181820291,0.44030437,0.406503596
3213,2018,9,12,SEFCRI,SEFCRI,26.3774833,-80.0539167,19.65959938,1,1,0,5,19,10,22,0,37,440.3409091,0.623165719,35.20710278,0.007124875,0.010760133,0,0,-0.240239902,0,-0.458349591,0.017885008,-0.698589492,-0.680704485,-0.628448954
3214,2016,9,3,SEFCRI,SEFCRI,26.99538333,-80.06475,21.9455993,1,0,0,48,5,20,4,0,22,0,0,0,0.058006097,0,0,0,-0.124903806,0,0,0.058006097,-0.124903806,-0.066897709,-0.061762183
3217,2016,9,3,SEFCRI,SEFCRI,26.98758333,-80.01078333,26.51759915,0,0,1,3,0,44,0,0,48,0,0,0,0,0,0.002401016,0,-0.24010164,0,0,0.002401016,-0.24010164,-0.237700624,-0.219453099
3219,2018,10,31,SEFCRI,SEFCRI,26.69196,-80.01848,16.15439948,3,2,4,4,12,21,7,0,40,468.75,0.304855133,17.22345385,0.188983842,0.021512603,0.009606174,-0.001816167,-0.230548187,0,-0.009150678,0.22010262,-0.241515032,-0.021412412,-0.019768649
3222,2016,9,4,SEFCRI,SEFCRI,26.96173333,-80.00253333,29.56559905,0,0,0,16,0,84,0,0,0,28.40909091,0.002705785,0.152869205,0,0,0,0,-0.201617733,0,0,0,-0.201617733,-0.201617733,-0.186140177
3222,2018,10,31,SEFCRI,SEFCRI,26.68975,-80.01574,26.06039917,0,0,0,26,3,1,2,0,61,383.5227273,0.413572454,23.36567539,0,0,0,0,-0.14884505,0,-0.185104266,0,-0.333949316,-0.333949316,-0.308313083
3224,2016,9,3,SEFCRI,SEFCRI,26.98758333,-80.00381667,27.43199912,0,0,0,53,1,46,0,0,0,0,0,0,0,0,0,0,-0.112812369,0,0,0,-0.112812369,-0.112812369,-0.10415212
3225,2016,9,4,SEFCRI,SEFCRI,26.94163333,-80.00311667,27.43199912,0,0,2,3,3,68,0,0,18,0,0,0,0,0,0.004800672,0,-0.240033579,0,0,0.004800672,-0.240033579,-0.235232908,-0.217174822
3226,2016,9,4,SEFCRI,SEFCRI,26.94015,-80.0101,23.31719926,0,0,0,20,4,64,6,0,6,284.0909091,0.03942778,2.227558207,0,0,0,0,-0.192008967,-0.003031919,-0.000281218,0,-0.195322104,-0.195322104,-0.180327844
3229,2016,9,4,SEFCRI,SEFCRI,26.91263333,-80.0323,22.0979993,0,0,1,43,1,30,2,0,19,880.6818182,0.197033124,11.13181491,0,0,0.002400241,0,-0.136813731,0,-0.012393383,0.002400241,-0.149207115,-0.146806874,-0.135536975
3230,2016,9,4,SEFCRI,SEFCRI,26.91148333,-80.02475,23.31719926,0,0,0,13,6,62,19,0,0,1661.931818,0.232877422,13.1569165,0,0,0,0,-0.240009338,0,-0.000790876,0,-0.240800214,-0.240800214,-0.222314743
3230,2018,11,30,SEFCRI,SEFCRI,26.12655,-80.0805,18.59279941,1,0,0,2,12,7,14,0,24,426.1363636,0.528627369,29.86595307,0.064905151,0,0,0,-0.236302343,0,-0.432249161,0.064905151,-0.668551503,-0.603646352,-0.557306331
3231,2016,9,4,SEFCRI,SEFCRI,26.90466667,-80.0296,22.85999927,0,0,0,34,0,59,0,6,0,0,0,0,0,0,0,0,-0.158403846,-0.003031919,0,0,-0.161435765,-0.161435765,-0.149042852
3231,2018,9,19,SEFCRI,SEFCRI,25.9273,-80.0877333,21.9455993,3,1,1,10,14,11,9,0,40,525.5681818,0.08687562,4.908227136,0.211343229,0.010783301,0.002407572,0,-0.214273875,0,-0.002462384,0.224534101,-0.216736259,0.007797842,0.007199226
3240,2016,9,12,SEFCRI,SEFCRI,26.8628,-80.02373333,25.75559918,0,0,0,81,0,18,0,0,1,56.81818182,0.00541157,0.30573841,0,0,0,0,-0.045601716,0,0,0,-0.045601716,-0.045601716,-0.042101016
3240,2018,11,29,SEFCRI,SEFCRI,26.00312,-80.08755,19.96439937,1,0,0,7,10,17,10,0,35,866.4772727,0.20001747,11.30042205,0.052903229,0,0,-0.000607725,-0.224205385,0,-0.002882489,0.052903229,-0.227695599,-0.174792369,-0.161374112
3241,2018,9,26,SEFCRI,SEFCRI,26.2376667,-80.0658333,24.53639922,1,0,0,7,18,39,11,0,18,724.4318182,0.586849327,33.15532921,0.064736725,0,0,-0.000606258,-0.223664191,0,-0.045610303,0.064736725,-0.269880752,-0.205144027,-0.189395769
3242,2018,9,6,SEFCRI,SEFCRI,25.9605833,-80.0887667,17.52599944,1,1,2,0,12,18,25,0,20,852.2727273,0.157231574,8.883139773,0.06487397,0.01079458,0.00482018,-0.000607544,-0.233778731,0,-0.002501628,0.08048873,-0.236887902,-0.156399172,-0.144392902
3243,2018,11,15,SEFCRI,SEFCRI,25.809138,-80.08841,22.0979993,0,0,1,12,12,3,21,0,31,397.7272727,0.175888381,9.937196668,0,0,0.002400097,0,-0.211208569,0,-0.001462861,0.002400097,-0.212671429,-0.210271332,-0.194129467
3245,2018,9,26,SEFCRI,SEFCRI,26.2818667,-80.0620667,16.15439948,1,1,0,0,4,48,6,0,18,1036.931818,2.419456006,136.6924297,0.064726182,0.010769989,0,0,-0.240459965,0,-0.51026662,0.075496172,-0.750726585,-0.675230414,-0.623395111
3246,2018,9,12,SEFCRI,SEFCRI,26.33585,-80.0586833,19.35479939,1,0,1,9,10,17,13,0,36,1022.727273,0.454470036,25.67627322,0.064611371,0,0.002400334,-0.000605084,-0.218430429,0,-0.015825658,0.067011706,-0.234861171,-0.167849465,-0.154964192
3247,2018,9,26,SEFCRI,SEFCRI,26.29145,-80.0618333,14.93519952,0,2,0,0,12,42,10,0,4,1562.5,1.471124695,83.11438956,0,0.021533283,0,0,-0.240385211,0,-0.559070934,0.021533283,-0.799456145,-0.777922862,-0.718204184
3248,2018,10,29,SEFCRI,SEFCRI,26.58626,-80.02315,27.12719913,0,0,0,0,6,6,0,0,84,0,0,0,0,0,0,0,-0.182703658,0,0,0,-0.182703658,-0.182703658,-0.168678076
3250,2016,9,14,SEFCRI,SEFCRI,26.74183333,-80.00923333,28.49879909,0,0,0,0,2,73,4,0,21,340.9090909,0.087062576,4.918789584,0,0,0,-0.001210076,-0.240015107,0,-0.000298743,0,-0.241523926,-0.241523926,-0.222982898
3250,2018,9,12,SEFCRI,SEFCRI,26.5291667,-80.0297833,26.21279916,2,0,0,12,25,6,12,0,24,213.0681818,0.437338422,24.70838542,0.132831128,0,0,0,-0.212292791,0,-0.164109394,0.132831128,-0.376402185,-0.243571058,-0.224872878
3252,2018,9,12,SEFCRI,SEFCRI,26.5254167,-80.0316333,21.33599932,0,0,0,6,18,7,1,0,64,28.40909091,0.726412956,41.04028001,0,0,0,0,-0.240228026,0,0,0,-0.240228026,-0.240228026,-0.22178648
3253,2018,10,29,SEFCRI,SEFCRI,26.49137,-80.03738,21.48839932,1,1,6,0,19,28,7,0,31,1633.522727,2.486887079,140.5020948,0.068370974,0.010880837,0.01457609,-0.001224796,-0.242934839,0,-0.757589148,0.093827901,-1.001748783,-0.907920883,-0.838222668
3254,2016,9,4,SEFCRI,SEFCRI,26.91433333,-80.0115,22.85999927,7,1,5,5,3,24,13,0,40,951.7045455,0.610852633,34.51144821,0.354263549,0.010772223,0.012025491,0,-0.913937341,0,-0.010002285,0.377061263,-0.923939627,-0.546878364,-0.504896242
3254,2016,9,4,SEFCRI,SEFCRI,26.91433333,-80.0115,22.85999927,7,1,5,5,3,24,13,0,40,951.7045455,0.610852633,34.51144821,0.354263549,0.010772223,0.012025491,0,-0.913937341,0,-0.010002285,0.377061263,-0.923939627,-0.546878364,-0.504896242
3254,2018,9,12,SEFCRI,SEFCRI,26.5244,-80.0326833,14.17319955,3,0,1,5,16,15,6,0,51,724.4318182,1.532326201,86.57210173,0.143373347,0,0.002400352,0,-0.23283418,0,-0.350784772,0.1457737,-0.583618953,-0.437845253,-0.404233258
3257,2016,9,4,SEFCRI,SEFCRI,26.86488333,-80.01723333,23.01239927,2,1,0,18,8,31,0,0,37,1136.363636,0.454572457,25.68205972,0.132562279,0.010783138,0,0,-0.197417901,0,-0.025510181,0.143345418,-0.222928083,-0.079582665,-0.073473355
3258,2018,9,26,SEFCRI,SEFCRI,26.3045333,-80.0593667,22.25039929,3,1,2,5,14,41,6,0,21,426.1363636,0.644204282,36.39572216,0.190301647,0.010760493,0.004804959,-0.000605625,-0.228235534,0,-0.254969591,0.205867098,-0.483810751,-0.277943652,-0.256606797
3259,2016,9,14,SEFCRI,SEFCRI,26.83283333,-80.0172,21.79319931,1,0,5,3,11,25,3,0,49,781.25,0.347248677,19.61856931,0.058156624,0,0.012041147,0,-0.963291791,0,-0.00594483,0.070197771,-0.969236621,-0.89903885,-0.830022481
3259,2016,9,14,SEFCRI,SEFCRI,26.83283333,-80.0172,21.79319931,1,0,5,3,11,25,3,0,49,781.25,0.347248677,19.61856931,0.058156624,0,0.012041147,0,-0.963291791,0,-0.00594483,0.070197771,-0.969236621,-0.89903885,-0.830022481
3261,2016,9,12,SEFCRI,SEFCRI,26.76881667,-80.01273333,25.29839919,0,1,0,0,6,57,1,0,35,426.1363636,1.992480931,112.5695441,0,0.010752681,0,0,-0.240073532,0,-1.291757555,0.010752681,-1.531831087,-1.521078405,-1.404310026
3262,2016,9,12,SEFCRI,SEFCRI,26.77115,-80.01158333,23.77439924,0,0,0,4,12,12,12,0,58,1221.590909,1.253796504,70.83596069,0,0,0,0,-0.232223406,0,-0.766577497,0,-0.998800903,-0.998800903,-0.922126116
3262,2018,10,30,SEFCRI,SEFCRI,26.82563,-80.01651,25.60319918,0,0,0,20,1,40,0,0,34,0,0,0,0,0,0,0,-0.08880099,0,0,0,-0.08880099,-0.08880099,-0.081984019
3263,2018,9,6,SEFCRI,SEFCRI,25.9626167,-80.0889167,19.96439937,1,0,0,9,17,14,36,0,22,383.5227273,0.590647577,33.36991958,0.083965667,0,0,0,-0.218450647,0,-0.005035733,0.083965667,-0.22348638,-0.139520713,-0.128810149
3265,2016,11,16,SEFCRI,SEFCRI,27.125883,-80.134167,4.876799844,0,0,7,0,9,0,0,0,65,0,0,0,0,0,0.016802309,0,-0.24003299,-0.015159593,0,0.016802309,-0.255192582,-0.238390273,-0.220089806
3266,2016,11,16,SEFCRI,SEFCRI,27.11625,-80.128917,9.448799698,0,0,5,0,3,0,0,0,87,0,0,0,0,0,0.012004036,0,-0.240080715,-0.009095756,0,0.012004036,-0.249176471,-0.237172435,-0.218965457
3266,2018,11,30,SEFCRI,SEFCRI,26.1414333,-80.0773667,23.92679924,4,1,4,6,20,2,10,0,39,852.2727273,1.580608931,89.29993958,0.274543118,0.010768673,0.009617223,0,-0.226004735,0,-0.739985806,0.294929014,-0.965990541,-0.671061528,-0.619546257
3268,2018,9,26,SEFCRI,SEFCRI,26.2696,-80.0617667,25.45079919,2,0,3,3,8,37,31,0,11,752.8409091,0.944674503,53.37144086,0.123039081,0,0.007228129,-0.000607364,-0.233709508,0,-0.535493834,0.13026721,-0.769810705,-0.639543495,-0.590447763
3269,2018,10,31,SEFCRI,SEFCRI,26.64289,-80.01884,23.92679924,0,2,0,32,27,0,7,0,21,71.02272727,0.30742366,17.36856834,0,0.021510942,0,0,-0.163292356,0,-0.023477978,0.021510942,-0.186770334,-0.165259392,-0.152572951
3270,2016,11,16,SEFCRI,SEFCRI,27.107083,-80.1235,7.010399776,0,0,9,58,3,15,0,0,13,134.9431818,0.0276708,1.563322011,0,0,0.021612974,0,-0.100860547,0,-0.002287359,0.021612974,-0.103147906,-0.081534932,-0.075275753
3272,2018,9,5,SEFCRI,SEFCRI,25.771581,-80.08817,16.45919947,1,0,0,6,24,8,0,0,49,184.6590909,0.103157025,5.828080517,0.067579034,0,0,0,-0.232917301,0,-0.001898224,0.067579034,-0.234815526,-0.167236492,-0.154398275
3278,2018,9,5,SEFCRI,SEFCRI,25.7704333,-80.0876333,18.44039941,0,0,0,25,9,4,14,0,36,284.0909091,0.027851944,1.573556166,0,0,0,0,-0.184867536,0,0,0,-0.184867536,-0.184867536,-0.17067584
3279,2016,11,15,SEFCRI,SEFCRI,27.14025,-80.0719167,23.16479926,1,0,0,0,0,11,0,0,88,0,0,0,0.057965594,0,0,0,-0.240031907,0,0,0.057965594,-0.240031907,-0.182066313,-0.168089658
3280,2016,9,3,SEFCRI,SEFCRI,26.99275,-80.01536667,19.35479939,1,0,0,0,13,17,0,0,69,85.22727273,0.075108791,4.243434533,0.057997238,0,0,0,-0.240162943,0,-0.001687311,0.057997238,-0.241850253,-0.183853015,-0.1697392
3285,2016,9,3,SEFCRI,SEFCRI,26.99538333,-80.06475,13.71599956,0,0,1,55,7,1,0,0,36,0,0,0,0,0,0.002401996,0,-0.124903806,0,0,0.002401996,-0.124903806,-0.12250181,-0.113097733
3285,2018,10,31,SEFCRI,SEFCRI,26.72299,-80.01913,18.28799942,2,0,0,20,25,1,1,0,50,142.0454545,0.012034709,0.679927038,0.120234706,0,0,0,-0.194438337,0,0,0.120234706,-0.194438337,-0.07420363,-0.068507252
3286,2016,11,15,SEFCRI,SEFCRI,27.090833,-80.042417,21.18359933,0,0,10,10,18,17,0,0,45,0,0,0,0,0,0.024006115,0,-0.216055033,0,0,0.024006115,-0.216055033,-0.192048918,-0.17730593
3288,2016,9,3,SEFCRI,SEFCRI,27.06621667,-80.04386667,20.11679936,0,0,17,19,11,35,0,0,13,0,0,0,0,0,0.040813681,-0.000605203,-0.211270818,0,0,0.040813681,-0.211876021,-0.17106234,-0.157930425
3289,2016,9,3,SEFCRI,SEFCRI,27.05635,-80.03386667,20.42159935,0,0,13,7,16,32,0,0,27,42.61363636,0.129063167,7.29170433,0,0,0.031235196,0,-0.223451789,0,-0.003105856,0.031235196,-0.226557645,-0.195322448,-0.180328161
3545,2018,10,31,SEFCRI,SEFCRI,26.74408,-80.013,26.82239914,1,0,4,2,12,11,1,0,62,28.40909091,0.012714123,0.718312023,0.083952901,0,0.009600766,0,-0.235218774,0,0,0.093553667,-0.235218774,-0.141665107,-0.130789925
3903,2018,11,20,SEFCRI,SEFCRI,26.2100667,-80.0788333,13.41119957,0,0,2,17,9,40,4,0,26,56.81818182,0.005498556,0.310652892,0,0,0.004800056,-0.000605007,-0.199202342,0,0,0.004800056,-0.199807349,-0.195007292,-0.180037199
