REGION,SUB_REGION,SUB_REGION_2,HABITAT_TYPE,YEAR,PRIMARY_SAMPLE_UNIT,LAT_DEGREES,LON_DEGREES,AVG_DEPTH,parrotfish_Density,parrotfish_Biomass,hardCoral_PrctCvr,cca_PrctCvr,hydrocoral_PrctCvr,microbioerosion_PrctCvr,macrobioerosion_PrctCvr,hardCoral_G,cca_G,hydrocoral_G,microbioerosion_G,macrobioerosion_G,urchin_G,parrotfish_G,grossP_G,grossE_G,net_G,budget_State,RAP
DRTO,DRTO,DRTO,Bank,2016,2339,24.69092,-83.05819,22.0979993,838.0681818,69.20726076,34,15,1,33,,3.329890918,0.036213082,0.010813013,0.229349521,0.000608581,0,0.346519537,3.376917013,0.576477639,2.800439374,Growth,2.5854585
DRTO,DRTO,DRTO,Bank,2016,2368,24.64973797,-83.01889842,24.68879921,1728.181818,36.60099939,23,0,2,34,,2.359330718,0,0.023616002,0.2376,0.001329162,0,0.343583284,2.38294672,0.582512446,1.800434274,Growth,1.662220629
DRTO,DRTO,DRTO,Bank,2016,2370,24.66657,-83.02176,17.06879945,1250,24.85821058,27,0,9,46,,1.548733207,0,0.114619313,0.24,0,0,0.157781974,1.66335252,0.397781974,1.265570547,Growth,1.168416699
DRTO,DRTO,DRTO,Bank,2016,2687,24.67824,-83.01801,16.61159947,1363.636364,43.07198939,13,1,5,67,,1.464635176,0.003324259,0.07444532,0.24,0,0,0.112609687,1.542404756,0.352609687,1.189795069,Growth,1.098458264
DRTO,DRTO,DRTO,Bank,2016,2665,24.6772,-82.99448,24.68879921,575.2840909,38.42748768,22,0,0,72,,1.380987971,0,0,0.2088,0,0,0.401890541,1.380987971,0.610690541,0.77029743,Growth,0.711164132
DRTO,DRTO,DRTO,Bank,2016,2311,24.70403,-83.04774,21.33599932,1079.545455,49.7481429,15,29,3,39,,1.416244424,0.07001615,0.032440981,0.241434999,0,0,0.543510857,1.518701555,0.784945856,0.733755699,Growth,0.677427595
DRTO,DRTO,DRTO,Bank,2016,2695,24.70196871,-83.0334847,25.45079919,1008.522727,39.96502774,17,2,0,68,,1.307369639,0.00482105,0,0.1872,0,0,0.480635229,1.312190689,0.667835229,0.64435546,Growth,0.594890329
DRTO,DRTO,DRTO,Bank,2016,2372,24.68183,-82.99274,24.9935992,923.2954545,20.16723709,14,5,0,64,,0.877465491,0.012164635,0,0.2376,0,0,0.016527253,0.889630126,0.254127253,0.635502873,Growth,0.586717327
DRTO,DRTO,DRTO,Bank,2016,2295,24.67969,-83.02558,17.22119945,987.2159091,21.30845983,15,1,4,56,,0.811803182,0.002401065,0.043016631,0.240106496,0,0,0.00824222,0.857220878,0.248348717,0.608872162,Growth,0.562130972
DRTO,DRTO,DRTO,Bank,2016,2266,24.61279205,-83.03517767,27.27959913,1008.522727,37.37235487,9,2,0,64,,0.902695798,0.004866324,0,0.167888187,0,0.003031919,0.29987975,0.907562122,0.470799856,0.436762266,Stasis,0.403233408
DRTO,DRTO,DRTO,Bank,2016,2365,24.64244203,-83.02132825,19.35479939,1008.522727,80.21044426,12,0,3,53,,1.001932218,0,0.038068593,0.24,0.001428391,0,0.375435529,1.040000811,0.61686392,0.423136891,Stasis,0.39065401
DRTO,DRTO,DRTO,Bank,2016,2305,24.70013,-83.00943,27.73679911,142.0454545,1.163469107,1.204819277,0,0,96.38554217,,0.069438589,0,0,0.043406377,0,0,0.000949974,0.069438589,0.04435635,0.025082239,Stasis,0.023156755
DRTO,DRTO,DRTO,Bank,2016,2678,24.72227,-82.98708,23.01239927,851.1647727,13.97909308,5,7,0,70,,0.252262892,0.016976412,0,0.2376,0,0,0.039547893,0.269239305,0.277147893,-0.007908588,Stasis,-0.007301471
DRTO,DRTO,DRTO,Bank,2016,2278,24.68256,-83.01213,19.35479939,589.4886364,5.216386572,2,4,0,82,,0.195695676,0.009744879,0,0.221696,0,0,0.003651715,0.205440555,0.225347715,-0.01990716,Stasis,-0.01837895
DRTO,DRTO,DRTO,Bank,2016,2362,24.70549,-83.01248,29.10839907,838.0681818,12.33820165,3,0,0,86,,0.176722951,0,0,0.2376,0.000612466,0,0.00718204,0.176722951,0.245394506,-0.068671555,Stasis,-0.063399857
DRTO,DRTO,DRTO,Bank,2016,2270,24.64895711,-83.102595,23.77439924,1075.170455,22.77044055,3,7,0,66,,0.218663191,0.016901184,0,0.226958755,0,0,0.077954594,0.235564375,0.304913349,-0.069348974,Stasis,-0.064025273
DRTO,DRTO,DRTO,Bank,2016,2325,24.66665014,-83.06764757,18.28799942,312.5,4.976625094,0,8,1,75,,0,0.019256757,0.010781164,0.168496619,0.001820365,0,0.00060168,0.03003792,0.170918665,-0.140880745,Stasis,-0.130065776
DRTO,DRTO,DRTO,Bank,2016,2328,24.6984,-82.99718,22.85999927,426.1363636,10.1942798,0,0,0,94,,0,0,0,0.144392079,0,0,0.004324595,0,0.148716674,-0.148716674,Stasis,-0.137300165
DRTO,DRTO,DRTO,Bank,2016,2691,24.69374,-83.01121,22.25039929,880.6818182,31.03155041,3,0,0,88,,0.204158184,0,0,0.1512,0,0,0.233860684,0.204158184,0.385060684,-0.180902499,Stasis,-0.167015186
DRTO,DRTO,DRTO,Bank,2016,2333,24.66155,-83.0244,18.13559942,801.875,27.01525224,4,1,1,87,,0.271665244,0.00240231,0.010759735,0.240231026,0,0,0.234386731,0.28482729,0.474617757,-0.189790467,Stasis,-0.175220853
DRTO,DRTO,DRTO,Bank,2016,2358,24.6933,-82.98184,28.49879909,397.7272727,19.26988487,1,0,0,96,,0.064669765,0,0,0.0936,0,0,0.168862238,0.064669765,0.262462238,-0.197792472,Stasis,-0.182608569
DRTO,DRTO,DRTO,Bank,2016,2334,24.65450342,-83.03464081,16.45919947,1797.357955,87.7866269,14,3,1,46,,0.898750427,0.007638722,0.011404387,0.236800373,0.000641865,0,0.929316605,0.917793535,1.166758843,-0.248965308,Stasis,-0.229853029
DRTO,DRTO,DRTO,Bank,2016,2329,24.71494,-82.98818,16.61159947,880.6818182,31.20439157,2,2,1,87,,0.137095174,0.004871248,0.010908944,0.233819884,0,0,0.333315871,0.152875366,0.567135755,-0.41426039,Stasis,-0.38245893
DRTO,DRTO,DRTO,Bank,2016,2375,24.69744,-82.99547,23.62199925,823.8636364,46.86645216,8,2,1,78,,0.262770781,0.004820958,0.010796324,0.2088,0,0,0.669394369,0.278388063,0.878194369,-0.599806306,Erosion,-0.553761073
DRTO,DRTO,DRTO,Bank,2016,2373,24.6789,-82.99505,24.07919923,1252.982955,56.93400675,3,4,1,66,,0.157286119,0.009617514,0.010768999,0.2136,0,0,0.690616364,0.177672632,0.904216364,-0.726543732,Erosion,-0.670769267
DRTO,DRTO,DRTO,Bank,2016,2288,24.65600688,-83.08527463,15.23999951,724.4318182,143.5628557,0,6,4,66,,0,0.014410457,0.043028775,0.230567307,0.000605439,0,0.633771918,0.057439232,0.864944665,-0.807505433,Erosion,-0.745515795
DRTO,DRTO,DRTO,Bank,2016,2309,24.6767857,-83.08162767,20.11679936,1228.721591,71.38254362,4,19,0,53,,0.211349254,0.04619711,0,0.213965563,0,0,1.00209932,0.257546364,1.216064883,-0.958518519,Erosion,-0.884936084
DRTO,DRTO,DRTO,Bank,2016,2268,24.62397795,-83.09949344,23.46959925,589.4886364,88.89295756,0,6,0,77,,0,0.014423255,0,0.182694562,0.000605977,0,1.275581423,0.014423255,1.458881963,-1.444458708,Erosion,-1.333572181
DRTO,DRTO,DRTO,Forereef,2016,2597,24.7132,-82.844,8.381999732,1122.159091,14.18388452,3,0,0,81,,2.183815001,0,0,0.189848395,0,0,0.074048448,2.183815001,0.263896843,1.919918158,Growth,1.772532113
DRTO,DRTO,DRTO,Forereef,2016,2250,24.60877,-82.93293,10.97279965,1086.647727,28.80703883,24,0,2,61,,1.896329469,0,0.024563698,0.274215034,0,0.018191512,0.231124342,1.920893167,0.523530888,1.397362279,Growth,1.290091196
DRTO,DRTO,DRTO,Forereef,2016,2149,24.63844,-82.79448,5.791199815,2002.840909,58.8544683,3,1,1,80,,2.20355837,0.002424871,0.010860781,0.23521244,0,0.036383023,0.566912123,2.216844021,0.838507586,1.378336435,Growth,1.272525906
DRTO,DRTO,DRTO,Forereef,2016,2078,24.65183,-82.95745,22.0979993,1219.6875,31.90006591,24,0,0,54,,1.760425787,0,0,0.281731235,0,0,0.247905069,1.760425787,0.529636304,1.230789483,Growth,1.136305667
DRTO,DRTO,DRTO,Forereef,2016,2166,24.58933,-82.8846,14.78279953,1143.465909,19.64454411,27,6,0,55,,1.446534912,0.014531268,0,0.210703387,0,0,0.072796784,1.461066181,0.283500171,1.177566009,Growth,1.087167991
DRTO,DRTO,DRTO,Forereef,2016,2072,24.72435,-82.8107,16.30679948,589.4886364,23.38007966,25,2,0,65,,1.502346593,0.0048,0,0.18,0,0,0.166696494,1.507146593,0.346696494,1.160450099,Growth,1.071366015
DRTO,DRTO,DRTO,Forereef,2016,2099,24.72701,-82.81797,24.38399922,610.7954545,16.46761913,16.09195402,0,0,73.56321839,,1.170058657,0,0,0.220689655,0,0.003031919,0.021919666,1.170058657,0.24564124,0.924417417,Growth,0.853452815
DRTO,DRTO,DRTO,Forereef,2016,2073,24.60679,-82.8719,18.44039941,525.5681818,9.401803066,16,0,0,61,,1.139309922,0,0,0.233745217,0,0,0.003024821,1.139309922,0.236770038,0.902539884,Growth,0.833254751
DRTO,DRTO,DRTO,Forereef,2016,2253,24.63216,-82.94773,19.04999939,1150.568182,20.92198651,17,0,0,69,,1.048031507,0,0,0.165615336,0,0.003031919,0.005807667,1.048031507,0.174454922,0.873576585,Growth,0.806514873
DRTO,DRTO,DRTO,Forereef,2016,2222,24.69668786,-82.92490502,17.06879945,269.8863636,30.85550691,14,6,0,59,,1.45207168,0.014405106,0,0.192068083,0,0,0.423094018,1.466476786,0.615162101,0.851314685,Growth,0.785961949
DRTO,DRTO,DRTO,Forereef,2016,2229,24.57847,-82.97454,17.06879945,1214.488636,45.606186,15,2,1,63,,0.990602136,0.005166158,0.011569382,0.242809417,0,0,0.166856103,1.007337676,0.40966552,0.597672156,Growth,0.551790755
DRTO,DRTO,DRTO,Forereef,2016,2255,24.66092882,-82.93717822,20.72639934,696.0227273,27.20111846,17,1,3,33,,0.78098915,0.002403631,0.032296954,0.24036311,0.003635492,0.006063837,0.175248017,0.815689736,0.425310456,0.39037928,Stasis,0.360411097
DRTO,DRTO,DRTO,Forereef,2016,2551,24.58288,-82.88835,12.6491996,1760.596591,24.04938723,8,0,0,70,,0.701291203,0,0,0.243074349,0,0,0.082271803,0.701291203,0.325346152,0.375945052,Stasis,0.347084939
DRTO,DRTO,DRTO,Forereef,2016,2581,24.61007,-82.87096,12.4967996,1747.159091,53.51300828,16,0,0,66,,0.790012628,0,0,0.235182448,0,0,0.202327605,0.790012628,0.437510053,0.352502575,Stasis,0.325442067
DRTO,DRTO,DRTO,Forereef,2016,2211,24.56519,-82.94097,16.91639946,1406.25,37.048204,6,0,0,83,,0.61884612,0,0,0.206131498,0,0,0.0798863,0.61884612,0.286017798,0.332828323,Stasis,0.307278145
DRTO,DRTO,DRTO,Forereef,2016,2097,24.72367,-82.78785,16.30679948,1136.363636,67.01300804,12,0,1,69,,0.737805717,0,0.010821235,0.147378511,0,0,0.323581778,0.748626952,0.470960289,0.277666663,Stasis,0.256351071
DRTO,DRTO,DRTO,Forereef,2016,2088,24.58912,-82.94318,13.71599956,1302.698864,53.04841826,13,1,0,72,,0.877342744,0.002406828,0,0.235869128,0,0.003031919,0.433248539,0.879749572,0.672149585,0.207599987,Stasis,0.191663193
DRTO,DRTO,DRTO,Forereef,2016,2261,24.62957,-82.96538,19.04999939,1335.170455,71.26104259,21,0,0,57,,1.391483175,0,0,0.247169364,0,0.006063837,0.943923724,1.391483175,1.197156925,0.19432625,Stasis,0.179408438
DRTO,DRTO,DRTO,Forereef,2016,2134,24.62085,-82.86258,9.143999709,1435.994318,41.42011386,6,2,2,78,,0.471417749,0.004835031,0.021655676,0.219993907,0,0,0.159149965,0.497908456,0.379143872,0.118764584,Stasis,0.109647402
DRTO,DRTO,DRTO,Forereef,2016,2098,24.72343,-82.83911,24.38399922,170.4545455,1.455158831,5,1,0,82,,0.321425571,0.0024,0,0.2208,0,0,0.000281218,0.323825571,0.221081218,0.102744352,Stasis,0.094856993
DRTO,DRTO,DRTO,Forereef,2016,2548,24.71864,-82.88831,20.42159935,553.9772727,11.07448055,5,1,1,82,,0.303658371,0.0024,0.010749388,0.2232,0,0,0.007707529,0.316807759,0.230907529,0.08590023,Stasis,0.079305941
DRTO,DRTO,DRTO,Forereef,2016,2141,24.60046,-82.87341,8.077199742,994.3181818,29.79165149,4,0,3,67,,0.34052355,0,0.032659218,0.243059177,0,0,0.071616696,0.373182767,0.314675874,0.058506893,Stasis,0.054015504
DRTO,DRTO,DRTO,Forereef,2016,2112,24.72623,-82.80449,17.06879945,14.20454545,0.067992704,0,0,0,100,,0,0,0,0.014406654,0,0,0,0,0.014406654,-0.014406654,Stasis,-0.013300701
DRTO,DRTO,DRTO,Forereef,2016,2210,24.55088,-82.9284,16.45919947,781.25,15.35951816,3,3,3,77,,0.178168889,0.0072,0.032248164,0.2376,0,0,0.005565693,0.217617053,0.243165693,-0.025548639,Stasis,-0.023587351
DRTO,DRTO,DRTO,Forereef,2016,2576,24.59865,-82.87169,14.32559954,1022.727273,19.38130564,4,0,0,60,,0.248369718,0,0,0.188534537,0,0,0.093818274,0.248369718,0.282352811,-0.033983093,Stasis,-0.031374318
DRTO,DRTO,DRTO,Forereef,2016,2164,24.64292,-82.93114,7.619999757,653.4090909,86.49441274,6,1,1,60,,0.373022904,0.002424573,0.01085945,0.242457343,0,0.009095756,0.182236763,0.386306928,0.433789862,-0.047482934,Stasis,-0.043837819
DRTO,DRTO,DRTO,Forereef,2016,2262,24.64763,-82.95693,20.11679936,1120.568182,8.998533073,0,4,0,91,,0,0.0096,0,0.0528,0,0,0.006087458,0.0096,0.058887458,-0.049287458,Stasis,-0.045503816
DRTO,DRTO,DRTO,Forereef,2016,2556,24.72403,-82.80654,14.32559954,660.5113636,16.40696044,3,0,0,86,,0.267767996,0,0,0.233065303,0,0,0.090796761,0.267767996,0.323862064,-0.056094068,Stasis,-0.051787904
DRTO,DRTO,DRTO,Forereef,2016,2101,24.72773502,-82.77866436,23.62199925,738.6363636,24.42993807,7,8,0,71,,0.46044146,0.0192,0,0.2184,0,0,0.322746495,0.47964146,0.541146495,-0.061505036,Stasis,-0.056783489
DRTO,DRTO,DRTO,Forereef,2016,2160,24.72118,-82.80761,12.4967996,887.7840909,59.22923725,11,2,0,64,,0.59997101,0.004849182,0,0.235185346,0,0.003031919,0.49575511,0.604820192,0.733972375,-0.129152183,Stasis,-0.119237578
DRTO,DRTO,DRTO,Forereef,2016,2636,24.58943,-82.95677,15.6971995,369.3181818,6.627593811,0,6,0,81,,0,0.014403715,0,0.14163653,0.001815468,0,0.002099897,0.014403715,0.145551895,-0.13114818,Stasis,-0.121080349
DRTO,DRTO,DRTO,Forereef,2016,2157,24.71971,-82.81462,11.12519965,1093.75,15.60790556,1,2,0,92,,0.058046065,0.004807303,0,0.185081151,0,0.003031919,0.008460001,0.062853368,0.196573071,-0.133719703,Stasis,-0.123454464
DRTO,DRTO,DRTO,Forereef,2016,2220,24.64482,-82.94013,12.80159959,980.1136364,43.58203094,6,1,0,86,,0.418888644,0.002405405,0,0.218891831,0,0,0.33972667,0.421294049,0.558618501,-0.137324452,Stasis,-0.126782488
DRTO,DRTO,DRTO,Forereef,2016,2549,24.72291,-82.8532,25.29839919,326.7045455,8.491086027,1,0,0,97,,0.070814473,0,0,0.216012762,0,0,0.005812149,0.070814473,0.221824911,-0.151010438,Stasis,-0.139417844
DRTO,DRTO,DRTO,Forereef,2016,2147,24.59145,-82.87435,13.86839956,1505.681818,47.25982214,6,1,1,69,,0.392991876,0.002501617,0.011204521,0.235151994,0,0,0.327564181,0.406698014,0.562716175,-0.156018161,Stasis,-0.14404114
DRTO,DRTO,DRTO,Forereef,2016,2550,24.57066,-82.92463,12.34439961,2898.494318,62.01243592,5,0,2,77,,0.308988358,0,0.021851109,0.243933239,0,0.009095756,0.23785635,0.330839467,0.490885344,-0.160045878,Stasis,-0.147759662
DRTO,DRTO,DRTO,Forereef,2016,2114,24.56779,-82.94888,17.83079943,1315.198864,49.9092501,8,2,0,73,,0.471246565,0.004836947,0,0.234591911,0,0,0.440274696,0.476083512,0.674866607,-0.198783095,Stasis,-0.183523145
DRTO,DRTO,DRTO,Forereef,2016,2093,24.65625339,-82.78432198,13.25879958,1001.420455,34.5885328,4,1,1,58,,0.285082937,0.002408745,0.010788558,0.197517124,0.001821614,0,0.312250379,0.29828024,0.511589116,-0.213308876,Stasis,-0.196933828
DRTO,DRTO,DRTO,Forereef,2016,2552,24.60271,-82.97823,14.78279953,1065.340909,17.63519238,3,9,1,67,,0.137032228,0.022069802,0.010983188,0.2136,0.000618159,0.015159593,0.162836181,0.170085218,0.392213933,-0.222128715,Stasis,-0.205076596
DRTO,DRTO,DRTO,Forereef,2016,2209,24.6875,-82.88503,6.857999781,1633.522727,68.07224402,2,1,1,78,,0.119949278,0.002403491,0.010765022,0.213910665,0,0,0.164927247,0.133117791,0.378837912,-0.245720121,Stasis,-0.226856964
DRTO,DRTO,DRTO,Forereef,2016,2156,24.71759,-82.80542,13.41119957,355.1136364,18.49878472,1,5,1,83,,0.052666,0.012,0.010749388,0.132,0,0.009095756,0.214969724,0.075415388,0.356065479,-0.280650091,Stasis,-0.259105471
DRTO,DRTO,DRTO,Forereef,2016,2103,24.63315,-82.96631,21.03119933,646.3068182,22.01460293,2,1,0,80,,0.130650209,0.002756482,0,0.237057417,0,0,0.23285139,0.133406691,0.469908807,-0.336502116,Stasis,-0.310669913
DRTO,DRTO,DRTO,Forereef,2016,2150,24.68187042,-82.77555275,10.36319967,752.8409091,48.79943683,4,2,3,50,,0.308242304,0.006323868,0.042486069,0.316193396,0,0.003031919,0.497476103,0.357052241,0.816701418,-0.459649177,Stasis,-0.424363363
DRTO,DRTO,DRTO,Forereef,2016,2207,24.63338,-82.93345,7.619999756,1697.443182,66.79800167,1,4,0,91,,0.058750757,0.009731329,0,0.216522061,0,0,0.381302395,0.068482085,0.597824456,-0.529342371,Erosion,-0.488706431
DRTO,DRTO,DRTO,Forereef,2016,2138,24.63125,-82.85759,10.05839968,1960.227273,66.47682739,6,0,0,59,,0.318338088,0,0,0.241723732,0,0,0.6597012,0.318338088,0.901424931,-0.583086843,Erosion,-0.53832511
DRTO,DRTO,DRTO,Forereef,2016,2178,24.62725,-82.82698,5.94359981,774.1477273,60.05745128,2,8,1,78,,0.113887893,0.019222618,0.010762051,0.16579508,0,0.072766046,0.50922508,0.143872562,0.747786206,-0.603913644,Erosion,-0.557553103
DRTO,DRTO,DRTO,Forereef,2016,2237,24.546,-82.95488,19.20239939,928.0681818,35.89413206,1,0,1,80,,0.023160599,0,0.010749388,0.2064,0.000605,0,0.462765199,0.033909987,0.669770199,-0.635860212,Erosion,-0.587047234
DRTO,DRTO,DRTO,Forereef,2016,2212,24.57709,-82.90421,11.58239963,1157.670455,37.15227347,0,1,0,78,,0,0.002400857,0,0.187266849,0,0,0.460629778,0.002400857,0.647896627,-0.64549577,Erosion,-0.595943101
DRTO,DRTO,DRTO,Forereef,2016,2238,24.54199,-82.94307,21.48839932,1029.857955,67.29018073,7,0,0,76,,0.570636845,0,0,0.24,0,0,0.978325781,0.570636845,1.218325781,-0.647688936,Erosion,-0.597967905
DRTO,DRTO,DRTO,Forereef,2016,2226,24.71857,-82.85067,12.19199961,731.5340909,98.78436076,7,1,1,76,,0.409667236,0.002406968,0.010780595,0.204592239,0,0,1.212498395,0.422854798,1.417090634,-0.994235836,Erosion,-0.917911495
DRTO,DRTO,DRTO,Forereef,2016,2161,24.62953,-82.94263,7.772399752,1455.965909,70.81235111,0,3,0,88,,0,0.007205655,0,0.194552691,0,0,0.808400616,0.007205655,1.002953307,-0.995747652,Erosion,-0.919307254
DRTO,DRTO,DRTO,Forereef,2016,2091,24.63534,-82.84103,9.753599689,546.9034091,97.48740334,4,5,2,68,,0.219301045,0.012011785,0.021519889,0.158555559,0,0,1.426256203,0.252832719,1.584811761,-1.331979043,Erosion,-1.229727224
DRTO,DRTO,DRTO,Forereef,2016,2081,24.69691,-82.85974,7.010399776,1370.738636,130.2373217,1,0,1,83,,0.066306447,0,0.011032934,0.229087551,0,0,1.586330453,0.077339381,1.815418004,-1.738078623,Erosion,-1.604651824
DRTO,DRTO,DRTO,Forereef,2016,2260,24.61995,-82.96973,18.59279941,994.8863636,156.548187,8,0,7,63,,0.405329086,0,0.077832175,0.220942181,0,0.003031919,2.538444655,0.483161261,2.762418754,-2.279257493,Erosion,-2.104286103
DRTO,DRTO,DRTO,Forereef,2016,2069,24.7025184,-82.77184887,21.48839932,1562.5,281.5871935,4,1,1,68,,0.237684998,0.0024,0.010749388,0.2376,0.000605,0,3.910207063,0.250834386,4.148412063,-3.897577678,Erosion,-3.598372966
DRTO,DRTO,DRTO,Lagoon,2016,2254,24.64221,-82.85604,10.36319967,1486.306818,43.7574549,18,0,4,39,,1.173792337,0,0.045782157,0.227433152,0,0,0.234264885,1.219574494,0.461698037,0.757876458,Growth,0.699696679
DRTO,DRTO,DRTO,Lagoon,2016,2236,24.65709,-82.86862,7.315199766,738.6363636,37.53867521,13,1,1,50,,0.978734905,0.002524661,0.011307733,0.214596167,0,0.018191512,0.411164313,0.992567298,0.643951992,0.348615306,Stasis,0.321853211
DRTO,DRTO,DRTO,Lagoon,2016,2257,24.66716,-82.87287,6.2483998,1633.522727,125.8528537,6,1,1,59,,0.711502196,0.002405743,0.010775112,0.240574346,0,0.015159593,0.338857617,0.724683052,0.594591556,0.130091497,Stasis,0.120104784
DRTO,DRTO,DRTO,Lagoon,2016,2193,24.64112,-82.81892,5.94359981,838.0681818,23.9743356,3.03030303,0,1.01010101,63.63636363,,0.181959,0,0.010904321,0.228851624,0,0.015159593,0.200498308,0.192863321,0.444509524,-0.251646203,Stasis,-0.23232812
DRTO,DRTO,DRTO,Lagoon,2016,2126,24.61373,-82.92942,13.25879958,1536.931818,122.3103855,13,3,0,74,,0.892824794,0.007963304,0,0.238899113,0,0.003031919,0.913438655,0.900788097,1.155369686,-0.254581588,Stasis,-0.235038165
DRTO,DRTO,DRTO,Lagoon,2016,2249,24.68833,-82.84195,8.839199717,935.1704545,35.25592953,3,0,0,94,,0.193847504,0,0,0.224329075,0,0,0.237865092,0.193847504,0.462194168,-0.268346663,Stasis,-0.247746538
DRTO,DRTO,DRTO,Lagoon,2016,2106,24.66313,-82.85821,8.534399727,858.7215909,19.45983048,2,10,0,73,,0.103901677,0.024073944,0,0.240739441,0,0,0.206351736,0.127975621,0.447091176,-0.319115556,Stasis,-0.294618064
DRTO,DRTO,DRTO,Lagoon,2016,2205,24.62035,-82.92306,7.162799771,2337.755682,69.16023724,8,0,2,68,,0.748298712,0,0.02198032,0.245375679,0,0,0.879284414,0.770279032,1.124660093,-0.354381061,Stasis,-0.327176348
DRTO,DRTO,DRTO,Lagoon,2016,2611,24.66871,-82.81084,4.267199863,845.1704545,33.13763652,2,0,0,92,,0.121534637,0,0,0.242642627,0,0,0.247314752,0.121534637,0.48995738,-0.368422743,Stasis,-0.340140094
DRTO,DRTO,DRTO,Lagoon,2016,2116,24.58163,-82.92727,15.39239951,838.0681818,38.8444066,3,0,0,83,,0.180238227,0,0,0.156030574,0,0,0.43507125,0.180238227,0.591101825,-0.410863598,Stasis,-0.379322899
DRTO,DRTO,DRTO,Lagoon,2016,2608,24.65349,-82.8324,5.486399825,1640.625,47.6690146,2,1,0,80,,0.082102852,0.0024,0,0.24,0,0,0.318446063,0.084502852,0.558446063,-0.473943211,Stasis,-0.43756009
DRTO,DRTO,DRTO,Lagoon,2016,2598,24.60734,-82.90277,7.619999756,3296.022727,83.37261785,2,0,0,93,,0.117020827,0,0,0.24,0,0,0.410213277,0.117020827,0.650213277,-0.53319245,Erosion,-0.492260952
DRTO,DRTO,DRTO,Lagoon,2016,2206,24.62184,-82.90118,4.724399849,2329.545455,72.82340259,1,0,0,71,,0.059268759,0,0,0.228248254,0,0.02122343,0.549057453,0.059268759,0.798529137,-0.739260378,Erosion,-0.682509697
DRTO,DRTO,DRTO,Lagoon,2016,2610,24.66101,-82.80141,3.047999903,724.4318182,80.0801414,1,4,0,66,,0.058105336,0.009624423,0,0.204518982,0,0.012127674,0.796891767,0.067729758,1.013538424,-0.945808665,Erosion,-0.873201925
DRTO,DRTO,DRTO,Lagoon,2016,2570,24.61438,-82.90212,6.095999805,2095.170455,111.2421613,5,0,0,84,,0.302843403,0,0,0.222095109,0,0.009095756,1.324426312,0.302843403,1.555617177,-1.252773774,Erosion,-1.156602293
DRTO,DRTO,DRTO,Bank,2018,2109,24.7132,-83.04003,26.51759915,1150.568182,16.54067221,27,8,1,54,,1.93368633,0.019365612,0.010842108,0.242070154,0,0,0.138806589,1.96389405,0.380876743,1.583017307,Growth,1.461494075
DRTO,DRTO,DRTO,Bank,2018,2639,24.66274,-82.99051,25.90799917,525.5681818,12.91030999,24,0,0,68,,1.70827575,0,0,0.228,0,0,0.071042399,1.70827575,0.299042399,1.409233351,Growth,1.301050963
DRTO,DRTO,DRTO,Bank,2018,2574,24.70117,-83.03439,23.46959925,1321.022727,50.9134199,32,10,0,48,,1.879066228,0.02412773,0,0.24,0,0,0.319997336,1.903193958,0.559997336,1.343196622,Growth,1.240083665
DRTO,DRTO,DRTO,Bank,2018,2072,24.67825,-83.01815,16.91639946,2173.295455,72.15112858,16,1,0,50,,0.974931295,0.002433829,0,0.243382929,0,0,0.252674672,0.977365124,0.496057601,0.481307523,Stasis,0.444359067
DRTO,DRTO,DRTO,Bank,2018,2068,24.69101,-83.06484,24.23159923,1193.181818,43.75298497,16,14,0,50,,1.235602051,0.033939506,0,0.242425045,0.002444453,0,0.58111263,1.269541557,0.825982127,0.44355943,Stasis,0.409508775
DRTO,DRTO,DRTO,Bank,2018,2075,24.67758,-83.0847,21.64079931,1775.568182,59.64030857,13,8,0,61,,1.155772142,0.019438692,0,0.242983647,0,0,0.495247908,1.175210834,0.738231555,0.436979278,Stasis,0.403433761
DRTO,DRTO,DRTO,Bank,2018,2142,24.65213,-83.01417,21.18359933,1008.522727,38.84839179,9,1,3,75,,0.653050499,0.002507893,0.033697887,0.245773465,0,0.003031919,0.023964843,0.689256279,0.272770226,0.416486053,Stasis,0.384513736
DRTO,DRTO,DRTO,Bank,2018,2066,24.71351,-83.02954,28.95599907,1008.522727,55.41021674,14,2,0,69,,1.066013165,0.004816256,0,0.226364048,0.001821147,0,0.45236286,1.070829421,0.680548054,0.390281367,Stasis,0.360320701
DRTO,DRTO,DRTO,Bank,2018,2565,24.68981,-83.06761,26.21279916,866.4772727,15.35426934,5,9,0,65,,0.713420169,0.021690035,0,0.24,0.001215044,0,0.106976701,0.735110203,0.348191744,0.386918459,Stasis,0.357215953
DRTO,DRTO,DRTO,Bank,2018,2139,24.67971,-83.01236,17.83079943,1704.545455,322.5328288,24,0,1,61,,1.442224656,0,0.010761533,0.237868455,0.000605684,0,0.832919103,1.452986189,1.071393241,0.381592948,Stasis,0.352299264
DRTO,DRTO,DRTO,Bank,2018,2076,24.71168,-83.02719,30.02279904,440.3409091,12.36072483,6,6,0,83,,0.502040015,0.014437311,0,0.16843529,0,0,0.032126257,0.516477325,0.200561547,0.315915779,Stasis,0.291663924
DRTO,DRTO,DRTO,Bank,2018,2119,24.67235,-83.06731,18.74519941,1022.727273,16.50380255,7,3,3,76,,0.406122178,0.007264101,0.032535265,0.191287986,0.001220772,0.003031919,0.009256888,0.445921544,0.204797565,0.24112398,Stasis,0.222613655
DRTO,DRTO,DRTO,Bank,2018,2129,24.67079,-83.06887,18.44039941,1122.159091,13.54701343,7,16,0,63,,0.424689707,0.038670278,0,0.23202167,0.000609258,0,0.006195204,0.463359986,0.238826132,0.224533853,Stasis,0.207297099
DRTO,DRTO,DRTO,Bank,2018,2106,24.70845,-82.98426,21.33599932,1178.977273,37.56555735,7,4,1,78,,0.449961687,0.010292257,0.011524528,0.254733369,0.00389176,0,0.007100863,0.471778472,0.265725992,0.206052481,Stasis,0.190234484
DRTO,DRTO,DRTO,Bank,2018,2074,24.71924,-82.98492,18.28799942,1448.863636,49.11237557,12,2,0,76,,0.702790087,0.004841057,0,0.225109141,0,0,0.304885404,0.707631144,0.529994545,0.177636599,Stasis,0.163999999
DRTO,DRTO,DRTO,Bank,2018,2127,24.67831,-83.06504,19.50719938,980.1136364,59.85457629,7,2,4,62,,0.442809242,0.004844427,0.043395519,0.2349547,0,0,0.147599484,0.491049188,0.382554184,0.108495004,Stasis,0.100166186
DRTO,DRTO,DRTO,Bank,2018,2092,24.67935,-83.06744,19.96439937,1491.477273,24.89741596,5,4,1,79,,0.39814721,0.009649283,0.010804571,0.166450124,0,0,0.193107879,0.418601064,0.359558003,0.059043061,Stasis,0.054510512
DRTO,DRTO,DRTO,Bank,2018,2606,24.6954,-82.98131,26.82239914,511.3636364,16.62274684,5,0,0,74,,0.325645592,0,0,0.2112,0,0,0.073262808,0.325645592,0.284462808,0.041182783,Stasis,0.038021311
DRTO,DRTO,DRTO,Bank,2018,2122,24.70992,-82.9819,28.1939991,582.3863636,14.9976663,4,4,0,78,,0.277641625,0.009725763,0,0.184789501,0,0,0.074740457,0.287367388,0.259529957,0.027837431,Stasis,0.025700439
DRTO,DRTO,DRTO,Bank,2018,2047,24.63935,-83.02288,24.68879921,596.5909091,12.41126872,5,0,1,83,,0.265289146,0,0.010759087,0.175358085,0,0,0.073210901,0.276048233,0.248568986,0.027479248,Stasis,0.025369753
DRTO,DRTO,DRTO,Bank,2018,2141,24.69705,-83.0024,24.07919923,781.25,25.00640054,7,2,0,79,,0.408852767,0.004821247,0,0.231419858,0,0,0.16876824,0.413674014,0.400188098,0.013485916,Stasis,0.012450645
DRTO,DRTO,DRTO,Bank,2018,2561,24.72012,-82.98758,19.20239939,1875,70.61370515,13,1,1,79,,0.985662953,0.002413153,0.010808297,0.2256,0,0,0.7749878,0.998884403,1.0005878,-0.001703397,Stasis,-0.001572633
DRTO,DRTO,DRTO,Bank,2018,2006,24.63453,-83.10352,26.06039917,980.1136364,48.67861026,8,5,0,72,,0.495394219,0.012016557,0,0.216298024,0.002423339,0,0.328614869,0.507410775,0.547336231,-0.039925456,Stasis,-0.036860505
DRTO,DRTO,DRTO,Bank,2018,2014,24.63819,-83.06826,16.45919947,227.2727273,2.276099723,0,0,1,96,,0,0,0.010756712,0.124885036,0.000605412,0.003031919,0.000949974,0.010756712,0.12947234,-0.118715628,Stasis,-0.109602205
DRTO,DRTO,DRTO,Bank,2018,2033,24.61077,-83.03641,26.36519916,880.6818182,8.896412763,2,0,0,83,,0.08197964,0,0,0.204235434,0.001211396,0,0.0062357,0.08197964,0.21168253,-0.12970289,Stasis,-0.119746009
DRTO,DRTO,DRTO,Bank,2018,2073,24.70249,-83.03658,24.68879921,1093.75,61.61858714,12,13,0,59,,0.585274782,0.031268405,0,0.199636742,0,0.009095756,0.545320846,0.616543188,0.754053344,-0.137510156,Stasis,-0.126953936
DRTO,DRTO,DRTO,Bank,2018,2044,24.62884,-83.02582,20.11679936,1789.772727,11.95392842,0,0,0,98,,0,0,0,0.151482278,0,0,0.011598629,0,0.163080906,-0.163080906,Stasis,-0.150561701
DRTO,DRTO,DRTO,Bank,2018,2087,24.66427,-83.01035,20.72639934,1406.25,29.83441583,2,2,0,75,,0.110772899,0.004806466,0,0.218694185,0,0,0.116058155,0.115579365,0.33475234,-0.219172975,Stasis,-0.202347759
DRTO,DRTO,DRTO,Bank,2018,2140,24.69919,-83.00007,20.87879934,1079.545455,66.94564464,8,2,1,69,,0.526766116,0.004993813,0.011183424,0.249690653,0,0,0.525265018,0.542943352,0.774955672,-0.232012319,Stasis,-0.214201467
DRTO,DRTO,DRTO,Bank,2018,2008,24.61273,-83.09866,24.68879921,1264.204545,31.63328141,4,1,0,81,,0.246273792,0.002405469,0,0.240546883,0,0,0.271381632,0.248679261,0.511928515,-0.263249254,Stasis,-0.243040441
DRTO,DRTO,DRTO,Bank,2018,2079,24.64686,-83.07667,12.6491996,994.3181818,66.08904435,0,0,7,59,,0,0,0.075284101,0.240122431,0,0,0.116027592,0.075284101,0.356150023,-0.280865922,Stasis,-0.259304733
DRTO,DRTO,DRTO,Bank,2018,2026,24.63196,-83.03745,14.93519952,2855.113636,33.20003065,1,1,1,89,,0.058670557,0.002429511,0.010881566,0.206508445,0,0.006063837,0.17461098,0.071981634,0.387183263,-0.315201629,Stasis,-0.291004597
DRTO,DRTO,DRTO,Bank,2018,2062,24.70194,-83.02931,28.0415991,1661.931818,55.76343249,5,0,1,89,,0.283821407,0,0.010794005,0.130137923,0,0,0.617570276,0.294615411,0.747708199,-0.453092788,Stasis,-0.418310288
DRTO,DRTO,DRTO,Bank,2018,2004,24.63611,-83.04633,16.15439948,1832.386364,48.45928167,1,10,2,74,,0.058385795,0.024177193,0.021657503,0.207923862,0,0,0.430175246,0.104220491,0.638099108,-0.533878617,Erosion,-0.492894444
DRTO,DRTO,DRTO,Bank,2018,2002,24.64455,-83.07517,15.6971995,752.8409091,32.87417198,1,8,1,80,,0.068363919,0.019432782,0.010879714,0.240480673,0,0,0.401637937,0.098676414,0.64211861,-0.543442196,Erosion,-0.501723857
DRTO,DRTO,DRTO,Bank,2018,2131,24.66044,-83.07842,17.22119945,1491.477273,45.17875164,2,0,4,78,,0.127479531,0,0.045718483,0.25263558,0,0,0.477989032,0.173198014,0.730624612,-0.557426599,Erosion,-0.514634722
DRTO,DRTO,DRTO,Bank,2018,2058,24.71938,-82.98569,18.13559942,965.9090909,56.63257441,6,5,3,77,,0.329890582,0.012202771,0.03279308,0.234293205,0,0,0.702141155,0.374886434,0.93643436,-0.561547927,Erosion,-0.518439669
DRTO,DRTO,DRTO,Bank,2018,2093,24.64863,-83.07517,17.67839943,639.2045455,51.88868384,3,9,2,68,,0.170456426,0.02161421,0.02151292,0.232953155,0.001210796,0,0.557587867,0.213583556,0.791751818,-0.578168262,Erosion,-0.533784113
DRTO,DRTO,DRTO,Bank,2018,2003,24.60941,-83.09611,24.07919923,568.1818182,28.29023977,0,1,0,93,,0,0.002403795,0,0.2067264,0.001211913,0.003031919,0.407220415,0.002403795,0.618190647,-0.615786852,Erosion,-0.568514843
DRTO,DRTO,DRTO,Bank,2018,2085,24.66307,-83.06039,16.00199949,1008.522727,64.59950573,3,2,2,79,,0.131433125,0.004923615,0.022052436,0.246180738,0,0,0.775493848,0.158409175,1.021674586,-0.863265411,Erosion,-0.796995256
DRTO,DRTO,DRTO,Bank,2018,2036,24.63184,-83.10139,22.0979993,852.2727273,49.70360008,0,7,0,90,,0,0.016829302,0,0.201951628,0,0,0.685374787,0.016829302,0.887326415,-0.870497113,Erosion,-0.803671803
DRTO,DRTO,DRTO,Bank,2018,2041,24.6337,-83.0702,16.30679948,1207.386364,60.4741286,0,11,1,79,,0,0.026446296,0.010768238,0.192336697,0,0.003031919,0.893180368,0.037214534,1.088548984,-1.051334449,Erosion,-0.970626828
DRTO,DRTO,DRTO,Bank,2018,2112,24.65976,-83.02388,16.15439948,1463.068182,108.9550812,5,1,3,60,,0.23829694,0.002531924,0.034020795,0.240532802,0,0,1.250715709,0.274849659,1.491248511,-1.216398852,Erosion,-1.123019759
DRTO,DRTO,DRTO,Forereef,2018,2777,24.66252,-82.92735,17.37359944,1590.909091,22.26843795,36,0,0,52,,2.763475601,0,0,0.20162197,0,0,0.021099872,2.763475601,0.222721843,2.540753759,Growth,2.345708128
DRTO,DRTO,DRTO,Forereef,2018,2260,24.6201,-82.86237,14.78279953,1818.181818,28.06299503,35,3,0,34,,2.419033308,0.007882093,0,0.26273645,0,0,0.048994934,2.426915402,0.311731384,2.115184018,Growth,1.95280803
DRTO,DRTO,DRTO,Forereef,2018,2281,24.66235,-82.93566,22.55519928,767.0454545,40.12851095,25,0,0,62,,1.944439917,0,0,0.187459013,0,0,0.200325289,1.944439917,0.387784302,1.556655615,Growth,1.437156086
DRTO,DRTO,DRTO,Forereef,2018,2275,24.6617,-82.93086,17.06879945,1761.363636,41.92133984,27,0,2,62,,1.880356427,0,0.022263862,0.248540979,0,0,0.325965478,1.902620289,0.574506457,1.328113831,Growth,1.226158732
DRTO,DRTO,DRTO,Forereef,2018,2173,24.57588,-82.9232,10.97279965,184.6590909,10.98069504,3,5,0,78,,1.522383503,0.012006835,0,0.170497063,0.002421378,0.003031919,0.079897425,1.534390338,0.255847785,1.278542554,Growth,1.180392886
DRTO,DRTO,DRTO,Forereef,2018,2356,24.61198,-82.93323,12.95399959,1107.954545,48.65681922,36,0,5,35,,2.112735885,0,0.056296052,0.246355076,0,0,0.688266963,2.169031937,0.934622039,1.234409898,Growth,1.139648154
DRTO,DRTO,DRTO,Forereef,2018,2349,24.63609,-82.95874,16.15439948,1420.454545,39.46298414,22,0,0,58,,1.316129039,0,0,0.246239293,0,0,0.113389987,1.316129039,0.359629279,0.956499759,Growth,0.883072297
DRTO,DRTO,DRTO,Forereef,2018,2231,24.59838,-82.95029,16.45919947,610.7954545,9.071202098,18,0,1,52,,1.1425491,0,0.010751722,0.240052106,0,0.003031919,0.001726554,1.153300822,0.244810578,0.908490243,Growth,0.83874832
DRTO,DRTO,DRTO,Forereef,2018,2159,24.72226,-82.82856,16.15439948,1406.25,51.44445549,27,1,0,65,,1.625165398,0.0024,0,0.24,0,0,0.487267899,1.627565398,0.727267899,0.900297499,Growth,0.831184507
DRTO,DRTO,DRTO,Forereef,2018,2316,24.63982,-82.96483,23.92679924,767.0454545,31.97516201,16,1,0,75,,0.908513034,0.002402555,0,0.213827368,0,0,0.015517135,0.910915588,0.229344503,0.681571086,Growth,0.629249029
DRTO,DRTO,DRTO,Forereef,2018,2350,24.60692,-82.93263,13.56359957,1562.5,38.01447213,10,0,0,86,,1.052280934,0,0,0.173270693,0,0,0.235412188,1.052280934,0.408682881,0.643598053,Growth,0.594191066
DRTO,DRTO,DRTO,Forereef,2018,2172,24.57586,-82.90272,15.6971995,1974.431818,25.08214731,11,0,0,61,,0.859507671,0,0,0.22610261,0,0,0.069843652,0.859507671,0.295946263,0.563561408,Growth,0.520298581
DRTO,DRTO,DRTO,Forereef,2018,2332,24.60759,-82.93583,14.32559954,1250,36.91856869,16,8,1,51,,0.955729996,0.020682856,0.011579585,0.255950337,0.000651725,0.024255349,0.146401366,0.987992437,0.427258777,0.56073366,Growth,0.51768791
DRTO,DRTO,DRTO,Forereef,2018,2279,24.71964,-82.87695,16.61159947,1079.545455,21.78929775,12,2,2,66,,0.913828018,0.004884916,0.021879107,0.229591054,0,0,0.165285449,0.940592042,0.394876503,0.545715539,Growth,0.503822683
DRTO,DRTO,DRTO,Forereef,2018,2815,24.6062,-82.94888,14.47799954,1335.227273,53.31964724,23,2,1,53,,1.351432604,0.004804077,0.010758518,0.237801808,0,0.012127674,0.572957227,1.3669952,0.822886709,0.544108491,Growth,0.502339003
DRTO,DRTO,DRTO,Forereef,2018,2662,24.706853,-82.77395,17.83079943,1164.772727,40.04562219,15,3,0,71,,0.881170451,0.0072,0,0.2208,0.000605,0,0.156997803,0.888370451,0.378402803,0.509967649,Growth,0.470819045
DRTO,DRTO,DRTO,Forereef,2018,2297,24.70942,-82.87023,14.47799954,1349.431818,42.21345686,18,2,2,59,,0.962538798,0.0048,0.021498776,0.2232,0,0.003031919,0.270538854,0.988837574,0.496770773,0.492066802,Stasis,0.45429239
DRTO,DRTO,DRTO,Forereef,2018,2264,24.61679,-82.86564,20.42159935,369.3181818,5.827695459,9,0,0,80,,0.556868669,0,0,0.072661056,0,0.012127674,0.002198691,0.556868669,0.086987421,0.469881247,Stasis,0.43380995
DRTO,DRTO,DRTO,Forereef,2018,2165,24.62478,-82.83515,5.181599834,1079.545455,26.68024975,2,2,4,52,,0.827906524,0.005001632,0.044803737,0.250081606,0,0,0.157948514,0.877711893,0.408030121,0.469681773,Stasis,0.433625789
DRTO,DRTO,DRTO,Forereef,2018,2298,24.71159,-82.86465,11.12519965,1875,55.30806196,11,2,2,64,,0.685826381,0.00482884,0.02162795,0.214883398,0,0.003031919,0.06598047,0.712283171,0.283895787,0.428387384,Stasis,0.395501439
DRTO,DRTO,DRTO,Forereef,2018,2301,24.65616303,-82.95004603,25.90799917,1150.568182,12.35095353,11,0,1,76,,0.636680086,0,0.010774184,0.221309333,0,0,0.009437144,0.64745427,0.230746476,0.416707794,Stasis,0.384718455
DRTO,DRTO,DRTO,Forereef,2018,2153,24.73097,-82.79692,17.52599944,1931.818182,74.48107615,7,8,0,75,,0.612161572,0.019212168,0,0.216136887,0,0,0.051661289,0.63137374,0.267798176,0.363575564,Stasis,0.335665018
DRTO,DRTO,DRTO,Forereef,2018,2755,24.72138,-82.79869,14.17319955,1065.340909,52.14857621,9,7,1,77,,0.854383016,0.016804842,0.010752486,0.204058795,0.000605174,0,0.504599327,0.881940344,0.709263297,0.172677047,Stasis,0.159421176
DRTO,DRTO,DRTO,Forereef,2018,2287,24.6762,-82.91499,11.58239963,1775.568182,38.69034971,7,0,0,58,,0.525989578,0,0,0.253504611,0,0,0.10579848,0.525989578,0.359303091,0.166686487,Stasis,0.153890493
DRTO,DRTO,DRTO,Forereef,2018,2310,24.65586,-82.92618,14.47799954,1846.590909,25.99741724,8,0,0,75,,0.518231616,0,0,0.1896,0,0,0.187526745,0.518231616,0.377126745,0.141104872,Stasis,0.130272697
DRTO,DRTO,DRTO,Forereef,2018,2284,24.70534,-82.86513,9.448799698,1207.386364,44.09730849,9,1,0,49,,0.569871069,0.002513897,0,0.233792396,0,0,0.205495058,0.572384966,0.439287454,0.133097512,Stasis,0.122880037
DRTO,DRTO,DRTO,Forereef,2018,2315,24.64001,-82.9602,22.25039929,1235.795455,79.41802688,11,1,0,74,,0.751614969,0.002404065,0,0.199537426,0,0.006063837,0.422436623,0.754019035,0.628037887,0.125981148,Stasis,0.116309974
DRTO,DRTO,DRTO,Forereef,2018,2251,24.58765,-82.96849,16.30679948,2144.886364,31.10792581,7,0,3,69,,0.418764949,0,0.032352669,0.223923314,0.000606961,0.006063837,0.117765563,0.451117618,0.348359675,0.102757943,Stasis,0.094869541
DRTO,DRTO,DRTO,Forereef,2018,2226,24.58221,-82.97905,18.74519941,411.9318182,2.197579325,4,0,0,74,,0.24161068,0,0,0.144049073,0,0.003031919,0,0.24161068,0.147080992,0.094529688,Stasis,0.087272943
DRTO,DRTO,DRTO,Forereef,2018,2703,24.71418,-82.77647,21.03119933,568.1818182,20.42300567,8,3,0,75,,0.470420089,0.0072,0,0.2112,0,0,0.186422246,0.477620089,0.397622246,0.079997843,Stasis,0.073856662
DRTO,DRTO,DRTO,Forereef,2018,2155,24.57364,-82.92619,13.86839956,2755.681818,74.98318051,14,2,2,51,,0.8710687,0.004902119,0.021956157,0.245105934,0,0,0.580823668,0.897926975,0.825929602,0.071997373,Stasis,0.066470362
DRTO,DRTO,DRTO,Forereef,2018,2196,24.68704,-82.77881,4.876799844,198.8636364,1.067944084,6,1,0,88,,0.300398679,0.002419212,0,0.239502014,0,0.003031919,0,0.302817891,0.242533933,0.060283959,Stasis,0.05565615
DRTO,DRTO,DRTO,Forereef,2018,2295,24.71583,-82.88182,14.47799954,1732.954545,116.2061718,10,0,0,82,,0.684867984,0,0,0.216092749,0,0.003031919,0.414163169,0.684867984,0.633287837,0.051580146,Stasis,0.047620501
DRTO,DRTO,DRTO,Forereef,2018,2194,24.7317,-82.78209,22.25039929,568.1818182,15.76633593,7,0,0,86,,0.398222889,0,0,0.2328,0,0,0.135429281,0.398222889,0.368229281,0.029993608,Stasis,0.027691094
DRTO,DRTO,DRTO,Forereef,2018,2319,24.68343,-82.92562,16.15439948,1803.977273,62.1827316,15,1,2,71,,0.868763817,0.002402106,0.021517638,0.225797936,0.000605531,0,0.643994014,0.892683561,0.870397481,0.022286081,Stasis,0.020575249
DRTO,DRTO,DRTO,Forereef,2018,2706,24.56737,-82.94956,19.35479939,1349.431818,43.26930205,6,1,2,67,,0.541999106,0.002407214,0.021563394,0.235906927,0,0,0.32615713,0.565969713,0.562064057,0.003905656,Stasis,0.003605831
DRTO,DRTO,DRTO,Forereef,2018,2271,24.68799,-82.77191,10.51559966,1420.454545,54.84999029,8,0,2,40,,0.55163223,0,0.021498776,0.24,0,0.003031919,0.349172091,0.573131006,0.59220401,-0.019073004,Stasis,-0.01760883
DRTO,DRTO,DRTO,Forereef,2018,2337,24.59526,-82.88601,5.63879982,1093.75,43.83606552,4,4,2,77,,0.414920043,0.00961052,0.021522335,0.18980777,0,0.030319186,0.267256841,0.446052898,0.487383797,-0.041330899,Stasis,-0.038158057
DRTO,DRTO,DRTO,Forereef,2018,2259,24.58351,-82.96638,12.4967996,1534.090909,112.5232877,4,0,3,63,,0.213222279,0,0.032280706,0.233034919,0,0,0.069710503,0.245502985,0.302745422,-0.057242437,Stasis,-0.052848116
DRTO,DRTO,DRTO,Forereef,2018,2175,24.560667,-82.915026,12.80159959,1022.727273,21.51711132,3,4,1,65,,0.194739616,0.0096,0.010749388,0.24,0,0,0.047300337,0.215089004,0.287300337,-0.072211333,Stasis,-0.066667897
DRTO,DRTO,DRTO,Forereef,2018,2291,24.71199,-82.85766,9.143999708,965.9090909,36.5219205,4,2,0,59,,0.247811509,0.004819277,0,0.187951809,0.00060743,0.003031919,0.144609186,0.252630786,0.336200344,-0.083569558,Stasis,-0.077154187
DRTO,DRTO,DRTO,Forereef,2018,2342,24.64871,-82.92396,9.143999708,1789.772727,34.45268753,5,2,0,79,,0.216252841,0.004813411,0,0.226230314,0,0,0.097956464,0.221066252,0.324186778,-0.103120525,Stasis,-0.095204288
DRTO,DRTO,DRTO,Forereef,2018,2191,24.73051,-82.79893,16.30679948,1321.022727,43.38094,7,0,0,86,,0.370635944,0,0,0.241248732,0,0,0.235702818,0.370635944,0.47695155,-0.106315606,Stasis,-0.098154093
DRTO,DRTO,DRTO,Forereef,2018,2341,24.59551,-82.88401,7.010399776,1107.954545,32.2008703,3,1,1,63,,0.254007735,0.002403037,0.010762989,0.21867634,0,0.003031919,0.154501868,0.267173761,0.376210126,-0.109036365,Stasis,-0.100665988
DRTO,DRTO,DRTO,Forereef,2018,2254,24.568373,-82.947721,18.7451994,1292.613636,31.43360735,4,2,0,73,,0.207020243,0.004820234,0,0.241011717,0.004252853,0,0.093525522,0.211840478,0.338790092,-0.126949614,Stasis,-0.117204094
DRTO,DRTO,DRTO,Forereef,2018,2168,24.70755,-82.79465,7.162799771,255.6818182,1.379984041,1,5,1,82,,0.052789103,0.012028049,0.010774514,0.204476834,0.001819242,0.003031919,0,0.075591665,0.209327995,-0.133736329,Stasis,-0.123469814
DRTO,DRTO,DRTO,Forereef,2018,2250,24.58439,-82.96993,12.95399959,994.3181818,19.09640707,1,0,1,83,,0.064759806,0,0.010775584,0.211803023,0,0,0.004231412,0.07553539,0.216034435,-0.140499044,Stasis,-0.129713377
DRTO,DRTO,DRTO,Forereef,2018,2246,24.63071,-82.81331,8.077199742,582.3863636,4.719960736,1,3,4,77,,0.047811472,0.007204124,0.043022182,0.218525106,0,0.02122343,0.001512411,0.098037779,0.241260946,-0.143223168,Stasis,-0.132228378
DRTO,DRTO,DRTO,Forereef,2018,2685,24.72252,-82.81532,16.61159947,1562.5,64.42362118,9,5,0,79,,0.51846253,0.012021967,0,0.216395415,0,0,0.471461001,0.530484498,0.687856416,-0.157371918,Stasis,-0.145290974
DRTO,DRTO,DRTO,Forereef,2018,2666,24.64725,-82.7927,9.601199693,596.5909091,29.05685856,1,5,0,79,,0.067768656,0.012039735,0,0.223939063,0,0,0.026783186,0.079808391,0.25072225,-0.170913859,Stasis,-0.157793343
DRTO,DRTO,DRTO,Forereef,2018,2200,24.70144,-82.77231,19.35479939,937.5,39.62410629,5,0,1,72,,0.29315226,0,0.010749388,0.228,0,0.003031919,0.249795049,0.303901648,0.480826967,-0.176925319,Stasis,-0.163343322
DRTO,DRTO,DRTO,Forereef,2018,2192,24.72239,-82.7893,14.78279953,1434.659091,84.39808397,16,2,0,69,,1.105800942,0.004803968,0,0.218580563,0.001816501,0.003031919,1.067420106,1.110604911,1.290849088,-0.180244177,Stasis,-0.166407402
DRTO,DRTO,DRTO,Forereef,2018,2171,24.7109,-82.84072,4.876799844,1328.125,19.79942899,2,1,0,84,,0.11394475,0.002404027,0,0.240402681,0,0.003031919,0.057835768,0.116348776,0.301270368,-0.184921591,Stasis,-0.170725745
DRTO,DRTO,DRTO,Forereef,2018,2769,24.70512,-82.78852,8.229599737,795.4545455,12.49719659,0,3,1,85,,0,0.007205396,0.010757443,0.201751076,0,0,0.005447536,0.017962839,0.207198612,-0.189235773,Stasis,-0.174708741
DRTO,DRTO,DRTO,Forereef,2018,2278,24.70406,-82.86106,6.705599786,1107.954545,19.99561608,3,0,0,66,,0.155920185,0,0,0.232175468,0,0.003031919,0.138739515,0.155920185,0.373946901,-0.218026716,Stasis,-0.201289495
DRTO,DRTO,DRTO,Forereef,2018,2238,24.63762,-82.8067,4.267199863,1136.363636,116.5609546,1,2,1,81,,0.067673934,0.004809163,0.010769907,0.185152758,0,0.030319186,0.118288515,0.083253004,0.333760458,-0.250507455,Stasis,-0.23127679
DRTO,DRTO,DRTO,Forereef,2018,2149,24.72209,-82.82615,15.08759952,1335.227273,67.09947544,9,2,0,80,,0.663284081,0.0048,0,0.2208,0.000605,0,0.700902873,0.668084081,0.922307873,-0.254223792,Stasis,-0.234707835
DRTO,DRTO,DRTO,Forereef,2018,2212,24.70959,-82.78907,16.76399946,880.6818182,29.04364515,3,4,1,83,,0.168191832,0.009611242,0.010761976,0.235475433,0,0,0.215128038,0.18856505,0.45060347,-0.26203842,Stasis,-0.241922559
DRTO,DRTO,DRTO,Forereef,2018,2802,24.71069,-82.9112,20.57399935,1576.704545,89.03403916,13,1,0,76,,0.818759098,0.0024,0,0.2328,0,0,0.862670838,0.821159098,1.095470838,-0.27431174,Stasis,-0.253253695
DRTO,DRTO,DRTO,Forereef,2018,2307,24.64905,-82.92287,8.229599737,1846.590909,135.3596978,3,2,0,92,,0.164907468,0.004852801,0,0.223228831,0.000611655,0.003031919,0.218485586,0.169760269,0.445357991,-0.275597722,Stasis,-0.254440956
DRTO,DRTO,DRTO,Forereef,2018,2791,24.69874,-82.90954,14.17319955,951.7045455,23.04617959,0,3,0,84,,0,0.007207686,0,0.235451083,0,0,0.070482449,0.007207686,0.305933533,-0.298725847,Stasis,-0.275793608
DRTO,DRTO,DRTO,Forereef,2018,2189,24.58264,-82.89167,10.05839968,1349.431818,43.86308848,4,2,0,56,,0.24858961,0.004834409,0,0.210296799,0,0,0.420163119,0.253424019,0.630459918,-0.377035899,Stasis,-0.348092045
DRTO,DRTO,DRTO,Forereef,2018,2324,24.60725,-82.95513,12.4967996,1178.977273,24.26380856,0,7,0,86,,0,0.017203225,0,0.228557134,0,0,0.227890568,0.017203225,0.456447702,-0.439244477,Stasis,-0.405525068
DRTO,DRTO,DRTO,Forereef,2018,2177,24.5668,-82.92746,12.19199961,1107.954545,27.01287993,1,0,2,47,,0.067766953,0,0.021569421,0.221525549,0,0,0.308559876,0.089336374,0.530085425,-0.440749051,Stasis,-0.40691414
DRTO,DRTO,DRTO,Forereef,2018,2312,24.72466,-82.82048,21.33599932,1250,68.93143568,2,0,0,89,,0.105332,0,0,0.1344,0,0,0.521943766,0.105332,0.656343766,-0.551011766,Erosion,-0.508712335
DRTO,DRTO,DRTO,Forereef,2018,2320,24.60634,-82.96397,13.10639958,1704.545455,71.49969522,4,1,1,85,,0.205388124,0.002476005,0.011089809,0.247600538,0,0.009095756,0.526226958,0.218953939,0.782923252,-0.563969313,Erosion,-0.520675172
DRTO,DRTO,DRTO,Forereef,2018,2267,24.71567,-82.84341,10.05839968,1178.977273,43.41164531,1,0,0,84,,0.047808734,0,0,0.223315064,0,0,0.403900564,0.047808734,0.627215628,-0.579406894,Erosion,-0.534927659
DRTO,DRTO,DRTO,Forereef,2018,2688,24.73305,-82.78907,17.98319942,923.2954545,81.56085566,9,8,0,74,,0.619475117,0.0192,0,0.228,0,0,1.037203107,0.638675117,1.265203107,-0.626527989,Erosion,-0.578431417
DRTO,DRTO,DRTO,Forereef,2018,2308,24.67929,-82.89694,5.486399825,2215.909091,98.42652091,3,0,3,74,,0.208523486,0,0.033185282,0.20004918,0,0,0.672485035,0.241708767,0.872534215,-0.630825448,Erosion,-0.582398973
DRTO,DRTO,DRTO,Forereef,2018,2193,24.72085,-82.81997,13.25879958,852.2727273,54.59043068,3,0,0,83,,0.1634349,0,0,0.204181164,0,0,0.717988335,0.1634349,0.922169498,-0.758734599,Erosion,-0.700488943
DRTO,DRTO,DRTO,Forereef,2018,2227,24.71707,-82.79037,11.27759964,838.0681818,114.2102854,0,2,2,75,,0,0.004868396,0.021805115,0.240985599,0,0,0.699159781,0.026673511,0.940145379,-0.913471868,Erosion,-0.843347522
DRTO,DRTO,DRTO,Forereef,2018,2290,24.70131,-82.9042,14.02079955,610.7954545,72.67178575,1,3,0,89,,0.058024399,0.007208262,0,0.19222033,0,0.003031919,0.82794771,0.065232661,1.023199958,-0.957967297,Erosion,-0.884427177
DRTO,DRTO,DRTO,Forereef,2018,2292,24.63454,-82.93813,8.991599712,1505.681818,82.5178557,4,0,1,87,,0.238150653,0,0.010904204,0.233718295,0,0,1.00046404,0.249054857,1.234182335,-0.985127478,Erosion,-0.909502357
DRTO,DRTO,DRTO,Forereef,2018,2201,24.71911,-82.83219,9.448799699,1193.181818,68.49295925,1,4,0,79,,0.052716902,0.009609278,0,0.221013404,0,0.003031919,0.942299713,0.06232618,1.166345036,-1.104018856,Erosion,-1.01926682
DRTO,DRTO,DRTO,Forereef,2018,2663,24.69132,-82.78541,7.162799771,2911.931818,138.3645045,2,0,0,74,,0.099757885,0,0,0.250521538,0,0,1.130327105,0.099757885,1.380848643,-1.281090758,Erosion,-1.182745472
DRTO,DRTO,DRTO,Forereef,2018,2360,24.65789,-82.92172,10.82039966,2897.727273,135.0827545,3,2,0,85,,0.144361714,0.004833799,0,0.205436464,0,0.003031919,1.361640531,0.149195513,1.570108913,-1.4209134,Erosion,-1.311834372
DRTO,DRTO,DRTO,Forereef,2018,2205,24.72535,-82.80071,16.15439948,1250,114.9623189,3,9,0,75,,0.184064265,0.021726732,0,0.222095485,0.00060855,0,1.699927096,0.205790997,1.92263113,-1.716840133,Erosion,-1.585043746
DRTO,DRTO,DRTO,Lagoon,2018,2179,24.57989,-82.90841,12.34439961,980.1136364,9.609484446,4,4,2,64,,0.246226698,0.009637489,0.021582732,0.224071625,0,0,0.027016021,0.277446919,0.251087646,0.026359273,Stasis,0.024335755
DRTO,DRTO,DRTO,Lagoon,2018,2255,24.66476,-82.81311,7.467599761,1122.159091,6.608648501,5,0,0,84,,0.355373816,0,0,0.329709503,0,0,0.001899947,0.355373816,0.33160945,0.023764365,Stasis,0.02194005
DRTO,DRTO,DRTO,Lagoon,2018,2262,24.64747,-82.83515,8.991599712,724.4318182,12.43393236,2,3,0,79,,0.188799589,0.007205931,0,0.208971996,0,0.006063837,0.008301113,0.19600552,0.223336946,-0.027331426,Stasis,-0.025233279
DRTO,DRTO,DRTO,Lagoon,2018,2256,24.58288,-82.93204,13.86839956,539.7727273,41.92063603,6,4,2,65,,0.359679893,0.0097042,0.021732127,0.237752893,0,0,0.368825003,0.39111622,0.606577896,-0.215461676,Stasis,-0.198921365
DRTO,DRTO,DRTO,Lagoon,2018,2282,24.64811,-82.85707,5.94359981,1079.545455,41.52821138,2,0,3,86,,0.107242185,0,0.034155112,0.218605165,0,0.015159593,0.213360989,0.141397297,0.447125747,-0.30572845,Stasis,-0.282258644
DRTO,DRTO,DRTO,Lagoon,2018,2331,24.67445,-82.87765,8.534399727,2883.522727,42.41410701,0,3,1,76,,0,0.007200168,0.010749639,0.240005604,0,0.003031919,0.248360945,0.017949807,0.491398467,-0.47344866,Stasis,-0.437103504
DRTO,DRTO,DRTO,Lagoon,2018,2206,24.59505,-82.91354,9.296399703,2244.318182,95.72762064,2,0,5,63,,0.118912471,0,0.057773972,0.257982189,0,0,0.631874708,0.176686443,0.889856897,-0.713170454,Erosion,-0.658422614
DRTO,DRTO,DRTO,Lagoon,2018,2854,24.66364,-82.87767,8.991599713,2798.295455,106.9295147,7,0,0,43,,0.560095484,0,0,0.270319933,0,0.006063837,1.208997147,0.560095484,1.485380917,-0.925285433,Erosion,-0.854254197
DRTO,DRTO,DRTO,Lagoon,2018,2288,24.67393,-82.88635,5.333999829,2187.5,120.4478173,6,2,1,61,,0.554171366,0.004897862,0.010968545,0.242444154,0,0.015159593,1.307359549,0.570037772,1.564963296,-0.994925524,Erosion,-0.918548238
DRTO,DRTO,DRTO,Lagoon,2018,2328,24.668606,-82.875175,5.791199815,2926.136364,87.23771399,5,10,4,55,,0.30147998,0.024392572,0.04370087,0.243925718,0,0.024255349,1.139199638,0.369573421,1.407380704,-1.037807283,Erosion,-0.9581381
DRTO,DRTO,DRTO,Bank,2022,2515,24.68024,-83.01423,24.9935992,1327.683616,28.98377592,3,2,1,76,0,0.207360925,0.004912306,0.011000892,0.18666762,0,0,0.011672706,0.223274123,0.198340326,0.024933796,Stasis,0.023019707
DRTO,DRTO,DRTO,Bank,2022,2149,24.68241,-82.9855,26.66999915,1779.661017,9.365660373,4,2,0,88,1,0.309928312,0.004912306,0,0.216141455,0.061915521,0,0.029343351,0.314840618,0.307400327,0.007440291,Stasis,0.006869123
DRTO,DRTO,DRTO,Bank,2022,2549,24.67944,-82.98411,28.0415991,1242.937853,39.11648875,5,2,0,86,0,0.249471611,0.004912306,0,0.211229149,0,0,0.193653819,0.254383917,0.404882968,-0.150499051,Stasis,-0.138945715
DRTO,DRTO,DRTO,Bank,2022,2064,24.66826,-83.03309,19.20239939,932.2033898,1.665242565,0,6,0,89,1,0,0.014736917,0,0.218597608,0.061915521,0,0.002077424,0.014736917,0.282590553,-0.267853636,Stasis,-0.247291359
DRTO,DRTO,DRTO,Bank,2022,2119,24.7123,-82.99663,23.92679924,1214.689266,33.53951295,7,8,0,75,0,0.398523496,0.019649223,0,0.184211468,0,0,0.547775433,0.418172719,0.731986901,-0.313814181,Stasis,-0.289723659
DRTO,DRTO,DRTO,Bank,2022,2560,24.68357,-82.98607,26.66999915,1242.937853,35.14286366,7,4,0,85,0,0.472443101,0.009824612,0,0.208772997,0,0,0.590824889,0.482267713,0.799597886,-0.317330173,Stasis,-0.292969739
DRTO,DRTO,DRTO,Bank,2022,2098,24.71297,-82.9954,18.44039941,706.2146893,34.02190822,8,9,2,63,1,0.558719392,0.022105376,0.022001784,0.154737633,0.061915521,0,0.713156928,0.602826552,0.929810082,-0.32698353,Stasis,-0.301882038
DRTO,DRTO,DRTO,Bank,2022,2514,24.67287,-83.02939,21.64079931,1186.440678,36.54263608,2,6,2,78,0,0.123330806,0.014736917,0.022001784,0.191579926,0,0,0.364441852,0.160069507,0.556021778,-0.395952271,Stasis,-0.365556267
DRTO,DRTO,DRTO,Bank,2022,2463,24.67011,-83.0285,19.50719938,1186.440678,45.03238891,1,8,1,86,0,0.006182257,0.019649223,0.011000892,0.211229149,0,0,0.914094688,0.036832372,1.125323837,-1.088491465,Erosion,-1.004931418
DRTO,DRTO,DRTO,Bank,2022,2104,24.70386,-82.99473,20.87879934,1073.446328,62.6008324,0,7,0,87,0,0,0.01719307,0,0.213685302,0,0,1.221309662,0.01719307,1.434994964,-1.417801894,Erosion,-1.308961726
DRTO,DRTO,DRTO,Forereef,2022,2258,24.64246,-82.78976,18.44039941,395.480226,0.354405917,7,9,0,73,1,0.688308407,0.022105376,0,0.179299162,0.061915521,0,0,0.710413783,0.241214683,0.4691991,Stasis,0.433180169
DRTO,DRTO,DRTO,Forereef,2022,2794,24.64269,-82.95994,21.18359933,960.4519774,46.20448499,16,1,0,68,0,0.966686986,0.002456153,0,0.167018397,0,0,0.388939058,0.969143139,0.555957455,0.413185684,Stasis,0.381466726
DRTO,DRTO,DRTO,Forereef,2022,2787,24.64516,-82.96637,23.77439924,988.700565,59.06295207,7,3,1,63,0,0.44233476,0.007368459,0.011000892,0.154737633,0,0,0.12106831,0.460704111,0.275805943,0.184898168,Stasis,0.17070412
DRTO,DRTO,DRTO,Forereef,2022,2298,24.62365,-82.82302,12.19199961,1892.655367,4.325965518,5,2,1,66,1,0.264873984,0.004912306,0.011000892,0.162106091,0.061915521,0,0.002077424,0.280787182,0.226099036,0.054688145,Stasis,0.050489909
DRTO,DRTO,DRTO,Forereef,2022,2227,24.69204,-82.88536,10.21079967,1920.903955,86.54587894,6,4,2,64,0,0.286488005,0.009824612,0.022001784,0.157193786,0,0,0.240462034,0.318314401,0.39765582,-0.079341419,Stasis,-0.073250629
DRTO,DRTO,DRTO,Forereef,2022,2312,24.69844,-82.89117,13.41119957,1101.694915,17.54390003,4,5,0,72,0,0.201861602,0.012280765,0,0.176843009,0,0,0.15686625,0.214142367,0.333709259,-0.119566892,Stasis,-0.11038812
DRTO,DRTO,DRTO,Forereef,2022,2345,24.62373,-82.8255,20.11679936,1242.937853,8.881466103,3,2,0,83,2,0.189687694,0.004912306,0,0.203860691,0.123831042,0,0.004187029,0.1946,0.331878762,-0.137278762,Stasis,-0.126740306
DRTO,DRTO,DRTO,Forereef,2022,2176,24.62785,-82.85894,8.991599712,2542.372881,32.07487585,1,1,0,78,0,0.056814191,0.002456153,0,0.191579926,0,0,0.031913751,0.059270344,0.223493677,-0.164223334,Stasis,-0.151616428
DRTO,DRTO,DRTO,Forereef,2022,2378,24.64699,-82.92453,8.686799722,423.7288136,0.470280219,1,4,0,91,0,0.048846218,0.009824612,0,0.223509914,0,0,0,0.05867083,0.223509914,-0.164839084,Stasis,-0.152184909
DRTO,DRTO,DRTO,Forereef,2022,2193,24.68833,-82.7774,4.724399849,0,0,1,7,1,89,0,0.069432577,0.01719307,0.011000892,0.218597608,0,0.074715282,0,0.097626539,0.29331289,-0.195686351,Stasis,-0.180664129
DRTO,DRTO,DRTO,Forereef,2022,2773,24.64433,-82.96204,20.87879934,3361.581921,82.53242706,9,3,0,82,0,0.734647928,0.007368459,0,0.201404538,0,0,0.774168089,0.742016386,0.975572627,-0.23355624,Stasis,-0.215626866
DRTO,DRTO,DRTO,Forereef,2022,2161,24.68927,-82.78088,7.924799746,762.7118644,3.534270856,0,2,0,91,0,0,0.004912306,0,0.223509914,0,0.037357641,0.001019094,0.004912306,0.261886649,-0.256974343,Stasis,-0.237247235
DRTO,DRTO,DRTO,Forereef,2022,2372,24.71106,-82.84572,9.601199693,1045.19774,48.85383863,3,1,0,88,0,0.154506628,0.002456153,0,0.216141455,0,0,0.329598553,0.15696278,0.545740008,-0.388777228,Stasis,-0.35893203
DRTO,DRTO,DRTO,Forereef,2022,2234,24.69638,-82.88638,10.66799966,1807.909605,69.99829091,1,3,0,75,0,0.056814191,0.007368459,0,0.184211468,0,0,0.309062965,0.064182649,0.493274433,-0.429091783,Stasis,-0.396151764
DRTO,DRTO,DRTO,Forereef,2022,2235,24.70248,-82.87181,9.143999707,2457.627119,190.2832556,3,3,2,77,0,0.401956287,0.007368459,0.022001784,0.189123773,0,0,1.244952929,0.431326529,1.434076702,-1.002750173,Erosion,-0.925772213
DRTO,DRTO,DRTO,Forereef,2022,2659,24.63975,-82.79215,20.26919936,1610.169492,108.4553991,1,6,0,68,1,0.063440927,0.014736917,0,0.167018397,0.061915521,0,1.048437442,0.078177844,1.27737136,-1.199193516,Erosion,-1.107135222
DRTO,DRTO,DRTO,Forereef,2022,2163,24.6341,-82.82346,10.05839968,1807.909605,36.87912662,1,1,0,96,0,0.006182257,0.002456153,0,0.235790678,0,0.336218769,0.685887979,0.00863841,1.257897426,-1.249259016,Erosion,-1.153357352
DRTO,DRTO,DRTO,Lagoon,2022,2313,24.64212,-82.85712,10.05839968,2372.881356,183.0862158,12,3,1,60,0,0.740183913,0.007368459,0.011000892,0.147369174,0,0.112072923,0.409174984,0.758553264,0.668617081,0.089936183,Stasis,0.083032067
DRTO,DRTO,DRTO,Lagoon,2022,2680,24.63934,-82.8591,16.00199949,1384.180791,38.28225773,6,3,2,54,0,0.293921213,0.007368459,0.022001784,0.132632257,0,0.149430564,0.034610783,0.323291455,0.316673604,0.006617852,Stasis,0.00610982
DRTO,DRTO,DRTO,Lagoon,2022,2681,24.64415,-82.85659,16.30679948,2514.124294,17.40108475,7,2,0,70,0,0.348021939,0.004912306,0,0.171930703,0,0.037357641,0.181709223,0.352934245,0.390997567,-0.038063322,Stasis,-0.035141321
DRTO,DRTO,DRTO,Lagoon,2022,2250,24.67262,-82.88888,5.94359981,338.9830508,0.166104555,1,0,0,64,0,0.048846218,0,0,0.157193786,0,0,0,0.048846218,0.157193786,-0.108347567,Stasis,-0.100030067
DRTO,DRTO,DRTO,Lagoon,2022,2243,24.63763,-82.82264,8.686799722,1638.418079,55.90174781,7,8,1,55,0,0.494338825,0.019649223,0.011000892,0.13508841,0,0.149430564,0.432643853,0.52498894,0.717162827,-0.192173886,Stasis,-0.177421305
DRTO,DRTO,DRTO,Lagoon,2022,2395,24.62713,-82.90962,7.315199766,1327.683616,6.164940088,0,8,1,90,0,0,0.019649223,0.011000892,0.221053761,0,0.149430564,0.003363247,0.030650115,0.373847572,-0.343197457,Stasis,-0.316851274
DRTO,DRTO,DRTO,Bank,2024,2515,24.70646,-83.03259,27.12719913,1327.683616,40.66682728,21,1,1,62,0,1.856647617,0.002456153,0.011000892,0.15228148,0,0,0.563130422,1.870104662,0.715411902,1.15469276,Growth,1.066050649
DRTO,DRTO,DRTO,Bank,2024,2155,24.70698,-83.03882,24.38399922,1327.683616,38.33452577,15,6,0,74,0,1.630284643,0.014736917,0,0.181755315,0,0,0.505000864,1.645021561,0.686756179,0.958265382,Growth,0.884702379
DRTO,DRTO,DRTO,Bank,2024,2125,24.68087,-82.98912,26.51759915,932.2033898,5.794875812,13,1,0,67,0,0.784613436,0.002456153,0,0.164562244,0,0,0.002881063,0.787069589,0.167443307,0.619626282,Growth,0.572059532
DRTO,DRTO,DRTO,Bank,2024,2098,24.67431,-83.08346,20.87879934,1694.915254,24.42550419,15,7,1,60,0,0.797508082,0.01719307,0.011000892,0.147369174,0,0,0.085757239,0.825702044,0.233126413,0.592575631,Growth,0.547085474
DRTO,DRTO,DRTO,Bank,2024,2153,24.67854,-83.03563,20.42159935,2457.627119,106.9509995,16,1,2,47,0,1.347891136,0.002456153,0.022001784,0.115439186,0,0,0.837311865,1.372349073,0.952751051,0.419598021,Stasis,0.387386808
DRTO,DRTO,DRTO,Bank,2024,2103,24.65566,-83.09537,21.48839932,734.4632768,6.127654616,6,11,0,71,0,0.334735106,0.027017682,0,0.174386856,0,0,0.003555007,0.361752787,0.177941863,0.183810925,Stasis,0.169700342
DRTO,DRTO,DRTO,Bank,2024,2063,24.69608,-82.9994,20.42159935,960.4519774,17.44791405,9,7,1,73,2,0.457372991,0.01719307,0.011000892,0.179299162,0.123831042,0,0.005360449,0.485566954,0.308490653,0.177076301,Stasis,0.163482713
DRTO,DRTO,DRTO,Bank,2024,2408,24.59936,-83.04881,26.06039917,28.24858757,0.022888572,6,0,1,88,0,0.353417987,0,0.011000892,0.216141455,0,0,0,0.364418879,0.216141455,0.148277423,Stasis,0.136894634
DRTO,DRTO,DRTO,Bank,2024,2143,24.69374,-83.05856,22.85999927,2259.887006,84.64960777,19,10,1,64,0,1.742330582,0.024561529,0.011000892,0.157193786,0,0,1.477578911,1.777893003,1.634772697,0.143120306,Stasis,0.132133413
DRTO,DRTO,DRTO,Bank,2024,2120,24.69492,-83.00926,23.77439924,1779.661017,7.9900014,6,5,0,82,1,0.376434833,0.012280765,0,0.201404538,0.061915521,0,0.003363247,0.388715597,0.266683306,0.122032291,Stasis,0.112664258
DRTO,DRTO,DRTO,Bank,2024,2123,24.70373,-83.02944,28.1939991,1779.661017,67.1035403,15,1,0,68,0,1.301799402,0.002456153,0,0.167018397,0,0,1.035161952,1.304255554,1.202180349,0.102075205,Stasis,0.094239214
DRTO,DRTO,DRTO,Bank,2024,2126,24.68685,-83.05731,22.85999927,1666.666667,74.68659558,18,4,2,58,0,1.016934672,0.009824612,0.022001784,0.142456868,0,0,0.820424805,1.048761067,0.962881673,0.085879394,Stasis,0.079286705
DRTO,DRTO,DRTO,Bank,2024,2112,24.65828,-83.08317,18.28799942,1468.926554,131.6976249,4,10,0,74,0,0.236937801,0.024561529,0,0.181755315,0,0,0.001423233,0.26149933,0.183178548,0.078320782,Stasis,0.072308343
DRTO,DRTO,DRTO,Bank,2024,2042,24.64159,-83.02113,25.75559918,141.2429379,1.294264246,3,3,0,74,0,0.189687694,0.007368459,0,0.181755315,0,0,6.43E-04,0.197056153,0.182398315,0.014657838,Stasis,0.013532602
DRTO,DRTO,DRTO,Bank,2024,2013,24.63868,-83.03553,16.76399946,282.4858757,24.730618,4,14,0,74,0,0.180335603,0.034386141,0,0.181755315,0,0.074715282,0.002846467,0.214721744,0.259317064,-0.04459532,Stasis,-0.041171878
DRTO,DRTO,DRTO,Bank,2024,2145,24.65847,-83.00864,23.46959925,2372.881356,51.66630839,13,1,1,66,1,0.822853232,0.002456153,0.011000892,0.162106091,0.061915521,0,0.668357919,0.836310277,0.892379531,-0.056069255,Stasis,-0.051764996
DRTO,DRTO,DRTO,Bank,2024,2097,24.68477,-83.05033,21.64079931,1158.19209,49.90757096,12,2,1,57,1,0.651604303,0.004912306,0.011000892,0.140000715,0.061915521,0,0.52983598,0.667517501,0.731752216,-0.064234715,Stasis,-0.059303619
DRTO,DRTO,DRTO,Bank,2024,2117,24.68572,-83.03098,19.96439936,1355.932203,15.25964353,4,4,2,66,2,0.240464255,0.009824612,0.022001784,0.162106091,0.123831042,0.037357641,0.030777627,0.27229065,0.354072402,-0.081781751,Stasis,-0.075503625
DRTO,DRTO,DRTO,Bank,2024,2118,24.68554,-83.00148,22.40279929,1384.180791,19.9115594,2,0,1,90,0,0.132873504,0,0.011000892,0.221053761,0,0,0.010778249,0.143874395,0.23183201,-0.087957615,Stasis,-0.081205387
DRTO,DRTO,DRTO,Bank,2024,2151,24.67804,-82.99182,28.34639909,1412.429379,12.01446479,4,2,2,84,0,0.132537722,0.004912306,0.022001784,0.206316844,0,0.037357641,0.022158483,0.159451811,0.265832968,-0.106381157,Stasis,-0.098214612
DRTO,DRTO,DRTO,Bank,2024,2090,24.70999,-82.99646,15.84959949,1355.932203,13.75588842,3,14,1,73,0,0.195679345,0.034386141,0.011000892,0.179299162,0,0,0.177554374,0.241066377,0.356853536,-0.115787159,Stasis,-0.106898545
DRTO,DRTO,DRTO,Bank,2024,2131,24.65298,-83.01712,26.82239914,2429.378531,43.29202392,7,2,0,74,1,0.332448622,0.004912306,0,0.181755315,0.061915521,0.037357641,0.173326115,0.337360928,0.454354592,-0.116993664,Stasis,-0.10801243
DRTO,DRTO,DRTO,Bank,2024,2033,24.62643,-83.09128,19.50719938,932.2033898,7.619690422,0,6,0,91,0,0,0.014736917,0,0.223509914,0,0,0.001997439,0.014736917,0.225507353,-0.210770436,Stasis,-0.194590256
DRTO,DRTO,DRTO,Bank,2024,2060,24.66148,-83.04208,18.8975994,1694.915254,14.22319687,0,3,0,88,0,0,0.007368459,0,0.216141455,0,0,0.003024807,0.007368459,0.219166262,-0.211797804,Stasis,-0.195538756
DRTO,DRTO,DRTO,Bank,2024,2025,24.63077,-83.05672,14.32559954,1129.943503,10.83238933,1,10,0,85,0,0.056814191,0.024561529,0,0.208772997,0,0.112072923,0.006392526,0.08137572,0.327238446,-0.245862726,Stasis,-0.226988622
DRTO,DRTO,DRTO,Bank,2024,2382,24.62069,-83.05999,14.17319955,2429.378531,37.03621734,0,3,0,92,0,0,0.007368459,0,0.225966067,0,0.037357641,0.010883255,0.007368459,0.274206963,-0.266838504,Stasis,-0.246354156
DRTO,DRTO,DRTO,Bank,2024,2014,24.63459,-83.03167,16.00199949,0,0,1,4,2,85,1,0.005755996,0.009824612,0.022001784,0.208772997,0.061915521,0.037357641,0,0.037582391,0.308046159,-0.270463767,Stasis,-0.249701119
DRTO,DRTO,DRTO,Bank,2024,2096,24.65481,-83.08033,17.22119945,988.700565,5.323284625,2,7,1,59,4,0.080130033,0.01719307,0.011000892,0.144913021,0.247662084,0,0.001354528,0.108323996,0.393929633,-0.285605638,Stasis,-0.263680596
DRTO,DRTO,DRTO,Bank,2024,2480,24.68398,-82.99115,26.21279916,1864.40678,5.799232337,0,0,0,79,2,0,0,0,0.194036079,0.123831042,0,0.003375284,0,0.321242405,-0.321242405,Stasis,-0.296581642
DRTO,DRTO,DRTO,Bank,2024,2073,24.65114,-83.05902,16.30679948,141.2429379,0.216763489,0,2,0,88,0,0,0.004912306,0,0.216141455,0,0.149430564,0,0.004912306,0.365572019,-0.360659713,Stasis,-0.332973007
DRTO,DRTO,DRTO,Bank,2024,2381,24.62725,-83.0933,20.11679936,1271.186441,39.99870376,2,3,0,92,0,0.012282604,0.007368459,0,0.225966067,0,0,0.161893964,0.019651063,0.387860031,-0.368208968,Stasis,-0.33994273
DRTO,DRTO,DRTO,Bank,2024,2116,24.68768,-83.02735,24.9935992,1327.683616,18.79662429,0,0,0,97,0,0,0,0,0.238246831,0,0,0.272100667,0,0.510347498,-0.510347498,Erosion,-0.471169735
DRTO,DRTO,DRTO,Bank,2024,2062,24.66036,-83.04504,18.59279941,2259.887006,32.55261186,1,3,1,77,0,0.056814191,0.007368459,0.011000892,0.189123773,0,0.037357641,0.361451074,0.075183541,0.587932488,-0.512748947,Erosion,-0.473386832
DRTO,DRTO,DRTO,Bank,2024,2045,24.62676,-83.09663,22.25039929,903.9548023,45.53922835,0,13,1,84,0,0,0.031929988,0.011000892,0.206316844,0,0,0.380895148,0.04293088,0.587211992,-0.544281112,Erosion,-0.502498372
DRTO,DRTO,DRTO,Bank,2024,2128,24.68299,-83.00072,22.0979993,1892.655367,27.37607525,0,6,0,85,0,0,0.014736917,0,0.208772997,0,0,0.366037093,0.014736917,0.57481009,-0.560073172,Erosion,-0.517078126
DRTO,DRTO,DRTO,Bank,2024,2088,24.65226,-83.05692,16.61159947,1497.175141,31.30848048,0,3,0,86,1,0,0.007368459,0,0.211229149,0.061915521,0,0.308744991,0.007368459,0.581889662,-0.574521203,Erosion,-0.530417027
DRTO,DRTO,DRTO,Bank,2024,2078,24.65587,-83.09766,21.03119933,2824.858757,80.10537946,13,2,1,64,1,0.787164403,0.004912306,0.011000892,0.157193786,0.061915521,0,1.219927687,0.803077601,1.439036994,-0.635959393,Erosion,-0.587138802
DRTO,DRTO,DRTO,Bank,2024,2477,24.69244,-83.00846,23.77439924,2175.141243,90.81104425,5,2,0,76,0,0.262035422,0.004912306,0,0.18666762,0,0,0.754971343,0.266947727,0.941638963,-0.674691236,Erosion,-0.622897324
DRTO,DRTO,DRTO,Bank,2024,2107,24.67739,-83.05445,17.98319942,1468.926554,32.28861068,1,7,1,88,1,0.069432577,0.01719307,0.011000892,0.216141455,0.061915521,0,0.536531718,0.097626539,0.814588694,-0.716962155,Erosion,-0.661923238
DRTO,DRTO,DRTO,Bank,2024,2052,24.64256,-83.01114,30.02279904,1158.19209,71.70154384,12,6,1,75,2,0.735125192,0.014736917,0.011000892,0.184211468,0.123831042,0.037357641,1.374389758,0.760863002,1.719789909,-0.958926907,Erosion,-0.885313121
DRTO,DRTO,DRTO,Bank,2024,2417,24.60067,-83.04608,25.45079919,3502.824859,371.1420704,1,7,2,61,0,0.063440927,0.01719307,0.022001784,0.149825327,0,0,0.992338639,0.102635781,1.142163966,-1.039528185,Erosion,-0.959726894
DRTO,DRTO,DRTO,Bank,2024,2142,24.68701,-83.05188,23.01239927,2203.389831,78.78541412,6,6,0,73,0,0.324255602,0.014736917,0,0.179299162,0,0,1.238538468,0.338992519,1.41783763,-1.078845111,Erosion,-0.996025584
DRTO,DRTO,DRTO,Bank,2024,2009,24.60743,-83.06774,15.84959949,1525.423729,68.47168404,6,4,0,75,0,0.300324185,0.009824612,0,0.184211468,0,0.037357641,1.257897222,0.310148797,1.479466331,-1.169317534,Erosion,-1.079552725
DRTO,DRTO,DRTO,Bank,2024,2134,24.6942,-83.00159,22.40279929,1440.677966,78.87049273,0,6,0,89,0,0,0.014736917,0,0.218597608,0,0,1.04605372,0.014736917,1.264651328,-1.249914411,Erosion,-1.153962435
DRTO,DRTO,DRTO,Bank,2024,2019,24.60688,-83.07145,16.91639946,1271.186441,142.5691955,3,2,0,91,0,0.139703012,0.004912306,0,0.223509914,0,0,2.145853738,0.144615318,2.369363652,-2.224748334,Erosion,-2.05396144
DRTO,DRTO,DRTO,Bank,2024,2093,24.67821,-83.06241,19.04999939,2853.107345,236.698741,9,1,3,68,0,0.212882539,0.002456153,0.033002676,0.167018397,0,0.037357641,2.854600224,0.248341368,3.058976262,-2.810634894,Erosion,-2.594871342
DRTO,DRTO,DRTO,Forereef,2024,2275,24.70988,-82.87802,11.42999964,1581.920904,13.21943312,8,0,0,67,2,0.906333067,0,0,0.164562244,0.123831042,0,0.009940812,0.906333067,0.298334098,0.607998969,Growth,0.561324811
DRTO,DRTO,DRTO,Forereef,2024,2356,24.70541,-82.77323,19.20239939,1468.926554,30.33687378,20,2,0,61,0,1.049632979,0.004912306,0,0.149825327,0,0.037357641,0.312832963,1.054545285,0.500015931,0.554529354,Growth,0.511959889
DRTO,DRTO,DRTO,Forereef,2024,2335,24.64061,-82.96677,24.38399922,4943.502825,37.1167396,14,6,0,62,0,0.849846647,0.014736917,0,0.15228148,0,0.037357641,0.186981282,0.864583564,0.376620403,0.487963161,Stasis,0.450503772
DRTO,DRTO,DRTO,Forereef,2024,2312,24.72013,-82.87732,17.83079943,1864.40678,20.64095541,7,5,0,74,1,0.434420819,0.012280765,0,0.181755315,0.061915521,0,0.021431356,0.446701584,0.265102192,0.181599392,Stasis,0.167658581
DRTO,DRTO,DRTO,Forereef,2024,2749,24.60353,-82.99622,26.82239914,1694.915254,8.447635955,6,0,0,80,0,0.373920448,0,0,0.196492232,0,0,0.024604706,0.373920448,0.221096938,0.15282351,Stasis,0.141091732
DRTO,DRTO,DRTO,Forereef,2024,2309,24.72274,-82.82286,16.00199949,1468.926554,49.45253004,17,1,0,69,1,1.03139876,0.002456153,0,0.16947455,0.061915521,0,0.667566317,1.033854913,0.898956388,0.134898525,Stasis,0.124542792
DRTO,DRTO,DRTO,Forereef,2024,2236,24.71634,-82.85461,12.6491996,1892.655367,40.66326675,5,5,0,69,0,0.429469274,0.012280765,0,0.16947455,0,0,0.164106573,0.441750039,0.333581123,0.108168915,Stasis,0.099865129
DRTO,DRTO,DRTO,Forereef,2024,2763,24.54625,-82.93126,21.64079931,2005.649718,88.24873329,9,0,0,63,1,0.423112321,0,0,0.154737633,0.061915521,0,0.198912037,0.423112321,0.415565191,0.00754713,Stasis,0.006967761
DRTO,DRTO,DRTO,Forereef,2024,2156,24.71191,-82.85581,10.66799966,2288.135593,88.67056106,4,2,0,68,0,0.247087783,0.004912306,0,0.167018397,0,0,0.123319689,0.252000089,0.290338086,-0.038337998,Stasis,-0.035394911
DRTO,DRTO,DRTO,Forereef,2024,2341,24.72167,-82.77713,21.18359933,847.4576271,1.701611147,3,2,0,91,0,0.167505224,0.004912306,0,0.223509914,0,0,0,0.17241753,0.223509914,-0.051092384,Stasis,-0.047170183
DRTO,DRTO,DRTO,Forereef,2024,2328,24.6049,-82.99445,25.29839919,790.960452,14.26346286,4,7,1,76,0,0.276793502,0.01719307,0.011000892,0.18666762,0,0,0.176268552,0.304987464,0.362936172,-0.057948708,Stasis,-0.053500169
DRTO,DRTO,DRTO,Forereef,2024,2265,24.72378,-82.78951,14.93519952,1836.158192,9.634044778,2,5,0,67,1,0.123330806,0.012280765,0,0.164562244,0.061915521,0,0.006565765,0.13561157,0.23304353,-0.09743196,Stasis,-0.089952417
DRTO,DRTO,DRTO,Forereef,2024,2226,24.63493,-82.94313,17.06879945,1412.429379,12.96695224,2,2,0,85,0,0.107796457,0.004912306,0,0.208772997,0,0,0.014763944,0.112708763,0.223536941,-0.110828178,Stasis,-0.102320249
DRTO,DRTO,DRTO,Forereef,2024,2759,24.5673,-82.97206,22.40279929,2118.644068,59.40323455,3,1,0,87,0,0.151341923,0.002456153,0,0.213685302,0,0.037357641,0.018138769,0.153798076,0.269181712,-0.115383636,Stasis,-0.106525999
DRTO,DRTO,DRTO,Forereef,2024,2172,24.67649,-82.78424,10.05839968,734.4632768,23.79392199,2,0,0,95,0,0.113606995,0,0,0.233334526,0,0,0.005501957,0.113606995,0.238836483,-0.125229487,Stasis,-0.115616015
DRTO,DRTO,DRTO,Forereef,2024,2748,24.56507,-82.9782,24.84119921,1977.40113,38.08760547,6,0,1,89,1,0.220168134,0,0.011000892,0.218597608,0.061915521,0,0.085111452,0.231169026,0.365624581,-0.134455555,Stasis,-0.124133827
DRTO,DRTO,DRTO,Forereef,2024,2751,24.6067,-82.9948,28.34639909,1271.186441,11.64550307,2,1,0,86,1,0.107796457,0.002456153,0,0.211229149,0.061915521,0,0.007220714,0.11025261,0.280365385,-0.170112774,Stasis,-0.157053754
DRTO,DRTO,DRTO,Forereef,2024,2252,24.60625,-82.93325,13.86839956,2853.107345,38.2322533,5,4,0,62,2,0.274740359,0.009824612,0,0.15228148,0.123831042,0.037357641,0.142442402,0.284564971,0.455912565,-0.171347594,Stasis,-0.158193781
DRTO,DRTO,DRTO,Forereef,2024,2266,24.59871,-82.99583,23.01239927,903.9548023,8.28338955,2,3,0,76,0,0.021250778,0.007368459,0,0.18666762,0,0,0.03124801,0.028619237,0.21791563,-0.189296394,Stasis,-0.174764708
DRTO,DRTO,DRTO,Forereef,2024,2232,24.5666,-82.93129,12.6491996,790.960452,16.95389384,1,4,0,79,0,0.005755996,0.009824612,0,0.194036079,0,0,0.011087458,0.015580608,0.205123537,-0.18954293,Stasis,-0.174992319
DRTO,DRTO,DRTO,Forereef,2024,2223,24.72026,-82.87416,14.78279953,1610.169492,23.30803627,0,4,0,80,0,0,0.009824612,0,0.196492232,0,0,0.014807514,0.009824612,0.211299746,-0.201475134,Stasis,-0.186008525
DRTO,DRTO,DRTO,Forereef,2024,2753,24.56531,-82.97437,22.55519928,2655.367232,45.39184919,5.405405405,1.351351351,0,90.54054054,0,0.333886254,0.003319126,0,0.222381411,0,0,0.31709551,0.33720538,0.539476921,-0.202271542,Stasis,-0.186743795
DRTO,DRTO,DRTO,Forereef,2024,2744,24.55265,-82.93394,18.8975994,2824.858757,23.35122871,1,0,0,95,0,0.069432577,0,0,0.233334526,0,0.037357641,0.010696802,0.069432577,0.281388969,-0.211956392,Stasis,-0.19568517
DRTO,DRTO,DRTO,Forereef,2024,2740,24.59309,-82.98398,19.35479939,1581.920904,6.68347793,1,0,0,94,0,0.056814191,0,0,0.230878373,0,0.037357641,0.001928734,0.056814191,0.270164748,-0.213350557,Stasis,-0.196972309
DRTO,DRTO,DRTO,Forereef,2024,2338,24.72263,-82.77508,25.45079919,141.2429379,1.307236843,1,3,0,80,1,0.063440927,0.007368459,0,0.196492232,0.061915521,0.037357641,3.76E-04,0.070809385,0.296141394,-0.225332009,Stasis,-0.208033983
DRTO,DRTO,DRTO,Forereef,2024,2286,24.648,-82.9367,13.41119957,1920.903955,20.87592111,2,2,0,88,1,0.113606995,0.004912306,0,0.216141455,0.061915521,0,0.066242793,0.118519301,0.344299769,-0.225780468,Stasis,-0.208448016
DRTO,DRTO,DRTO,Forereef,2024,2739,24.59014,-82.97661,14.47799954,84.74576271,0.091694612,0,0,0,100,0,0,0,0,0.24561529,0,0,0,0,0.24561529,-0.24561529,Stasis,-0.226760181
DRTO,DRTO,DRTO,Forereef,2024,2755,24.54972,-82.96243,23.46959925,1355.932203,21.09666154,0,0,0,96.55172414,0,0,0,0,0.237145797,0,0,0.011913066,0,0.249058863,-0.249058863,Stasis,-0.229939402
DRTO,DRTO,DRTO,Forereef,2024,2159,24.59591,-82.87217,7.467599761,706.2146893,19.45292767,1,2,0,82,0,0.053898229,0.004912306,0,0.201404538,0,0.074715282,0.041480177,0.058810534,0.317599997,-0.258789462,Stasis,-0.238923013
DRTO,DRTO,DRTO,Forereef,2024,2292,24.64623,-82.93567,12.80159959,790.960452,10.37207281,0,7,0,88,0,0,0.01719307,0,0.216141455,0,0,0.070162805,0.01719307,0.28630426,-0.26911119,Stasis,-0.248452375
DRTO,DRTO,DRTO,Forereef,2024,2765,24.54499,-82.94065,23.46959925,734.4632768,15.42541975,1,1,0,93,2,0.056814191,0.002456153,0,0.22842222,0.123831042,0,0.004298804,0.059270344,0.356552066,-0.297281722,Stasis,-0.274460344
DRTO,DRTO,DRTO,Forereef,2024,2752,24.60732,-82.99383,25.29839919,1497.175141,43.22359409,2,0,0,92,2,0.060080486,0,0,0.225966067,0.123831042,0,0.008872386,0.060080486,0.358669495,-0.298589009,Stasis,-0.275667275
DRTO,DRTO,DRTO,Forereef,2024,2319,24.63029,-82.96872,24.07919923,903.9548023,8.294698306,0,4,0,82,1,0,0.009824612,0,0.201404538,0.061915521,0,0.051465988,0.009824612,0.314786047,-0.304961435,Stasis,-0.28155051
DRTO,DRTO,DRTO,Forereef,2024,2757,24.59359,-82.98225,19.0499994,0,0,0,0,0,94,0,0,0,0,0.230878373,0,0.074715282,0,0,0.305593655,-0.305593655,Stasis,-0.282134197
DRTO,DRTO,DRTO,Forereef,2024,2758,24.59738,-82.97382,16.00199949,254.2372881,20.34461481,0,0,0,94,0,0,0,0,0.230878373,0,0.074715282,0.005675264,0,0.311268919,-0.311268919,Stasis,-0.287373788
DRTO,DRTO,DRTO,Forereef,2024,2762,24.54804,-82.94531,21.9455993,2429.378531,203.6765842,4,1,0,89,0,0.302694293,0.002456153,0,0.218597608,0,0,0.468881979,0.305150446,0.687479587,-0.382329142,Stasis,-0.352978943
DRTO,DRTO,DRTO,Forereef,2024,2750,24.56186,-82.97937,23.62199925,1525.423729,27.8172579,14,0,0,75,3,0.75862291,0,0,0.184211468,0.185746563,0,0.78632953,0.75862291,1.156287561,-0.397664651,Stasis,-0.367137193
DRTO,DRTO,DRTO,Forereef,2024,2760,24.54918,-82.93075,17.52599944,1412.429379,39.21007504,0,0,0,93,1,0,0,0,0.22842222,0.061915521,0,0.182892773,0,0.473230514,-0.473230514,Stasis,-0.436902104
DRTO,DRTO,DRTO,Forereef,2024,2550,24.64024,-82.93048,8.229599737,5141.242938,174.7386649,9,7,0,72,0,0.668320526,0.01719307,0,0.176843009,0,0,1.040965955,0.685513596,1.217808964,-0.532295368,Erosion,-0.491432736
DRTO,DRTO,DRTO,Forereef,2024,2295,24.60478,-82.94211,13.56359957,1723.163842,71.96910319,8,8,0,59,0,0.446118537,0.019649223,0,0.144913021,0,0.074715282,0.814581404,0.465767761,1.034209707,-0.568441946,Erosion,-0.524804456
DRTO,DRTO,DRTO,Forereef,2024,2743,24.54684,-82.95454,19.0499994,1468.926554,21.94935076,0,0,0,97.87234043,0,0,0,0,0.240389433,0,0,0.347709104,0,0.588098537,-0.588098537,Erosion,-0.542952072
DRTO,DRTO,DRTO,Forereef,2024,2646,24.65066,-82.9304,12.80159959,1553.672316,48.3541405,0,15,1,74,0,0,0.036842294,0.011000892,0.181755315,0,0,0.527976632,0.047843185,0.709731947,-0.661888761,Erosion,-0.611077654
DRTO,DRTO,DRTO,Forereef,2024,2540,24.70557,-82.78653,8.381999732,1694.915254,32.70398491,1,2,0,92,1,0.056814191,0.004912306,0,0.225966067,0.061915521,0.037357641,0.406309369,0.061726496,0.731548598,-0.669822102,Erosion,-0.618401978
DRTO,DRTO,DRTO,Forereef,2024,2230,24.64749,-82.78687,16.00199949,2316.384181,124.1305774,3,1,0,85,0,0.358736644,0.002456153,0,0.208772997,0,0,0.830537511,0.361192797,1.039310508,-0.678117711,Erosion,-0.626060759
DRTO,DRTO,DRTO,Forereef,2024,2332,24.60057,-82.99573,23.46959925,1214.689266,40.20866985,1,0,0,93,0,0.063440927,0,0,0.22842222,0,0,0.524474509,0.063440927,0.752896729,-0.689455802,Erosion,-0.636528461
DRTO,DRTO,DRTO,Forereef,2024,2213,24.61335,-82.97411,14.63039953,1977.40113,75.94819932,1,4,0,80,0,0.069432577,0.009824612,0,0.196492232,0,0,0.700188033,0.079257189,0.896680265,-0.817423076,Erosion,-0.754672092
DRTO,DRTO,DRTO,Forereef,2024,2647,24.64246,-82.94324,14.78279953,875.7062147,34.71524598,0,9,0,85,0,0,0.022105376,0,0.208772997,0,0,0.633390241,0.022105376,0.842163238,-0.820057861,Erosion,-0.757104612
DRTO,DRTO,DRTO,Forereef,2024,2185,24.71633,-82.83067,7.467599761,1807.909605,40.9391428,1,11,0,83,1,0.059734005,0.027017682,0,0.203860691,0.061915521,0,0.714269985,0.086751687,0.980046197,-0.89329451,Erosion,-0.824719116
DRTO,DRTO,DRTO,Forereef,2024,2279,24.64957,-82.93021,12.19199961,3615.819209,39.05735766,0,11,0,85,0,0,0.027017682,0,0.208772997,0,0,0.718918817,0.027017682,0.927691814,-0.900674132,Erosion,-0.831532227
DRTO,DRTO,DRTO,Forereef,2024,2761,24.54858,-82.95601,20.11679936,1864.40678,44.70326939,0,0,0,95,1,0,0,0,0.233334526,0.061915521,0,0.618247686,0,0.913497733,-0.913497733,Erosion,-0.843371401
DRTO,DRTO,DRTO,Forereef,2024,2157,24.5938,-82.88319,7.924799746,1553.672316,87.42639627,3,5,0,78,4,0.173935844,0.012280765,0,0.191579926,0.247662084,0,0.677598624,0.186216609,1.116840634,-0.930624026,Erosion,-0.859182963
DRTO,DRTO,DRTO,Forereef,2024,2532,24.70952,-82.79598,6.705599786,1468.926554,45.35633601,2,1,1,77,2,0.062570187,0.002456153,0.011000892,0.189123773,0.123831042,0.037357641,0.668278171,0.076027231,1.018590627,-0.942563396,Erosion,-0.870205785
DRTO,DRTO,DRTO,Forereef,2024,2738,24.6066,-82.9787,16.61159947,1412.429379,44.5682316,0,0,0,91,1,0,0,0,0.223509914,0.061915521,0,0.681614065,0,0.9670395,-0.9670395,Erosion,-0.892802936
DRTO,DRTO,DRTO,Forereef,2024,2225,24.64416,-82.9441,15.5447995,1355.932203,74.21487783,4,3,0,83,0,0.264175115,0.007368459,0,0.203860691,0,0.037357641,1.024842259,0.271543574,1.266060591,-0.994517017,Erosion,-0.918171091
DRTO,DRTO,DRTO,Forereef,2024,2221,24.66866,-82.7781,12.80159959,706.2146893,346.7482873,2,0,0,84,2,0.120255117,0,0,0.206316844,0.123831042,0,0.820693559,0.120255117,1.150841445,-1.030586328,Erosion,-0.951471475
DRTO,DRTO,DRTO,Forereef,2024,2616,24.63615,-82.94092,14.63039953,1045.19774,34.78588648,0,12,0,79,3,0,0.029473835,0,0.194036079,0.185746563,0,0.715303058,0.029473835,1.0950857,-1.065611865,Erosion,-0.983808212
DRTO,DRTO,DRTO,Forereef,2024,2224,24.71664,-82.85843,13.41119957,988.700565,45.54437268,1,2,0,78,3,0.053898229,0.004912306,0,0.191579926,0.185746563,0,0.776901893,0.058810534,1.154228382,-1.095417848,Erosion,-1.011326084
DRTO,DRTO,DRTO,Forereef,2024,2551,24.71386,-82.85354,10.82039966,3220.338983,107.7195109,10,4,0,44,0,0.611649853,0.009824612,0,0.108070728,0,0,1.712674427,0.621474465,1.820745155,-1.19927069,Erosion,-1.107206472
DRTO,DRTO,DRTO,Forereef,2024,2766,24.54469,-82.95484,22.85999927,932.2033898,103.0997477,0,0,0,98,0,0,0,0,0.240702984,0,0.037357641,1.000690292,0,1.278750917,-1.278750917,Erosion,-1.180585253
DRTO,DRTO,DRTO,Forereef,2024,2242,24.68916,-82.90423,12.6491996,1214.689266,64.99496294,1,1,0,84,0,0.056814191,0.002456153,0,0.206316844,0,0,1.244772849,0.059270344,1.451089693,-1.391819349,Erosion,-1.284973779
DRTO,DRTO,DRTO,Forereef,2024,2274,24.71058,-82.87114,12.34439961,3841.80791,145.0875849,1,4,0,76,0,0.056814191,0.009824612,0,0.18666762,0,0,1.441939529,0.066638802,1.628607149,-1.561968347,Erosion,-1.442060977
DRTO,DRTO,DRTO,Forereef,2024,2180,24.63558,-82.93727,8.686799722,1666.666667,100.9719681,2,20,0,77,0,0.113606995,0.049123058,0,0.189123773,0,0.037357641,1.883944784,0.162730053,2.110426198,-1.947696145,Erosion,-1.798177672
DRTO,DRTO,DRTO,Lagoon,2024,2189,24.65585,-82.84674,4.571999854,593.220339,0.92310212,3,8,0,74,0,0.308628259,0.019649223,0,0.181755315,0,0.112072923,0,0.328277482,0.293828238,0.034449244,Stasis,0.031804684
DRTO,DRTO,DRTO,Lagoon,2024,2176,24.67485,-82.82611,6.857999781,1045.19774,45.54277995,8,0,0,62,0,0.46410902,0,0,0.15228148,0,0.074715282,0.763509473,0.46410902,0.990506235,-0.526397215,Erosion,-0.485987366
DRTO,DRTO,DRTO,Lagoon,2024,2280,24.66101,-82.84899,8.686799722,1553.672316,55.69836854,2,2,0,89,1,0.120255117,0.004912306,0,0.218597608,0.061915521,0,0.556341178,0.125167423,0.836854307,-0.711686884,Erosion,-0.657052933
DRTO,DRTO,DRTO,Lagoon,2024,2188,24.65718,-82.86834,7.772399752,3050.847458,102.3288175,3,2,0,66,0,0.173935844,0.004912306,0,0.162106091,0,0.149430564,0.719647485,0.17884815,1.03118414,-0.85233599,Erosion,-0.786904852
DRTO,DRTO,DRTO,Lagoon,2024,2244,24.65071,-82.8565,11.12519965,3926.553672,303.8758069,1,2,0,80,2,0.056814191,0.004912306,0,0.196492232,0.123831042,0.074715282,0.743657804,0.061726496,1.13869636,-1.076969864,Erosion,-0.994294293
FLK,BISC,Biscayne,Inshore,2016,1012,25.31024,-80.21864,5.333999829,1754.261364,38.89320821,15,4,0,54,,1.093998056,0.009629693,0,0.228705205,0,0.003031919,0.254793272,1.103627748,0.486530395,0.617097353,Growth,0.569724741
FLK,BISC,Biscayne,MidChannel,2016,1049,25.41623,-80.14463,3.200399898,1143.494318,29.67955494,18,7,2,56,,0.982168056,0.017047259,0.021815191,0.243532278,0.001227809,0.02122343,0.232262948,1.021030507,0.498246464,0.522784043,Growth,0.482651565
FLK,BISC,Biscayne,MidChannel,2016,1039,25.38479,-80.15346,7.924799746,1534.034091,53.56061271,5,9,0,64,,0.357058004,0.022318001,0,0.245498012,0.000625111,0,0.078325579,0.379376005,0.324448701,0.054927304,Stasis,0.050710709
FLK,BISC,Biscayne,Offshore,2016,1101,25.37697,-80.13488,21.9455993,852.2727273,31.3821164,8,9,1,70,,0.513717166,0.0216,0.010749388,0.2184,0.000605,0,0.00833491,0.546066554,0.22733991,0.318726644,Stasis,0.294259008
FLK,BISC,Biscayne,Offshore,2016,1056,25.32453,-80.16182,10.97279965,892.0454545,15.70151724,1,0,0,82,,0.048133985,0,0,0.13296653,0.00060943,0,0.07066397,0.048133985,0.20423993,-0.156105945,Stasis,-0.144122185
FLK,BISC,Biscayne,Offshore,2016,1093,25.45783,-80.11259,17.37359944,1008.522727,64.32502142,2,9,1,56,,0.105332,0.0216,0.010749388,0.2184,0.000605,0,0.257951834,0.137681388,0.476956834,-0.339275446,Stasis,-0.313230343
FLK,BISC,Biscayne,Offshore,2016,1123,25.37554,-80.13761,9.296399703,1756.193182,76.37084115,3,8,2,81,,0.132233887,0.019820523,0.022193593,0.237846279,0,0,0.370993236,0.174248003,0.608839515,-0.434591512,Stasis,-0.401229296
FLK,BISC,Biscayne,Offshore,2016,1140,25.65975,-80.0879,22.09799929,1280.028409,63.4926283,2,0,1,76,,0.078986385,0,0.010755363,0.187304048,0.000605336,0,0.346704755,0.089741748,0.534614139,-0.444872392,Stasis,-0.410720945
FLK,BISC,Biscayne,Offshore,2016,1085,25.40086,-80.12876,11.88719962,220.1704545,39.83581955,2,2,0,88,,0.136751508,0.004859036,0,0.225945196,0.000612441,0,0.485213436,0.141610544,0.711771073,-0.570160529,Erosion,-0.526391108
FLK,BISC,Biscayne,Inshore,2018,1085,25.3689129,-80.1814807,3.657599883,1207.386364,16.57754674,10,4,0,57,,0.584602144,0.009616157,0,0.175494869,0,0,0.031126363,0.594218302,0.206621232,0.38759707,Stasis,0.357842469
FLK,BISC,Biscayne,Inshore,2018,1091,25.3743363,-80.1824381,4.419599859,596.5909091,14.38298051,7,6,0,53,,0.359672697,0.014469187,0,0.21944934,0.000607907,0,0.02418688,0.374141884,0.244244127,0.129897758,Stasis,0.119925918
FLK,BISC,Biscayne,Inshore,2018,1519,25.4645658,-80.169893,3.962399873,2372.159091,61.7859097,5,0,0,81,,0.281353897,0,0,0.180135737,0.001210912,0,0.235062873,0.281353897,0.416409522,-0.135055625,Stasis,-0.124687832
FLK,BISC,Biscayne,MidChannel,2018,1101,25.422951,-80.1572517,3.047999902,1424.005682,92.98241192,12,0,1,44,,0.706860094,0,0.010801028,0.226683787,0.003647439,0,0.234874925,0.717661122,0.46520615,0.252454971,Stasis,0.233074801
FLK,BISC,Biscayne,MidChannel,2018,1097,25.4093774,-80.1513806,6.705599785,1590.909091,78.33550462,13,3,2,36,,0.813417285,0.007326569,0.021876703,0.234450198,0.001231271,0,0.520748343,0.842620556,0.756429812,0.086190744,Stasis,0.079574153
FLK,BISC,Biscayne,MidChannel,2018,1086,25.4707,-80.136,7.619999756,1008.522727,57.3087939,7,0,1,61,,0.361032993,0,0.010777706,0.240632249,0.001213188,0,0.103647777,0.371810699,0.345493214,0.026317485,Stasis,0.024297175
FLK,BISC,Biscayne,MidChannel,2018,1080,25.66133,-80.10251,7.924799746,625,15.66003746,0,1,1,77,,0,0.002414797,0.010815663,0.100802924,0,0,0.003869892,0.013230461,0.104672816,-0.091442356,Stasis,-0.084422616
FLK,BISC,Biscayne,MidChannel,2018,1630,25.6077094,-80.0972045,8.534399727,241.4772727,5.376776351,0,0,0,88,,0,0,0,0.024001493,0,0,0.067697116,0,0.091698609,-0.091698609,Stasis,-0.084659197
FLK,BISC,Biscayne,MidChannel,2018,1095,25.4139322,-80.1583087,4.419599859,1321.022727,79.19586866,11,0,2,56,,0.553340558,0,0.021538347,0.240441748,0.001212227,0,0.435345716,0.574878905,0.676999692,-0.102120786,Stasis,-0.094281296
FLK,BISC,Biscayne,MidChannel,2018,1100,25.3741619,-80.1516268,7.162799771,355.1136364,18.9471825,2,1,1,75,,0.02043478,0.002406577,0.010778844,0.182899816,0.001819974,0,0.030303859,0.0336202,0.215023649,-0.181403449,Stasis,-0.16747768
FLK,BISC,Biscayne,MidChannel,2018,1130,25.5374,-80.1137,7.010399776,1548.295455,75.42312816,12,0,4,61,,0.39456162,0,0.043117804,0.154029575,0,0,0.639521655,0.437679424,0.79355123,-0.355871806,Stasis,-0.328552653
FLK,BISC,Biscayne,MidChannel,2018,1226,25.72952,-80.10028,7.010399776,909.0909091,45.0692705,3,2,0,68,,0.19650757,0.004886023,0,0.225638816,0,0,0.353539521,0.201393592,0.579178337,-0.377784745,Stasis,-0.348783405
FLK,BISC,Biscayne,MidChannel,2018,1082,25.34985,-80.1637215,8.686799722,1661.931818,261.5219232,0,5,1,62,,0,0.012048285,0.010792641,0.231327079,0,0,1.574742249,0.022840927,1.806069328,-1.783228401,Erosion,-1.646335596
FLK,BISC,Biscayne,Offshore,2018,1089,25.3544764,-80.13835655,2.895599907,1093.75,8.886791002,4,3,0,65,,0.167866226,0.0072,0,0.2256,0.00121,0.006063837,0.00120206,0.175066226,0.234075897,-0.059009671,Stasis,-0.054479685
FLK,BISC,Biscayne,Offshore,2018,1363,25.568902,-80.1004823,5.94359981,1562.5,69.02802757,14,0,1,76,,0.456609014,0,0.011607174,0.115396855,0.000653278,0,0.419028959,0.468216188,0.535079093,-0.066862904,Stasis,-0.06173005
FLK,BISC,Biscayne,Offshore,2018,1230,25.5634722,-80.0985319,11.58239963,1463.068182,40.81510523,4,0,2,89,,0.294047501,0,0.021582637,0.192748944,0.00121472,0,0.248194163,0.315630138,0.442157826,-0.126527688,Stasis,-0.116814558
FLK,BISC,Biscayne,Offshore,2018,1303,25.2939,-80.163067,19.04999939,639.2045455,83.71064208,2,0,1,52,,0.127655705,0,0.010749388,0.1824,0.00484,0,0.108568548,0.138405093,0.295808548,-0.157403455,Stasis,-0.14532009
FLK,BISC,Biscayne,Offshore,2018,1359,25.5427,-80.0987,12.6491996,1178.977273,133.3872536,1,0,1,92,,0.058010796,0,0.010759201,0.235414702,0,0,0.084475515,0.068769996,0.319890217,-0.251120221,Stasis,-0.231842516
FLK,BISC,Biscayne,Offshore,2018,1400,25.6004,-80.0903,22.55519928,482.9545455,59.78857038,11,0,0,83,,0.424722628,0,0,0.204773047,0.001214585,0,0.52538379,0.424722628,0.731371422,-0.306648794,Stasis,-0.283108336
FLK,BISC,Biscayne,Offshore,2018,1398,25.466925,-80.1101944,14.47799954,468.75,49.33121875,2,0,3,67,,0.065075649,0,0.032248164,0.2136,0.001815,0,0.354056365,0.097323813,0.569471365,-0.472147552,Stasis,-0.435902278
FLK,BISC,Biscayne,Offshore,2018,1397,25.4967,-80.104,17.67839943,1363.636364,66.24523553,0,0,0,100,,0,0,0,0.016803719,0,0,0.514767452,0,0.531571172,-0.531571172,Erosion,-0.490764134
FLK,BISC,Biscayne,Offshore,2018,1669,25.3876137,-80.1356279,2.895599907,568.1818182,42.11628514,1,3,0,93,,0.047970247,0.007228048,0,0.224069494,0,0,0.491903619,0.055198295,0.715973113,-0.660774818,Erosion,-0.610049225
FLK,BISC,Biscayne,Offshore,2018,1168,25.5887,-80.0973,3.047999902,951.7045455,71.00978524,2,0,1,93,,0.047447076,0,0.010781545,0.177604814,0.00060681,0,0.882210755,0.058228621,1.060422379,-1.002193758,Erosion,-0.925258513
FLK,BISC,Biscayne,Offshore,2018,1306,25.4002317,-80.1315614,3.505199888,1207.386364,71.06146182,0,0,0,97,,0,0,0,0.229910666,0,0,0.890332663,0,1.120243329,-1.120243329,Erosion,-1.034245791
FLK,BISC,Biscayne,Inshore,2022,1563,25.45538,-80.15683,4.267199864,1638.418079,15.70096392,8,2,1,64,0,0.387791853,0.004848274,0.010857495,0.155144765,0,0,0.088142631,0.403497622,0.243287396,0.160210226,Stasis,0.147911394
FLK,BISC,Biscayne,Inshore,2022,1011,25.7347,-80.11502,9.143999707,621.4689266,12.45524175,2,1,0,79,0,0.19257163,0.002424137,0,0.19150682,0,0,0.003148001,0.194995767,0.194654821,3.41E-04,Stasis,0.000314823
FLK,BISC,Biscayne,Inshore,2022,8071,25.74996,-80.12381,6.705599785,310.7344633,0.538932609,1,0,0,95,0,0.056073897,0,0,0.230293011,0,0,0,0.056073897,0.230293011,-0.174219114,Stasis,-0.160844864
FLK,BISC,Biscayne,Inshore,2022,1027,25.49277,-80.1408,6.2483998,932.2033898,38.22873579,6,1,4,55,0,0.392082843,0.002424137,0.043429981,0.133327533,0,0,0.488176354,0.437936961,0.621503887,-0.183566926,Stasis,-0.169475074
FLK,BISC,Biscayne,Inshore,2022,1010,25.73747,-80.11803,8.839199717,56.49717514,1.313436322,0,0,0,90,0,0,0,0,0.218172326,0,0,1.92E-04,0,0.218364326,-0.218364326,Stasis,-0.201601187
FLK,BISC,Biscayne,Inshore,2022,1491,25.33355,-80.22532,4.571999854,0,0,0,0,0,94,0,0,0,0,0.227868874,0,0,0,0,0.227868874,-0.227868874,Stasis,-0.210376101
FLK,BISC,Biscayne,MidChannel,2022,1642,25.75421,-80.10215,8.229599737,1158.19209,23.95623877,0,0,1,90,0,0,0,0.010857495,0.218172326,0,0,0.005950054,0.010857495,0.22412238,-0.213264885,Stasis,-0.196893214
FLK,BISC,Biscayne,MidChannel,2022,1185,25.5673,-80.10477,4.724399849,1242.937853,9.11419138,1,0,0,92,0,0.056073897,0,0,0.2230206,0,0,0.054418741,0.056073897,0.277439341,-0.221365444,Stasis,-0.204371919
FLK,BISC,Biscayne,MidChannel,2022,1162,25.72854,-80.10325,10.51559967,254.2372881,5.478262662,0,0,0,95,0,0,0,0,0.230293011,0,0,7.67E-04,0,0.231060011,-0.231060011,Stasis,-0.213322265
FLK,BISC,Biscayne,Offshore,2022,8068,25.7127,-80.08719,24.53639922,762.7118644,13.34787266,7,0,0,76,1,0.292254492,0,0,0.184234409,0.061108452,0,0.007263784,0.292254492,0.252606645,0.039647847,Stasis,0.036604207
FLK,BISC,Biscayne,Offshore,2022,1313,25.48157,-80.10792,15.08759952,338.9830508,8.85208337,4,4,0,79,0,0.19681308,0.009696548,0,0.19150682,0,0,0.003857467,0.206509628,0.195364287,0.011145342,Stasis,0.010289749
FLK,BISC,Biscayne,Offshore,2022,1155,25.33583,-80.15115,7.772399752,225.9887006,4.819662803,2,2,3,58,3,0.093298035,0.004848274,0.032572486,0.140599943,0.183325357,0,0.001928734,0.130718794,0.325854035,-0.19513524,Stasis,-0.180155325
FLK,BISC,Biscayne,Offshore,2022,1714,25.46913,-80.11053,12.95399959,847.4576271,7.335368603,3,2,3,75,4,0.183557117,0.004848274,0.032572486,0.181810272,0.24443381,0,0.003857467,0.220977877,0.430101548,-0.209123671,Stasis,-0.193069908
FLK,BISC,Biscayne,Offshore,2022,1161,25.43472,-80.12314,4.419599859,423.7288136,29.97526105,1,6,1,90,0,0.056073897,0.014544822,0.010857495,0.218172326,0,0,0.16074832,0.081476214,0.378920646,-0.297444432,Stasis,-0.274610564
FLK,BISC,Biscayne,Offshore,2022,1316,25.5831,-80.0925,14.02079955,1045.19774,40.79975669,1,0,2,79,0,0.056073897,0,0.021714991,0.19150682,0,0,0.18982453,0.077788887,0.38133135,-0.303542462,Stasis,-0.280240467
FLK,BISC,Biscayne,Offshore,2022,8076,25.71423,-80.08803,21.48839932,875.7062147,15.53122769,4,6,1,62,2,0.080758692,0.014544822,0.010857495,0.150296491,0.122216905,0,0.167963876,0.106161009,0.440477272,-0.334316263,Stasis,-0.308651861
FLK,BISC,Biscayne,Offshore,2022,1190,25.71133,-80.0872,8.229599737,649.7175141,53.27359971,1,5,1,78,0,0.056073897,0.012120685,0.010857495,0.189082683,0,0,0.267382548,0.079052077,0.456465231,-0.377413154,Stasis,-0.34844034
FLK,BISC,Biscayne,Offshore,2022,1241,25.29411,-80.17136,11.42999964,1497.175141,98.40315039,1,2,0,92,0,0.048209508,0.004848274,0,0.2230206,0,0,0.533395454,0.053057782,0.756416054,-0.703358272,Erosion,-0.649363682
FLK,BISC,Biscayne,Offshore,2022,1159,25.43928,-80.12158,4.114799868,1073.446328,84.5635769,1,0,1,94,0,0.048209508,0,0.010857495,0.227868874,0,0,0.894737612,0.059067003,1.122606486,-1.063539482,Erosion,-0.981894919
FLK,BISC,Biscayne,Offshore,2022,1668,25.46593,-80.11841,9.143999708,2288.135593,100.5049028,6,4,1,81,0,0.233144005,0.009696548,0.010857495,0.196355093,0,0,1.401155667,0.253698048,1.59751076,-1.343812712,Erosion,-1.24065246
FLK,BISC,Biscayne,Inshore,2024,1051,25.47492,-80.15578,5.029199839,3615.819209,26.57762791,8,0,0,74,1,0.442048776,0,0,0.179386135,0.061108452,0,0.07873527,0.442048776,0.319229857,0.122818919,Stasis,0.113390499
FLK,BISC,Biscayne,Inshore,2024,1009,25.33015,-80.23357,3.657599883,0,0,1,0,0,82,0,0.056073897,0,0,0.19877923,0,0,0,0.056073897,0.19877923,-0.142705334,Stasis,-0.131750297
FLK,BISC,Biscayne,Inshore,2024,1010,25.71774,-80.116,7.010399776,84.74576271,0.020506208,0,0,1,94,0,0,0,0.010857495,0.227868874,0,0,0,0.010857495,0.227868874,-0.217011379,Stasis,-0.200352102
FLK,BISC,Biscayne,MidChannel,2024,1177,25.70647,-80.09837,7.010399776,395.480226,4.524635489,3,0,0,74,0,0.177797086,0,0,0.179386135,0,0,0.027093162,0.177797086,0.206479297,-0.028682211,Stasis,-0.026480368
FLK,BISC,Biscayne,MidChannel,2024,1233,25.72458,-80.09912,9.753599689,988.700565,19.17209464,4,15,0,69,0,0.255743239,0.036362054,0,0.16726545,0,0,0.160080806,0.292105293,0.327346256,-0.035240963,Stasis,-0.032535626
FLK,BISC,Biscayne,MidChannel,2024,1056,25.39907,-80.15921,5.029199839,1327.683616,31.07697173,6,1,1,77,2,0.457099686,0.002424137,0.010857495,0.186658546,0.122216905,0,0.251812284,0.470381319,0.560687734,-0.090306416,Stasis,-0.083373878
FLK,BISC,Biscayne,MidChannel,2024,1180,25.72561,-80.1009,6.705599786,564.9717514,14.77471267,5,2,0,84,0,0.287479225,0.004848274,0,0.203627504,0,0,0.184433011,0.292327499,0.388060515,-0.095733016,Stasis,-0.088383895
FLK,BISC,Biscayne,MidChannel,2024,1089,25.3622,-80.15392,7.467599761,2401.129944,33.97898194,2,5,2,79,0,0.104283405,0.012120685,0.021714991,0.19150682,0,0,0.05229462,0.13811908,0.24380144,-0.105682359,Stasis,-0.097569459
FLK,BISC,Biscayne,MidChannel,2024,1148,25.72724,-80.10211,8.229599737,225.9887006,0.114149813,1,0,0,91,0,0.062614295,0,0,0.220596463,0,0,0,0.062614295,0.220596463,-0.157982168,Stasis,-0.145854377
FLK,BISC,Biscayne,MidChannel,2024,1150,25.33071,-80.18352,3.200399898,1327.683616,33.6202027,1,1,2,88,0,0.048209508,0.002424137,0.021714991,0.213324052,0,0,0.060667462,0.072348636,0.273991514,-0.201642878,Stasis,-0.186163392
FLK,BISC,Biscayne,MidChannel,2024,1154,25.59212,-80.10577,3.809999878,508.4745763,2.274236469,2,0,0,87,3,0.145057931,0,0,0.210899915,0.183325357,0,6.43E-04,0.145057931,0.394868272,-0.249810342,Stasis,-0.230633192
FLK,BISC,Biscayne,MidChannel,2024,1202,25.38379,-80.15289,10.36319967,2090.39548,35.62134543,1,4,1,85,0,0.048209508,0.009696548,0.010857495,0.206051641,0,0,0.147086374,0.068763551,0.353138015,-0.284374464,Stasis,-0.262543936
FLK,BISC,Biscayne,MidChannel,2024,1048,25.39067,-80.16373,2.438399922,1638.418079,54.88391935,1,2,1,89,2,0.059542857,0.004848274,0.010857495,0.215748189,0.122216905,0,0.40690026,0.075248627,0.744865354,-0.669616727,Erosion,-0.618212369
FLK,BISC,Biscayne,MidChannel,2024,1185,25.56292,-80.10574,4.267199864,1129.943503,40.40447722,0,0,3,74,0,0,0,0.032572486,0.179386135,0,0,0.687458649,0.032572486,0.866844784,-0.834272298,Erosion,-0.770227852
FLK,BISC,Biscayne,MidChannel,2024,1091,25.48353,-80.12162,7.772399751,282.4858757,31.80317823,0,1,0,93,0,0,0.002424137,0,0.225444737,0,0,0.685707108,0.002424137,0.911151845,-0.908727708,Erosion,-0.838967556
FLK,BISC,Biscayne,Offshore,2024,1227,25.40598,-80.12576,19.65959938,1045.19774,68.27345501,4,46,0,41,0,0.473944815,0.1115103,0,0.099389615,0,0,0.278626683,0.585455115,0.378016298,0.207438817,Stasis,0.191514395
FLK,BISC,Biscayne,Offshore,2024,1246,25.67087,-80.08851,14.93519952,1271.186441,140.5995178,3,4,0,72,1,0.115041034,0.009696548,0,0.174537861,0.061108452,0,0.017234626,0.124737582,0.252880939,-0.128143357,Stasis,-0.118306197
FLK,BISC,Biscayne,Offshore,2024,1287,25.69372,-80.08721,22.85999927,875.7062147,24.715732,2,0,0,88,0,0.074630263,0,0,0.213324052,0,0.037357641,0.018692381,0.074630263,0.269374074,-0.194743811,Stasis,-0.179793945
FLK,BISC,Biscayne,Offshore,2024,1152,25.29781,-80.16878,10.82039966,988.700565,13.2202688,0,0,0,95,0,0,0,0,0.230293011,0,0.037357641,0.024981864,0,0.292632516,-0.292632516,Stasis,-0.270168043
FLK,BISC,Biscayne,Offshore,2024,1181,25.4434,-80.12007,6.705599786,1355.932203,82.03669496,4,5,0,91,0,0.173860885,0.012120685,0,0.220596463,0,0,0.82019358,0.185981569,1.040790043,-0.854808474,Erosion,-0.789187531
FLK,BISC,Biscayne,Offshore,2024,1232,25.58779,-80.09265,14.17319955,536.7231638,101.4036909,3,5,1,91,0,0.187215715,0.012120685,0.010857495,0.220596463,0,0.037357641,1.552498746,0.210193895,1.81045285,-1.600258955,Erosion,-1.477412136
FLK,LK,Lower Keys,Inshore,2014,1325,24.51605,-81.92446667,2.510117567,56.81818182,2.092696037,45,3,0,51,,5.037406827,0.007367968,0,0.218583049,0,0,0.000459324,5.044774795,0.219042373,4.825732422,Growth,4.455276206
FLK,LK,Lower Keys,Inshore,2014,1429,24.55211667,-81.6969,2.590799917,568.1818182,10.42159996,37,1,2,67.5,,4.00412724,0.002416072,0.021642745,0.225902724,0,0.003031919,0.000966641,4.028186057,0.229901283,3.798284774,Growth,3.506702464
FLK,LK,Lower Keys,Inshore,2014,1326,24.56305,-81.65736667,4.571999854,1040.482955,41.47788828,45,3,1,49.5,,3.918008843,0.007231447,0.010796338,0.203685769,0,0,0.119516264,3.936036629,0.323202033,3.612834596,Growth,3.33548871
FLK,LK,Lower Keys,Inshore,2014,1430,24.55143333,-81.6925,2.705099914,248.5795455,64.70550609,23.5,4.5,1,52.5,,3.108203702,0.010925405,0.010874205,0.234289244,0,0,0.437530586,3.130003312,0.67181983,2.458183482,Growth,2.26947651
FLK,LK,Lower Keys,Inshore,2014,1324,24.5132,-81.95223333,3.514724888,56.81818182,0.772396682,8.5,5,1,75.5,,1.37177078,0.012050763,0.010794861,0.220528965,0,0,0.000949974,1.394616404,0.221478938,1.173137466,Growth,1.083079413
FLK,LK,Lower Keys,MidChannel,2014,1334,24.50898333,-81.72856667,6.653462945,404.8295455,20.0561511,45,4,1,30.5,,3.248443395,0.009626187,0.01077871,0.220199026,0.001213301,0,0.209551912,3.268848292,0.430964239,2.837884053,Growth,2.620028669
FLK,LK,Lower Keys,MidChannel,2014,1434,24.52138333,-81.70015,6.857999781,1051.136364,77.57467927,37.5,8,3,35,,2.414539342,0.0192,0.032248164,0.2244,0,0,0.23733312,2.465987506,0.46173312,2.004254385,Growth,1.850394114
FLK,LK,Lower Keys,MidChannel,2014,1433,24.50943333,-81.7212,5.43261159,1382.897727,288.6073034,14.5,5,2,35.5,,3.586308114,0.01203787,0.021566623,0.215477873,0,0,1.446915732,3.619912607,1.662393605,1.957519002,Growth,1.807246459
FLK,LK,Lower Keys,MidChannel,2014,1335,24.51878333,-81.6699,8.143874739,1065.340909,20.6910858,34.5,5,1,46,,1.924368219,0.012,0.010749388,0.2052,0.000605,0,0.046577932,1.947117607,0.252382932,1.694734675,Growth,1.564635254
FLK,LK,Lower Keys,MidChannel,2014,1329,24.4739,-81.9023,9.072282062,1669.034091,20.97145501,25.5,4,0,57.5,,1.573293747,0.0096,0,0.2076,0.000605,0.001515959,0.018795433,1.582893747,0.228516392,1.354377355,Growth,1.250406089
FLK,LK,Lower Keys,MidChannel,2014,1352,24.48721667,-81.84361667,6.55319979,696.0227273,29.88491279,13.5,2,1,45,,1.525676449,0.004976767,0.011145249,0.217733541,0,0,0.158178063,1.541798465,0.375911603,1.165886862,Growth,1.076385415
FLK,LK,Lower Keys,MidChannel,2014,1331,24.47395,-81.94066667,10.82039965,1566.875,137.2009195,30.5,2.5,2,50,,1.807528528,0.006005168,0.021517292,0.201773634,0.001816563,0.001515959,0.715944872,1.835050988,0.921051028,0.91399996,Growth,0.843835074
FLK,LK,Lower Keys,MidChannel,2014,1332,24.47816667,-81.94736667,8.534399727,2578.153409,69.42419617,20.5,2,2,54.5,,1.196142031,0.004903285,0.021961381,0.178969906,0.003708109,0.001515959,0.325929401,1.223006697,0.510123376,0.712883321,Growth,0.658157523
FLK,LK,Lower Keys,MidChannel,2014,1333,24.4832,-81.94671667,8.78305235,1306.761364,542.1286095,25.5,2,1.5,54.5,,1.681066156,0.0048,0.016124082,0.18,0.000605,0.001515959,1.238775835,1.701990238,1.420896794,0.281093444,Stasis,0.259514789
FLK,LK,Lower Keys,MidChannel,2014,1355,24.5083,-81.67185,7.18311977,973.0113636,55.23860249,18.5,8,1,49.5,,1.036548764,0.020200721,0.011309655,0.242408646,0.001273066,0.003031919,0.552998224,1.06805914,0.799711855,0.268347284,Stasis,0.247747112
FLK,LK,Lower Keys,MidChannel,2014,1338,24.53666667,-81.63461667,4.114799868,2916.193182,39.79642512,7.5,9,2,63,,0.405786387,0.0216,0.021498776,0.1596,0,0,0.064867985,0.448885163,0.224467985,0.224417178,Stasis,0.207189381
FLK,LK,Lower Keys,MidChannel,2014,1432,24.50571667,-81.71071667,7.467599761,1164.772727,20.82543927,5.5,4,1.5,70.5,,0.287398218,0.0096,0.016124082,0.1284,0,0,0.010412234,0.3131223,0.138812234,0.174310066,Stasis,0.160928833
FLK,LK,Lower Keys,MidChannel,2014,1330,24.47675,-81.94853333,9.019673396,1235.795455,484.556796,22,5,2,53,,1.20991307,0.012237303,0.021923919,0.200691763,0.000616964,0,1.182931644,1.244074292,1.38424037,-0.140166079,Stasis,-0.129405972
FLK,LK,Lower Keys,Offshore,2014,1354,24.50115,-81.66055,7.467599761,355.1136364,11.56237753,12.5,10.5,2,63,,0.897740892,0.02534401,0.021621635,0.199131507,0,0.001515959,0.002306516,0.944706537,0.202953983,0.741752554,Growth,0.684810556
FLK,LK,Lower Keys,Offshore,2014,1437,24.48073333,-81.71178333,3.809999878,1022.727273,136.4701327,13,14,0,61,,1.346487601,0.036046684,0,0.262150161,0,0,0.424572935,1.382534285,0.686723096,0.695811189,Growth,0.642395965
FLK,LK,Lower Keys,Offshore,2014,1428,24.49171667,-81.65753333,10.60026633,1541.193182,119.0970642,10.5,12.5,3,62.5,,1.029673227,0.031229968,0.033570304,0.242344552,0,0,0.410161281,1.0944735,0.652505833,0.441967666,Stasis,0.408039206
FLK,LK,Lower Keys,Offshore,2014,1446,24.45966667,-81.84403333,3.232149896,504.2613636,314.8233559,17,16,4,47,,1.234928349,0.043532398,0.048744442,0.27207749,0,0,0.69774519,1.327205189,0.96982268,0.357382509,Stasis,0.329947384
FLK,LK,Lower Keys,Offshore,2014,1377,24.47215,-81.76485,4.232030633,184.6590909,108.0196544,9,27,1.5,42,,0.694678338,0.070173533,0.01746117,0.260162887,0,0,0.295873412,0.782313041,0.556036298,0.226276743,Stasis,0.208906193
FLK,LK,Lower Keys,Offshore,2014,1449,24.45513333,-81.85613333,5.011615225,580.9943182,39.62826678,8,10.5,0,69.5,,0.481557403,0.026051419,0,0.246868207,0,0,0.118427252,0.507608822,0.365295459,0.142313363,Stasis,0.131388416
FLK,LK,Lower Keys,Offshore,2014,1453,24.45235,-81.87653333,5.181599834,795.4545455,63.52504706,9.5,5.5,0,81.5,,0.644900092,0.013570758,0,0.230702888,0,0,0.315298499,0.65847085,0.546001386,0.112469463,Stasis,0.103835538
FLK,LK,Lower Keys,Offshore,2014,1401,24.44423333,-81.98798333,12.6652417,632.1022727,28.21172498,6,11.5,1,55,,0.31840582,0.027722062,0.010796928,0.226597724,0,0,0.076744539,0.35692481,0.303342262,0.053582547,Stasis,0.049469184
FLK,LK,Lower Keys,Offshore,2014,1450,24.45471667,-81.85908333,3.936999874,610.7954545,102.776422,2,10.5,1,83,,0.786626308,0.026739898,0.011406252,0.250845711,0,0.001515959,0.558060472,0.824772457,0.810422142,0.014350315,Stasis,0.013248687
FLK,LK,Lower Keys,Offshore,2014,1436,24.49158333,-81.72005,7.018019776,1308.238636,77.164572,13,13,1,54,,0.559825343,0.031416864,0.010824104,0.199376252,0,0,0.421818301,0.602066312,0.621194553,-0.019128241,Stasis,-0.017659826
FLK,LK,Lower Keys,Offshore,2014,1458,24.45663333,-81.8785,2.895599907,220.1704545,1.162501663,0,1,0,102,,0,0.002402471,0,0.178984101,0,0.004547878,0,0.002402471,0.183531978,-0.181129507,Stasis,-0.167224768
FLK,LK,Lower Keys,Offshore,2014,1363,24.46835,-81.79396667,6.939642635,852.2727273,46.37340804,2,1,2,84,,0.098616619,0.002404247,0.021536818,0.221434445,0,0,0.102094557,0.122557684,0.323529002,-0.200971319,Stasis,-0.185543386
FLK,LK,Lower Keys,Offshore,2014,1422,24.49528333,-81.66121667,2.285999927,333.8068182,5.011278356,0,3,1,77,,0,0.007244853,0.010816352,0.223382963,0,0.001515959,0.001406092,0.018061205,0.226305015,-0.20824381,Stasis,-0.192257591
FLK,LK,Lower Keys,Offshore,2014,1442,24.48213333,-81.71598333,2.133599932,312.5,1.602056751,0,1.5,0,90,,0,0.003603431,0,0.22228437,0,0.003031919,0,0.003603431,0.225316289,-0.221712858,Stasis,-0.204692663
FLK,LK,Lower Keys,Offshore,2014,1398,24.44403333,-81.96668333,12.94383959,667.6136364,113.5139318,1,8.5,1,76.5,,0.058074542,0.020441059,0.010771023,0.215232331,0,0.001515959,0.20866593,0.089286625,0.425414221,-0.336127596,Stasis,-0.310324143
FLK,LK,Lower Keys,Offshore,2014,1397,24.4565,-81.8687,9.27295355,1228.693182,82.62960984,2.5,7.5,0,74.5,,0.154385725,0.01811556,0,0.148547594,0,0,0.364544265,0.172501285,0.51309186,-0.340590574,Stasis,-0.314444513
FLK,LK,Lower Keys,Offshore,2014,1460,24.4512,-81.88125,10.79798789,994.3181818,77.40704853,3,7.5,1,74,,0.169549889,0.018,0.010749388,0.2268,0,0,0.400918626,0.198299277,0.627718626,-0.429419349,Stasis,-0.396454184
FLK,LK,Lower Keys,Offshore,2014,1366,24.504,-81.62411667,3.200399898,1257.102273,93.41470511,2,23.5,0,44.5,,0.138431518,0.057795082,0,0.243477154,0,0.004547878,0.631316838,0.196226601,0.879341871,-0.68311527,Erosion,-0.630674671
FLK,LK,Lower Keys,Offshore,2014,1459,24.4521,-81.87341667,10.96263965,1803.977273,397.4748289,3,5.5,1,76.5,,0.177148966,0.013494183,0.010988955,0.231854599,0,0,0.745154098,0.201632104,0.977008698,-0.775376594,Erosion,-0.715853385
FLK,LK,Lower Keys,Offshore,2014,1391,24.46916667,-81.76741667,15.6159195,553.9772727,101.4353907,8,12.5,0,73.5,,0.456910075,0.03,0,0.222,0,0,1.075400756,0.486910075,1.297400756,-0.810490681,Erosion,-0.748271875
FLK,LK,Lower Keys,Offshore,2014,1454,24.4537,-81.87398333,4.648199851,681.8181818,58.67813902,1,20,1,49,,0.076231919,0.054173249,0.01213186,0.270866247,0,0,0.70784812,0.142537029,0.978714367,-0.836177338,Erosion,-0.771986648
FLK,LK,Lower Keys,Offshore,2014,1388,24.44308333,-81.93498333,10.14356438,1214.488636,85.166609,4,5.5,1.5,78.5,,0.240753311,0.013604557,0.016618258,0.247706443,0,0,0.877762075,0.270976126,1.125468518,-0.854492391,Erosion,-0.788895713
FLK,LK,Lower Keys,Offshore,2014,1452,24.45436667,-81.8553,10.36319967,177.5568182,49.32718526,0,5,1,80,,0,0.012539931,0.011233048,0.243274654,0,0,0.741129253,0.023772979,0.984403907,-0.960630928,Erosion,-0.88688633
FLK,LK,Lower Keys,Offshore,2014,1451,24.45391667,-81.85768333,8.381999732,887.7840909,479.5710468,6.5,4,1,79,,0.375147046,0.009744732,0.010911449,0.239964035,0,0,1.20090151,0.395803227,1.440865545,-1.045062318,Erosion,-0.964836189
FLK,LK,Lower Keys,Offshore,2014,1444,24.48003333,-81.7089,10.97279965,1718.75,239.8786791,5,5.5,0,78.5,,0.287861119,0.013688935,0,0.235200797,0,0.001515959,1.339119534,0.301550054,1.57583629,-1.274286236,Erosion,-1.176463312
FLK,LK,Lower Keys,Offshore,2014,1383,24.44615,-81.94971667,9.601199693,625.0284091,177.8446167,7,5,2,86,,0.482031532,0.01202285,0.021539713,0.19837702,0,0.001515959,2.103253752,0.515594094,2.303146731,-1.787552637,Erosion,-1.650327874
FLK,LK,Lower Keys,Offshore,2014,1443,24.47813333,-81.72611667,10.36319967,688.9488636,367.426088,6.5,11.5,1,61.5,,0.314443415,0.028039147,0.010920423,0.219436803,0,0,1.996863745,0.353402985,2.216300547,-1.862897562,Erosion,-1.719888808
FLK,LK,Lower Keys,Offshore,2014,1424,24.49295,-81.65988333,3.992879872,2218.579545,412.3455431,6,9.5,2,62,,0.408023349,0.024037812,0.022665944,0.253029599,0,0,2.149810791,0.454727105,2.40284039,-1.948113285,Erosion,-1.798562789
FLK,LK,Lower Keys,Offshore,2014,1423,24.4923,-81.66213333,3.657599883,1782.670455,400.933011,7,13,0,55.5,,0.53603085,0.036103531,0,0.276330873,0,0,2.551304827,0.572134382,2.8276357,-2.255501318,Erosion,-2.082353615
FLK,LK,Lower Keys,Offshore,2014,1427,24.49071667,-81.66315,9.601199693,1326.107955,845.0456745,6.5,10,1.5,69,,0.384542698,0.024917986,0.016740819,0.237966769,0,0,5.346172985,0.426201503,5.584139754,-5.157938251,Erosion,-4.761979644
FLK,LK,Lower Keys,Inshore,2016,1354,24.6165849,-81.3907287,2.438399922,2556.818182,182.853486,2,6,0,73,,0.315138926,0.0144,0,0.24,0,0,0.273875455,0.329538926,0.513875455,-0.184336528,Stasis,-0.170185596
FLK,LK,Lower Keys,MidChannel,2016,1371,24.5703358,-81.4577393,7.772399751,2286.931818,13.6912094,36,0,0,58,,2.750006656,0,0,0.24,0,0,0.012197079,2.750006656,0.252197079,2.497809577,Growth,2.306060635
FLK,LK,Lower Keys,MidChannel,2016,1373,24.5848302,-81.4429769,7.619999756,1960.227273,76.25124214,31,0,0,50,,1.627646698,0,0,0.2112,0.000605,0,0.164426995,1.627646698,0.376231995,1.251414703,Growth,1.155347554
FLK,LK,Lower Keys,MidChannel,2016,1379,24.51451,-81.69662,8.534399727,1571.647727,29.19891316,17,2,0,45,,0.89524602,0.0048,0,0.1608,0,0.006063837,0.256250719,0.90004602,0.423114557,0.476931463,Stasis,0.440318943
FLK,LK,Lower Keys,MidChannel,2016,1363,24.50924,-81.73464,7.924799746,2201.704545,58.14532778,11,0,0,62,,0.615553075,0,0,0.1368,0,0,0.201263537,0.615553075,0.338063537,0.277489538,Stasis,0.256187544
FLK,LK,Lower Keys,MidChannel,2016,1377,24.50635,-81.70926,7.010399776,2428.977273,23.72636173,9,8,0,28,,0.486350428,0.0192,0,0.2112,0,0.003031919,0.040421984,0.505550428,0.254653902,0.250896525,Stasis,0.231635992
FLK,LK,Lower Keys,MidChannel,2016,1376,24.5975904,-81.4015353,8.381999732,468.75,11.86481316,1.351351351,0,1.351351351,86.48648649,,0.008177436,0,0.0145262,0.197837838,0,0,0.002380224,0.022703636,0.200218062,-0.177514426,Stasis,-0.163887205
FLK,LK,Lower Keys,Offshore,2016,1431,24.5404929,-81.4704662,7.924799746,198.8636364,1.129058218,11,0,1,61,,0.655647965,0,0.010774122,0.204469399,0,0,0,0.666422087,0.204469399,0.461952688,Stasis,0.426490041
FLK,LK,Lower Keys,Offshore,2016,1451,24.44588,-81.9179,11.58239963,976.9886364,70.59605332,14,3,0,76,,0.994092838,0.007208847,0,0.225877213,0,0,0.333454404,1.001301685,0.559331617,0.441970068,Stasis,0.408041424
FLK,LK,Lower Keys,Offshore,2016,1470,24.46136,-81.7559,20.42159935,525.5681818,60.09355838,11,19,0,54,,0.662779987,0.0456,0,0.1848,0,0,0.178626932,0.708379987,0.363426932,0.344953056,Stasis,0.318472101
FLK,LK,Lower Keys,Offshore,2016,1412,24.545,-81.40713,7.162799771,1809.573864,781.5799811,22,18,0,49,,2.378414891,0.049627397,0,0.267436527,0,0,2.02671303,2.428042288,2.294149558,0.13389273,Stasis,0.123614209
FLK,LK,Lower Keys,Offshore,2016,1404,24.50233,-81.61335,11.27759964,1775.568182,47.09099434,10,3,0,76,,0.567830175,0.007290581,0,0.204136272,0,0,0.244539415,0.575120756,0.448675687,0.126445069,Stasis,0.116738281
FLK,LK,Lower Keys,Offshore,2016,1477,24.48205,-81.66455,19.50719938,1441.761364,58.21649754,5,3,1,83,,0.278011889,0.0072,0.010749388,0.1872,0,0,0.017711563,0.295961277,0.204911563,0.091049714,Stasis,0.084060115
FLK,LK,Lower Keys,Offshore,2016,1467,24.43726,-81.9068,17.98319942,348.0397727,12.25486431,4,3,3,74,,0.249020558,0.007291333,0.032657237,0.218739996,0,0,0.005136001,0.288969128,0.223875997,0.065093132,Stasis,0.060096138
FLK,LK,Lower Keys,Offshore,2016,1479,24.53336,-81.45731,19.50719938,2051.363636,92.70828731,12,5,0,60,,0.69115256,0.012,0,0.204,0,0,0.508111351,0.70315256,0.712111351,-0.008958791,Stasis,-0.008271053
FLK,LK,Lower Keys,Offshore,2016,1398,24.54996,-81.40128,4.724399849,518.4659091,3.340409688,0,0,0,79,,0,0,0,0.057718499,0,0,0.000281218,0,0.057999718,-0.057999718,Stasis,-0.053547263
FLK,LK,Lower Keys,Offshore,2016,1741,24.46302,-81.7548,18.28799941,906.1931818,28.39808333,2,9,0,68,,0.117268371,0.0216,0,0.1896,0,0,0.030374671,0.138868371,0.219974671,-0.0811063,Stasis,-0.074880026
FLK,LK,Lower Keys,Offshore,2016,1427,24.47273,-81.82445,7.619999756,724.4318182,9.890939108,0,0,0,83,,0,0,0,0.14943419,0,0,0.000597487,0,0.150031677,-0.150031677,Stasis,-0.13851422
FLK,LK,Lower Keys,Offshore,2016,1456,24.55071,-81.37587,17.52599944,1186.079545,150.8349469,2,0,4,74,,0.02555436,0,0.042997552,0.2208,0,0,0.044757857,0.068551912,0.265557857,-0.197005945,Stasis,-0.181882422
FLK,LK,Lower Keys,Offshore,2016,1424,24.44695,-81.97202,14.32559954,1492.215909,56.81162258,7,4,1,77,,0.639208089,0.009713151,0.010876086,0.22583076,0,0,0.631101485,0.659797327,0.856932246,-0.197134919,Stasis,-0.182001495
FLK,LK,Lower Keys,Offshore,2016,1395,24.52624,-81.52184,2.285999927,298.2954545,1.614955618,0,0,0,100,,0,0,0,0.240504771,0,0,0,0,0.240504771,-0.240504771,Stasis,-0.22204198
FLK,LK,Lower Keys,Offshore,2016,1434,24.48653,-81.70823,3.352799893,696.0227273,3.686202235,0,1,0,60,,0,0.002437793,0,0.243689632,0,0.003031919,0,0.002437793,0.24672155,-0.244283758,Stasis,-0.225530866
FLK,LK,Lower Keys,Offshore,2016,1438,24.44701,-81.95048,12.19199961,965.9090909,44.01750619,3,0,1,90,,0.138011783,0,0.010758191,0.213774926,0,0,0.260293316,0.148769974,0.474068242,-0.325298268,Stasis,-0.300326149
FLK,LK,Lower Keys,Offshore,2016,1391,24.45114,-81.94607,10.21079967,2251.420455,150.7422883,15,5,1,74,,1.228110154,0.012191317,0.010920766,0.238949812,0,0,1.396177386,1.251222237,1.635127198,-0.383904961,Stasis,-0.354433791
FLK,LK,Lower Keys,Offshore,2016,1401,24.46411,-81.83917,4.724399849,617.8977273,66.48958924,5,0,0,89,,0.31341876,0,0,0.237039485,0,0,0.602635984,0.31341876,0.839675469,-0.526256708,Erosion,-0.485857645
FLK,LK,Lower Keys,Offshore,2016,1315,24.61098,-81.17351,7.467599761,2954.545455,156.0271421,6,5,2,74,,0.30697673,0.012050707,0.021589622,0.226553301,0.000607557,0,0.984954604,0.340617059,1.212115461,-0.871498402,Erosion,-0.804596226
FLK,LK,Lower Keys,Offshore,2016,1466,24.43734,-81.92087,16.30679948,262.7840909,104.0667961,3,4,2,78,,0.346386818,0.009695327,0.021712257,0.235111682,0,0,1.142673325,0.377794402,1.377785007,-0.999990606,Erosion,-0.92322449
FLK,LK,Lower Keys,Offshore,2016,1410,24.52326,-81.51573,5.486399824,1461.079545,333.7038959,2,1,0,49,,0.08028808,0.002522321,0,0.232053492,0,0,1.024475212,0.0828104,1.256528705,-1.173718304,Erosion,-1.083615662
FLK,LK,Lower Keys,Offshore,2016,1422,24.45189,-81.88001,6.55319979,823.8636364,165.5522101,15,1,2,70,,0.661656155,0.002417313,0.021653863,0.23206205,0,0,1.799982225,0.685727331,2.032044275,-1.346316945,Erosion,-1.242964451
FLK,LK,Lower Keys,Offshore,2016,1409,24.52311,-81.51885,4.571999854,1825.255682,338.908799,1,0,0,51,,0.007236078,0,0,0.243989505,0,0,2.234370595,0.007236078,2.4783601,-2.471124022,Erosion,-2.281423646
FLK,LK,Lower Keys,Offshore,2016,1416,24.48055,-81.71198,5.791199815,3380.710227,383.0103572,3,2,1,84,,0.162501477,0.004924039,0.011027168,0.224855394,0,0,2.51248275,0.178452684,2.737338144,-2.55888546,Erosion,-2.362447916
FLK,LK,Lower Keys,Inshore,2018,1008,24.552333,-81.685733,5.94359981,1051.136364,112.234079,20,0,0,69,,1.392084142,0,0,0.238273643,0.001213431,0,0.289041018,1.392084142,0.528528091,0.863556051,Growth,0.797263584
FLK,LK,Lower Keys,Inshore,2018,1004,24.53334,-81.86984,2.743199912,28.40909091,0.152869205,0,0,0,92,,0,0,0,0.2352,0,0,0,0,0.2352,-0.2352,Stasis,-0.21714444
FLK,LK,Lower Keys,MidChannel,2018,1020,24.521733,-81.652317,6.095999805,1207.386364,44.16306598,32,1,0,35,,1.597796521,0.0024,0,0.24,0,0,0.261885908,1.600196521,0.501885908,1.098310613,Growth,1.013996781
FLK,LK,Lower Keys,MidChannel,2018,1030,24.5348,-81.632267,5.791199815,1150.568182,46.03065399,21,0,0,48,,1.43988271,0,0,0.2376,0.00121,0.02122343,0.103692965,1.43988271,0.363726395,1.076156314,Growth,0.993543197
FLK,LK,Lower Keys,MidChannel,2018,1043,24.48484,-81.85841,6.857999781,681.8181818,3.263649784,10,0,0,57,,0.689392483,0,0,0.204632467,0,0,0,0.689392483,0.204632467,0.484760017,Stasis,0.447546524
FLK,LK,Lower Keys,MidChannel,2018,1047,24.50585,-81.709333,5.94359981,359.7727273,3.477309087,6,3,1,64,,0.34574426,0.0072,0.010749388,0.2232,0.000605,0.003031919,0.014700207,0.363693648,0.241537126,0.122156522,Stasis,0.112778952
FLK,LK,Lower Keys,MidChannel,2018,1605,24.48535,-81.84261,8.686799722,994.3181818,11.32833933,5,0,0,77,,0.237611753,0,0,0.121432377,0,0,0.069490745,0.237611753,0.190923121,0.046688632,Stasis,0.043104493
FLK,LK,Lower Keys,MidChannel,2018,1031,24.47869,-81.96274,10.66799966,269.8863636,1.291861373,1,0,0,91,,0.099191088,0,0,0.055209116,0,0,0,0.099191088,0.055209116,0.043981972,Stasis,0.040605615
FLK,LK,Lower Keys,Offshore,2018,1375,24.494667,-81.638167,17.67839943,397.7272727,5.827300958,19,2,0,67,,0.915334652,0.0048,0,0.2232,0,0,0.001551654,0.920134652,0.224751654,0.695382998,Growth,0.642000644
FLK,LK,Lower Keys,Offshore,2018,1106,24.45258,-81.93717,9.601199693,809.6590909,4.813485635,14,0,1,62,,0.879697088,0,0.010774025,0.24055006,0,0,0.001130272,0.890471113,0.241680332,0.648790781,Growth,0.598985165
FLK,LK,Lower Keys,Offshore,2018,1236,24.57032,-81.31096,10.05839968,14.20454545,0.652053932,11,3,0,78,,0.601346072,0.007265479,0,0.213120709,0,0,0.0000891,0.60861155,0.213209762,0.395401789,Stasis,0.365048044
FLK,LK,Lower Keys,Offshore,2018,1172,24.47273,-81.81496,7.772399751,511.3636364,9.269745017,9,0,0,65,,0.54731005,0,0,0.180828561,0.001823355,0.009095756,0.001843713,0.54731005,0.193591385,0.353718664,Stasis,0.326564801
FLK,LK,Lower Keys,Offshore,2018,1319,24.47755,-81.718033,18.8975994,696.0227273,28.23943467,13,4,0,68,,0.616661649,0.0096,0,0.2064,0,0,0.133473551,0.626261649,0.339873551,0.286388098,Stasis,0.264402989
FLK,LK,Lower Keys,Offshore,2018,1367,24.52858,-81.48324,19.20239939,255.6818182,11.3698816,8,3,0,71,,0.419084397,0.0072,0,0.168,0,0,0.005565693,0.426284397,0.173565693,0.252718704,Stasis,0.233318288
FLK,LK,Lower Keys,Offshore,2018,1374,24.44649,-81.90057,21.9455993,1250,23.21234647,4,6,0,71,,0.199153508,0.0144,0,0.1776,0,0,0.009336102,0.213553508,0.186936102,0.026617405,Stasis,0.024574071
FLK,LK,Lower Keys,Offshore,2018,1884,24.59374,-81.20877,19.35479938,1349.431818,41.79348989,11,5,0,76,,0.474363997,0.012,0,0.2136,0,0,0.330186223,0.486363997,0.543786223,-0.057422227,Stasis,-0.053014104
FLK,LK,Lower Keys,Offshore,2018,1231,24.538233,-81.453367,6.2483998,582.3863636,19.82961868,2,0,1,86,,0.114849832,0,0.010852951,0.23261975,0,0,0.005236937,0.125702783,0.237856688,-0.112153905,Stasis,-0.103544204
FLK,LK,Lower Keys,Offshore,2018,1373,24.43341,-81.95053,21.48839931,1519.886364,20.73705645,0,1,0,80,,0,0.002405711,0,0.216513993,0,0,0.075101794,0.002405711,0.291615787,-0.289210076,Stasis,-0.267008333
FLK,LK,Lower Keys,Offshore,2018,1368,24.43622,-81.9379,20.72639934,1363.636364,31.23541576,1,0,1,91,,0.083989363,0,0.010754915,0.213709829,0,0,0.303709943,0.094744278,0.517419771,-0.422675493,Stasis,-0.390228032
FLK,LK,Lower Keys,Offshore,2018,1275,24.46214,-81.83986,5.94359981,1164.772727,230.2591548,3,0,1,73,,0.171973915,0,0.010852219,0.239872938,0,0,0.39924224,0.182826134,0.639115178,-0.456289044,Stasis,-0.421261177
FLK,LK,Lower Keys,Offshore,2018,1379,24.45191,-81.86812,20.11679936,1775.568182,102.1238538,6,7,0,78,,0.254531197,0.0168,0,0.168,0,0,0.568197106,0.271331197,0.736197106,-0.464865909,Stasis,-0.429179623
FLK,LK,Lower Keys,Offshore,2018,1274,24.46324,-81.83986,3.809999878,1136.363636,113.1478507,1,0,1,87,,0.058904802,0,0.010925011,0.22684663,0,0,0.477915207,0.069829813,0.704761837,-0.634932024,Erosion,-0.586190301
FLK,LK,Lower Keys,Offshore,2018,1257,24.45254,-81.87693,3.657599883,1818.181818,222.9765459,12,15,0,47,,0.869925815,0.041882196,0,0.27921464,0,0,1.482884902,0.911808011,1.762099542,-0.85029153,Erosion,-0.785017338
FLK,LK,Lower Keys,Offshore,2018,1256,24.4827,-81.712217,1.371599956,2897.727273,369.4310529,3,0,1,82,,0.202825447,0,0.010759491,0.240225565,0,0,2.686707288,0.213584938,2.926932853,-2.713347915,Erosion,-2.505052777
FLK,LK,Lower_Keys,MidChannel,2022,1063,24.5775,-81.4438,5.333999829,1242.937853,11.16995437,36,2,2,50,0,4.032960392,0.004922151,0.022045881,0.123053784,0,0.149430564,0.102437755,4.059928425,0.374922103,3.685006322,Growth,3.402120041
FLK,LK,Lower_Keys,MidChannel,2022,1055,24.55509,-81.56663,5.94359981,593.220339,1.184687355,25,4,0,59,0,1.934125814,0.009844303,0,0.145203465,0,0,0.023729915,1.943970117,0.16893338,1.775036737,Growth,1.63877278
FLK,LK,Lower_Keys,MidChannel,2022,1381,24.51084,-81.70014,6.705599785,564.9717514,12.34404788,22,1,1,55,0,1.408973181,0.002461076,0.011022941,0.135359162,0,0.074715282,0.054711197,1.422457197,0.264785641,1.157671556,Growth,1.068800772
FLK,LK,Lower_Keys,MidChannel,2022,1861,24.52014,-81.71842,7.315199766,1694.915254,12.79917004,15,4,0,54,0,0.87053387,0.009844303,0,0.132898086,0,0,0.007394303,0.880378173,0.140292389,0.740085784,Growth,0.683271739
FLK,LK,Lower_Keys,MidChannel,2022,1247,24.46419,-81.90593,9.143999708,564.9717514,1.834324272,17,1,0,68,0,0.967434138,0.002461076,0,0.167353146,0,0.074715282,0,0.969895214,0.242068428,0.727826786,Growth,0.671953825
FLK,LK,Lower_Keys,MidChannel,2022,1068,24.50633,-81.73694,7.924799747,677.9661017,1.442499585,14,1,1,57,0,0.752439337,0.002461076,0.011022941,0.140281313,0,0.074715282,0.002077424,0.765923353,0.217074019,0.548849334,Growth,0.506715906
FLK,LK,Lower_Keys,MidChannel,2022,1541,24.481,-81.93072,8.991599712,225.9887006,14.4895941,7,0,1,66,0,0.414793938,0,0.011022941,0.162430995,0,0,0.003703224,0.425816879,0.166134219,0.25968266,Stasis,0.239747643
FLK,LK,Lower_Keys,MidChannel,2022,1066,24.54132,-81.59522,5.63879982,649.7175141,26.35271905,10,0,0,56,0,0.773674528,0,0,0.137820238,0,0.037357641,0.45780767,0.773674528,0.632985549,0.140688979,Stasis,0.129888731
FLK,LK,Lower_Keys,MidChannel,2022,1050,24.59584,-81.39432,8.534399727,1242.937853,131.4866995,14,1,1,70,3,0.816876791,0.002461076,0.011022941,0.172275297,0.186118848,0,0.3456984,0.830360807,0.704092545,0.126268262,Stasis,0.116575047
FLK,LK,Lower_Keys,MidChannel,2022,1052,24.52915,-81.64928,5.486399825,451.9774011,104.2787285,3,0,1,40,0,0.359455418,0,0.011022941,0.098443027,0,0,0.19860541,0.370478358,0.297048437,0.073429921,Stasis,0.067792938
FLK,LK,Lower_Keys,Offshore,2022,1321,24.44043,-81.86946,21.9455993,508.4745763,73.17456483,2,13,1,74,0,0.126499756,0.031993984,0.011022941,0.1821196,0,0,0.037433239,0.169516681,0.219552839,-0.050036158,Stasis,-0.04619504
FLK,LK,Lower_Keys,Offshore,2022,1210,24.4977,-81.62554,16.00199949,706.2146893,6.904025052,4,1,0,84,0,0.180607749,0.002461076,0,0.206730357,0,0,0.050180166,0.183068825,0.256910523,-0.073841698,Stasis,-0.068173104
FLK,LK,Lower_Keys,Inshore,2024,8200,24.61463,-81.38071,4.724399849,2316.384181,41.02311019,8,21,0,71,0,1.036889612,0.051682589,0,0.174736373,0,0,0.144685221,1.088572202,0.319421594,0.769150608,Growth,0.710105348
FLK,LK,Lower_Keys,Inshore,2024,8005,24.61461,-81.39344,3.047999903,1920.903955,63.96784254,21,2,0,77,0,1.19216029,0.004922151,0,0.189502827,0,0,0.312563566,1.197082442,0.502066393,0.695016049,Growth,0.641661865
FLK,LK,Lower_Keys,Inshore,2024,1001,24.5845,-81.58299,3.352799893,197.740113,0.426124589,5,7,0,70,0,0.699465647,0.01722753,0,0.172275297,0,0,0,0.716693176,0.172275297,0.544417879,Growth,0.50262464
FLK,LK,Lower_Keys,Inshore,2024,8009,24.61422,-81.39231,4.267199864,2881.355932,64.12778999,5,20,0,71,0,0.404615393,0.049221514,0,0.174736373,0,0,0.127248757,0.453836906,0.30198513,0.151851776,Stasis,0.140194595
FLK,LK,Lower_Keys,Inshore,2024,8104,24.61401,-81.39243,4.419599859,1666.666667,20.2426269,6,24,0,70,0,0.341461181,0.059065816,0,0.172275297,0,0,0.095413518,0.400526997,0.267688815,0.132838182,Stasis,0.122640615
FLK,LK,Lower_Keys,Inshore,2024,1293,24.5521,-81.693,3.657599883,367.2316384,4.812346978,1,1,0,78,0,0.119894312,0.002461076,0,0.191963903,0,0,0.008952608,0.122355387,0.200916511,-0.078561123,Stasis,-0.072530234
FLK,LK,Lower_Keys,Inshore,2024,8211,24.61518,-81.38414,4.419599859,2994.350282,29.95166798,2,21,0,67,0,0.159730039,0.051682589,0,0.16489207,0,0,0.144643652,0.211412628,0.309535722,-0.098123094,Stasis,-0.090590494
FLK,LK,Lower_Keys,Inshore,2024,8002,24.61359,-81.39339,4.419599859,1158.19209,115.7143116,1,8,0,91,0,0.141497801,0.019688605,0,0.223957886,0,0,0.084018223,0.161186407,0.307976109,-0.146789703,Stasis,-0.135521122
FLK,LK,Lower_Keys,Inshore,2024,1292,24.55295,-81.69151,3.047999902,197.740113,0.171721123,1,0,0,90,0,0.036570606,0,0,0.221496811,0,0,0,0.036570606,0.221496811,-0.184926205,Stasis,-0.170730005
FLK,LK,Lower_Keys,Inshore,2024,8100,24.61459,-81.39289,2.590799917,3276.836158,148.6463508,8,12,0,79,0,0.552330474,0.029532908,0,0.194424978,0,0,0.58680609,0.581863382,0.781231068,-0.199367687,Stasis,-0.18406286
FLK,LK,Lower_Keys,Inshore,2024,8102,24.61458,-81.37965,4.419599859,3050.847458,57.30687226,2,21,0,67,0,0.159730039,0.051682589,0,0.16489207,0,0,0.265345777,0.211412628,0.430237847,-0.218825219,Stasis,-0.202026699
FLK,LK,Lower_Keys,Inshore,2024,8202,24.61784,-81.38011,2.133599932,3305.084746,97.12502504,2,22,0,74,0,0.159730039,0.054143665,0,0.1821196,0,0,0.623079613,0.213873704,0.805199213,-0.591325509,Erosion,-0.54593132
FLK,LK,Lower_Keys,Inshore,2024,8007,24.61588,-81.39077,1.981199937,2401.129944,122.4245316,1,30,0,68,0,0.119894312,0.07383227,0,0.167353146,0,0,0.651771962,0.193726582,0.819125108,-0.625398526,Erosion,-0.577388659
FLK,LK,Lower_Keys,MidChannel,2024,1025,24.46708,-81.95715,11.88719962,1242.937853,21.81496558,17,9,0,47,0,1.084594605,0.022149681,0,0.115670557,0,0.112072923,0.055818234,1.106744286,0.283561714,0.823182572,Growth,0.759989449
FLK,LK,Lower_Keys,MidChannel,2024,1023,24.57977,-81.44259,7.315199766,1101.694915,43.38451072,14,5,0,60,2,0.810012441,0.012305378,0,0.147664541,0.124079232,0,0.117079323,0.822317819,0.388823095,0.433494724,Stasis,0.400216705
FLK,LK,Lower_Keys,MidChannel,2024,1411,24.52246,-81.65765,5.63879982,2203.389831,87.03048274,11,1,0,54,0,0.623093965,0.002461076,0,0.132898086,0,0.112072923,0.211071211,0.625555041,0.45604222,0.169512821,Stasis,0.156499858
FLK,LK,Lower_Keys,MidChannel,2024,1018,24.5479,-81.52922,8.686799722,1016.949153,92.32321698,11,12,0,54,0,0.623954607,0.029532908,0,0.132898086,0,0,0.371579445,0.653487515,0.504477531,0.149009984,Stasis,0.137570959
FLK,LK,Lower_Keys,MidChannel,2024,1024,24.46666,-82.00258,11.27759964,1327.683616,30.33856085,4,3,0,78,0,0.240313021,0.007383227,0,0.191963903,0,0.037357641,0.042880466,0.247696248,0.27220201,-0.024505761,Stasis,-0.022624531
FLK,LK,Lower_Keys,MidChannel,2024,1026,24.53488,-81.60772,6.2483998,2824.858757,120.2081462,10,0,0,60,0,0.594542786,0,0,0.147664541,0,0.074715282,1.318436496,0.594542786,1.540816319,-0.946273533,Erosion,-0.873631106
FLK,LK,Lower_Keys,Offshore,2024,1205,24.51694,-81.53231,15.5447995,1468.926554,67.00059622,13,5,1,65,0,0.823295687,0.012305378,0.011022941,0.159969919,0,0,0.069968232,0.846624006,0.229938151,0.616685855,Growth,0.569344832
FLK,LK,Lower_Keys,Offshore,2024,1258,24.48239,-81.65946,24.38399922,847.4576271,21.76603515,18,5,0,39,0,0.733387028,0.012305378,0,0.095981951,0,0.037357641,0.035043964,0.745692407,0.168383556,0.57730885,Growth,0.532990675
FLK,LK,Lower_Keys,Offshore,2024,1157,24.45515,-81.95119,9.753599689,1581.920904,18.08468125,7,7,0,78,0,0.83857763,0.01722753,0,0.191963903,0,0.112072923,0.016162657,0.85580516,0.320199483,0.535605677,Growth,0.494488923
FLK,LK,Lower_Keys,Offshore,2024,8056,24.46006,-81.84296,4.571999854,1242.937853,64.76317314,10,0,1,63,0,0.607083027,0,0.011022941,0.155047768,0,0,0.049574726,0.618105968,0.204622494,0.413483474,Stasis,0.381741655
FLK,LK,Lower_Keys,Offshore,2024,1301,24.56665,-81.39101,6.400799796,1355.932203,46.68583594,15,5,0,47,2,0.870046998,0.012305378,0,0.115670557,0.124079232,0,0.271095784,0.882352376,0.510845573,0.371506804,Stasis,0.342987402
FLK,LK,Lower_Keys,Offshore,2024,1421,24.51829,-81.61917,8.077199742,1949.152542,92.03973828,15,0,0,56,0,0.873783424,0,0,0.137820238,0,0.037357641,0.435246145,0.873783424,0.610424024,0.2633594,Stasis,0.243142132
FLK,LK,Lower_Keys,Offshore,2024,1396,24.47744,-81.72008,17.98319943,536.7231638,27.44533353,8,0,0,74,0,0.421191375,0,0,0.1821196,0,0,0.029903346,0.421191375,0.212022946,0.209168429,Stasis,0.19311123
FLK,LK,Lower_Keys,Offshore,2024,1237,24.44529,-81.98013,17.37359944,875.7062147,17.65726576,7,8,2,71,0,0.368216339,0.019688605,0.022045881,0.174736373,0,0.037357641,0.033764805,0.409950825,0.245858819,0.164092006,Stasis,0.151495182
FLK,LK,Lower_Keys,Offshore,2024,1068,24.45458,-81.94784,9.601199693,903.9548023,11.14064792,6,6,0,74,0,0.351225909,0.014766454,0,0.1821196,0,0,0.037480282,0.365992363,0.219599882,0.146392481,Stasis,0.135154393
FLK,LK,Lower_Keys,Offshore,2024,1381,24.47847,-81.71773,10.36319967,875.7062147,32.20238186,4,0,0,89,0,0.297875078,0,0,0.219035735,0,0,0.038703644,0.297875078,0.257739379,0.040135699,Stasis,0.037054608
FLK,LK,Lower_Keys,Offshore,2024,1260,24.50106,-81.56212,26.51759915,988.700565,53.21315473,10,7,0,66,0,0.302564406,0.01722753,0,0.162430995,0,0,0.131324668,0.319791936,0.293755663,0.026036273,Stasis,0.024037551
FLK,LK,Lower_Keys,Offshore,2024,1235,24.43405,-81.98298,18.59279941,480.2259887,9.392628191,2,0,3,90,0,0.123577993,0,0.033068822,0.221496811,0,0,0.009501555,0.156646815,0.230998366,-0.074351551,Stasis,-0.068643818
FLK,LK,Lower_Keys,Offshore,2024,1189,24.56457,-81.32234,15.84959949,1271.186441,29.45247265,2,1,1,83,0,0.126499756,0.002461076,0.011022941,0.204269281,0,0,0.040119567,0.139983773,0.244388848,-0.104405075,Stasis,-0.096390228
FLK,LK,Lower_Keys,Offshore,2024,1382,24.45083,-81.87974,19.35479938,790.960452,55.14068228,11,1,0,76,0,0.609122206,0.002461076,0,0.187041751,0,0,0.535080081,0.611583282,0.722121832,-0.110538551,Stasis,-0.102052856
FLK,LK,Lower_Keys,Offshore,2024,1254,24.5113,-81.54078,29.10839907,423.7288136,20.84060814,7,9,0,74,2,0.200080803,0.022149681,0,0.1821196,0.124079232,0,0.03831864,0.222230484,0.344517472,-0.122286988,Stasis,-0.112899403
FLK,LK,Lower_Keys,Offshore,2024,8284,24.46326,-81.84143,2.133599932,367.2316384,4.18153923,2,1,0,97,0,0.139143476,0.002461076,0,0.23872434,0,0,0.025807339,0.141604552,0.264531679,-0.122927128,Stasis,-0.113490401
FLK,LK,Lower_Keys,Offshore,2024,1204,24.49036,-81.6618,11.12519965,1045.19774,33.61178553,2,4,0,89,0,0.110934273,0.009844303,0,0.219035735,0,0,0.051888322,0.120778576,0.270924057,-0.150145481,Stasis,-0.138619287
FLK,LK,Lower_Keys,Offshore,2024,1507,24.50521,-81.61752,9.448799699,28.24858757,29.35916999,3,0,0,92,0,0.164940528,0,0,0.226418962,0,0,0.10109844,0.164940528,0.327517402,-0.162576874,Stasis,-0.150096362
FLK,LK,Lower_Keys,Offshore,2024,1095,24.54685,-81.45883,7.772399751,169.4915254,0.189598293,1,0,0,99,0,0.054006255,0,0,0.243646492,0,0,0,0.054006255,0.243646492,-0.189640237,Stasis,-0.175082156
FLK,LK,Lower_Keys,Offshore,2024,1312,24.49302,-81.66352,1.523999951,451.9774011,1.070065834,0,11,0,89,0,0,0.027071832,0,0.219035735,0,0,0,0.027071832,0.219035735,-0.191963903,Stasis,-0.177227441
FLK,LK,Lower_Keys,Offshore,2024,1161,24.52065,-81.52703,10.82039966,1327.683616,65.31747568,3,6,0,76,0,0.170741283,0.014766454,0,0.187041751,0,0,0.199387366,0.185507737,0.386429117,-0.20092138,Stasis,-0.185497281
FLK,LK,Lower_Keys,Offshore,2024,8356,24.4592,-81.84196,9.143999708,56.49717514,33.06108117,0,5,0,94,0,0,0.012305378,0,0.231341113,0,0,0.003477968,0.012305378,0.234819081,-0.222513703,Stasis,-0.20543203
FLK,LK,Lower_Keys,Offshore,2024,1259,24.46163,-81.75029,25.90799917,734.4632768,86.38206179,8,3,0,74,0,0.402522561,0.007383227,0,0.1821196,0,0,0.453719462,0.409905788,0.635839062,-0.225933274,Stasis,-0.208589091
FLK,LK,Lower_Keys,Offshore,2024,1096,24.47262,-81.77247,8.534399727,28.24858757,0.087957618,0,3,0,95,0,0,0.007383227,0,0.233802189,0,0,0,0.007383227,0.233802189,-0.226418962,Stasis,-0.209037494
FLK,LK,Lower_Keys,Offshore,2024,1187,24.55597,-81.35743,13.25879958,141.2429379,9.652338004,0,0,1,97,0,0,0,0.011022941,0.23872434,0,0,0.003244052,0.011022941,0.241968392,-0.230945452,Stasis,-0.2132165
FLK,LK,Lower_Keys,Offshore,2024,8091,24.45868,-81.84397,8.534399727,1214.689266,79.41334688,0,7,0,87,0,0,0.01722753,0,0.214113584,0,0,0.082639472,0.01722753,0.296753056,-0.279525526,Stasis,-0.258067235
FLK,LK,Lower_Keys,Offshore,2024,1255,24.54245,-81.40666,21.64079931,734.4632768,140.9254998,0,0,0,93,0,0,0,0,0.228880038,0,0,0.090603293,0,0.319483331,-0.319483331,Stasis,-0.294957606
FLK,LK,Lower_Keys,Offshore,2024,1314,24.48253,-81.70039,7.162799771,395.480226,18.63963913,1,5,1,81,0,0.056928018,0.012305378,0.011022941,0.19934713,0,0,0.305077273,0.080256337,0.504424403,-0.424168065,Stasis,-0.391606024
FLK,LK,Lower_Keys,Offshore,2024,8096,24.54683,-81.40079,7.467599761,1016.949153,34.35130019,2,0,0,86,0,0.120496048,0,0,0.211652508,0,0,0.418203721,0.120496048,0.629856229,-0.509360181,Erosion,-0.470258211
FLK,LK,Lower_Keys,Offshore,2024,1236,24.44004,-81.8769,17.06879945,1694.915254,68.77825706,2,6,2,58,0,0.080290346,0.014766454,0.022045881,0.142742389,0,0,0.508705767,0.117102681,0.651448156,-0.534345475,Erosion,-0.493325463
FLK,LK,Lower_Keys,Offshore,2024,8358,24.54641,-81.39965,8.381999732,1525.423729,703.6862803,0,0,1,93,0,0,0,0.011022941,0.228880038,0,0,0.347710641,0.011022941,0.576590679,-0.565567738,Erosion,-0.522150891
FLK,LK,Lower_Keys,Offshore,2024,1470,24.52602,-81.53895,9.448799698,706.2146893,38.66136827,3,8,0,73,3,0.170741283,0.019688605,0,0.179658524,0.186118848,0,0.395196415,0.190429889,0.760973787,-0.570543899,Erosion,-0.526745048
FLK,LK,Lower_Keys,Offshore,2024,8090,24.4596,-81.84245,7.315199766,282.4858757,50.79826583,0,2,0,95,0,0,0.004922151,0,0.233802189,0,0,0.36670149,0.004922151,0.600503679,-0.595581528,Erosion,-0.549860618
FLK,LK,Lower_Keys,Offshore,2024,8173,24.54539,-81.40465,7.924799747,649.7175141,148.723418,1,0,1,90,0,0.06356803,0,0.011022941,0.221496811,0,0,0.484968382,0.07459097,0.706465193,-0.631874223,Erosion,-0.583367237
FLK,LK,Lower_Keys,Offshore,2024,8092,24.45869,-81.84345,8.991599713,1186.440678,107.7034456,0,6,0,94,0,0,0.014766454,0,0.231341113,0,0,0.438862609,0.014766454,0.670203722,-0.655437268,Erosion,-0.605121422
FLK,LK,Lower_Keys,Offshore,2024,8283,24.46341,-81.84234,1.676399946,112.9943503,35.29381255,1,0,0,99,0,0.069571738,0,0,0.243646492,0,0,0.513397576,0.069571738,0.757044068,-0.68747233,Erosion,-0.634697253
FLK,LK,Lower_Keys,Offshore,2024,1353,24.45346,-81.87549,3.657599883,819.2090395,180.6167714,2,34,0,56,0,0.139143476,0.083676573,0,0.137820238,0,0,0.828676498,0.222820049,0.966496736,-0.743676687,Erosion,-0.68658698
FLK,LK,Lower_Keys,Offshore,2024,8195,24.54626,-81.40404,6.55319979,1807.909605,493.3584935,4,0,0,86,0,0.253611222,0,0,0.211652508,0,0,0.853266599,0.253611222,1.064919107,-0.811307885,Erosion,-0.749026344
FLK,LK,Lower_Keys,Offshore,2024,8097,24.5459,-81.40217,7.924799746,2485.875706,836.9337146,1,0,3,90,0,0.059853678,0,0.033068822,0.221496811,0,0,0.783911009,0.092922499,1.00540782,-0.912485321,Erosion,-0.842436709
FLK,LK,Lower_Keys,Offshore,2024,8191,24.46193,-81.84039,6.095999805,1186.440678,463.7204624,0,0,0,97,0,0,0,0,0.23872434,0,0,0.845988936,0,1.084713276,-1.084713276,Erosion,-1.001443268
FLK,LK,Lower_Keys,Offshore,2024,1098,24.54994,-81.43289,9.601199693,1073.446328,89.82495573,4,0,1,76,1,0.224747538,0,0.011022941,0.187041751,0.062039616,0,1.142684272,0.235770479,1.391765639,-1.155995161,Erosion,-1.067253068
FLK,LK,Lower_Keys,Offshore,2024,8054,24.46014,-81.84536,1.676399946,1977.40113,79.49509952,0,5,0,90,0,0,0.012305378,0,0.221496811,0,0,1.103753458,0.012305378,1.325250269,-1.31294489,Erosion,-1.212154263
FLK,LK,Lower_Keys,Offshore,2024,8055,24.45966,-81.84396,5.63879982,2514.124294,381.1538749,6,0,0,85,0,0.501821351,0,0,0.209191432,0,0,1.620024404,0.501821351,1.829215836,-1.327394485,Erosion,-1.225494608
FLK,LK,Lower_Keys,Offshore,2024,8094,24.54362,-81.40951,11.12519965,1327.683616,301.4784285,0,2,2,90,0,0,0.004922151,0.022045881,0.221496811,0,0,1.308609642,0.026968032,1.530106453,-1.50313842,Erosion,-1.387747237
FLK,LK,Lower_Keys,Offshore,2024,8098,24.5464,-81.4017,7.924799747,1158.19209,224.2173451,0,0,0,96,0,0,0,0,0.236263265,0,0,1.285595824,0,1.521859089,-1.521859089,Erosion,-1.40503078
FLK,LK,Lower_Keys,Offshore,2024,8059,24.54549,-81.40946,4.267199864,1666.666667,250.651313,0,4,0,75,1,0,0.009844303,0,0.184580676,0.062039616,0,1.396250298,0.009844303,1.64287059,-1.633026287,Erosion,-1.507664023
FLK,LK,Lower_Keys,Offshore,2024,8192,24.46016,-81.84087,9.601199694,1581.920904,256.8549695,1,1,0,94,0,0.056928018,0.002461076,0,0.231341113,0,0,1.537692773,0.059389094,1.769033886,-1.709644793,Erosion,-1.578400769
FLK,LK,Lower_Keys,Offshore,2024,1108,24.53835,-81.45335,5.33399983,2372.881356,175.8503327,0,1,0,81,0,0,0.002461076,0,0.19934713,0,0,1.529190934,0.002461076,1.728538064,-1.726076988,Erosion,-1.593571516
FLK,LK,Lower_Keys,Offshore,2024,8057,24.54676,-81.40457,2.285999927,1440.677966,1081.618592,0,12,0,85,0,0,0.029532908,0,0.209191432,0,0,1.588178108,0.029532908,1.79736954,-1.767836632,Erosion,-1.632125405
FLK,LK,Lower_Keys,Offshore,2024,8153,24.45962,-81.84538,3.962399873,932.2033898,304.5140123,1,3,0,93,0,0.056928018,0.007383227,0,0.228880038,0,0,1.854667179,0.064311245,2.083547217,-2.019235971,Erosion,-1.864225611
FLK,LK,Lower_Keys,Offshore,2024,8058,24.54678,-81.40313,4.419599859,1440.677966,1023.107144,6,6,0,61,1,0.087132318,0.014766454,0,0.150125616,0.062039616,0,2.22364756,0.101898772,2.435812792,-2.33391402,Erosion,-2.154746822
FLK,LK,Lower_Keys,Offshore,2024,8157,24.54681,-81.40363,4.114799868,1101.694915,300.059873,1,5,0,70,0,0.069571738,0.012305378,0,0.172275297,0,0,2.264721306,0.081877116,2.436996603,-2.355119487,Erosion,-2.174324412
FLK,LK,Lower_Keys,Offshore,2024,1343,24.54432,-81.4103,8.839199717,762.7118644,236.1051247,3,1,1,77,0,0.170741283,0.002461076,0.011022941,0.189502827,0,0,2.701638573,0.184225299,2.8911414,-2.706916101,Erosion,-2.499114713
FLK,LK,Lower_Keys,Offshore,2024,8072,24.54502,-81.4061,8.229599737,2288.135593,2168.044318,2,0,0,90,0,0.120496048,0,0,0.221496811,0,0,2.840042869,0.120496048,3.06153968,-2.941043632,Erosion,-2.715269014
FLK,LK,Lower_Keys,Offshore,2024,8155,24.46233,-81.84191,1.676399947,3672.316384,1445.475443,2,4,0,92,0,0.139143476,0.009844303,0,0.226418962,0,0,3.808424078,0.148987779,4.03484304,-3.885855261,Erosion,-3.587550442
FLK,MK,Middle Keys,MidChannel,2014,1236,24.71021667,-80.92931667,7.756357646,2589.829545,67.12893012,39,2,0,48.5,,2.476042804,0.0048,0,0.2256,0.0015125,0,0.124553908,2.480842804,0.351666408,2.129176396,Growth,1.965726258
FLK,MK,Middle Keys,MidChannel,2014,1226,24.66811667,-81.0681,5.710989291,727.2727273,23.83319688,30,10,1,35.5,,1.827412153,0.024,0.010749388,0.2352,0,0,0.244071617,1.862161541,0.479271617,1.382889925,Growth,1.276729839
FLK,MK,Middle Keys,MidChannel,2014,1227,24.67058333,-81.0616,7.772399751,1571.022727,88.26782051,37,2,0,50.5,,2.038537058,0.0048,0,0.2232,0.000605,0,1.005378579,2.043337058,1.229183579,0.81415348,Growth,0.751653492
FLK,MK,Middle Keys,MidChannel,2014,1235,24.70518333,-80.93776667,6.621779788,1860.795455,90.260828,17,3,1,63,,0.957911709,0.007212684,0.010768324,0.193540345,0,0.001515959,0.246006678,0.975892717,0.441062983,0.534829734,Growth,0.493772547
FLK,MK,Middle Keys,MidChannel,2014,1225,24.66585,-81.10263333,5.867399812,1343.75,124.4979035,12,2.5,1,86,,0.790336746,0.006,0.010749388,0.1536,0.000605,0,0.85191009,0.807086134,1.00611509,-0.199028956,Stasis,-0.183750132
FLK,MK,Middle Keys,Offshore,2014,1269,24.80881667,-80.67545,13.47046624,1427.556818,44.16838477,15,16.5,3,60.5,,1.406531196,0.039613235,0.032258942,0.210070187,0,0,0.063431093,1.478403373,0.27350128,1.204902093,Growth,1.11240557
FLK,MK,Middle Keys,Offshore,2014,1313,24.7631,-80.75611667,9.631679692,1519.886364,295.9671566,14.5,3,1,70,,1.066457292,0.007257868,0.010835784,0.223784271,0,0,0.228332424,1.084550944,0.452116695,0.632434249,Growth,0.583884272
FLK,MK,Middle Keys,Offshore,2014,1316,24.68585,-80.96285,4.704347218,1164.772727,100.2968579,17,8.5,0,48,,1.204181011,0.021474163,0,0.248847657,0,0,0.470082827,1.225655174,0.718930483,0.506724691,Growth,0.467825039
FLK,MK,Middle Keys,Offshore,2014,1314,24.76455,-80.75383333,10.60076437,1704.545455,39.7168289,15,4.5,1,69.5,,0.795408007,0.010863354,0.010812445,0.217267081,0,0,0.147688039,0.817083806,0.364955119,0.452128687,Stasis,0.417420198
FLK,MK,Middle Keys,Offshore,2014,1265,24.71238333,-80.8483,14.87504163,1519.886364,86.46152976,11.5,8,1,62,,0.740225168,0.0192,0.010749388,0.204,0,0,0.283327608,0.770174556,0.487327608,0.282846948,Stasis,0.261133682
FLK,MK,Middle Keys,Offshore,2014,1320,24.62483333,-81.10715,12.6491996,930.3977273,151.7781668,9,15,0,66,,0.601326419,0.036,0,0.2016,0,0,0.262613637,0.637326419,0.464213637,0.173112782,Stasis,0.159823461
FLK,MK,Middle Keys,Offshore,2014,1310,24.76588333,-80.75401667,5.876924812,1221.590909,28.48577489,8.5,3,0,78,,0.448960659,0.007264566,0,0.231255346,0,0.004547878,0.052201704,0.456225225,0.288004928,0.168220297,Stasis,0.155306557
FLK,MK,Middle Keys,Offshore,2014,1649,24.67565,-80.9554,6.934199778,958.8068182,22.4025526,5,0,2,78.5,,0.275401338,0,0.021573343,0.209524212,0,0,0.01153228,0.296974681,0.221056492,0.075918189,Stasis,0.07009019
FLK,MK,Middle Keys,Offshore,2014,1263,24.63258333,-81.08893333,4.582159854,198.8636364,21.73633641,6,20,0,54.5,,0.364929162,0.05095,0,0.250928751,0,0.001515959,0.163057128,0.415879162,0.415501838,0.000377324,Stasis,0.000348358
FLK,MK,Middle Keys,Offshore,2014,1662,24.7003,-80.88728333,10.56639966,337.3579545,23.83359066,3,3,0,85.5,,0.178168889,0.0072,0,0.186,0,0.001515959,0.004769439,0.185368889,0.192285398,-0.006916509,Stasis,-0.00638555
FLK,MK,Middle Keys,Offshore,2014,1650,24.73198333,-80.81713333,7.82954975,965.9090909,11.453209,1,3,2.5,76.5,,0.067918163,0.007239778,0.027021937,0.123076218,0,0.003031919,0.002427853,0.102179877,0.12853599,-0.026356113,Stasis,-0.024332838
FLK,MK,Middle Keys,Offshore,2014,1267,24.7811,-80.7117,11.27759964,113.6363636,0.632521813,0,0,0,92.5,,0,0,0,0.057851059,0,0.003031919,0,0,0.060882977,-0.060882977,Stasis,-0.056209183
FLK,MK,Middle Keys,Offshore,2014,1255,24.812,-80.67341667,11.88719962,170.4545455,1.592250054,1.5,2,0,91.5,,0.086142358,0.004816016,0,0.161336529,0,0.001515959,0.000281218,0.090958374,0.163133707,-0.072175333,Stasis,-0.066634661
FLK,MK,Middle Keys,Offshore,2014,1315,24.68428333,-80.96643333,3.886199876,625,12.53889971,2,3,1,79,,0.131524864,0.00732037,0.010929096,0.231811706,0,0,0.002004644,0.14977433,0.23381635,-0.08404202,Stasis,-0.07759038
FLK,MK,Middle Keys,Offshore,2014,1257,24.82128333,-80.66045,9.837419685,646.3068182,3.526919236,1,1,2,93.5,,0.048196132,0.002420695,0.021684155,0.228755649,0,0,0,0.072300982,0.228755649,-0.156454667,Stasis,-0.144444137
FLK,MK,Middle Keys,Offshore,2014,1309,24.76523333,-80.7562,5.708072545,99.43181818,1.110661547,1,1,1,87.5,,0.024281952,0.002413617,0.010810376,0.195502948,0,0.001515959,0.0000891,0.037505944,0.19710796,-0.159602016,Stasis,-0.147349874
FLK,MK,Middle Keys,Offshore,2014,1319,24.62991667,-81.11288333,3.505199888,120.7386364,0.654608604,0,1,0,102,,0,0.002406829,0,0.203377049,0,0,0,0.002406829,0.203377049,-0.20097022,Stasis,-0.185542372
FLK,MK,Middle Keys,Offshore,2014,1256,24.81883333,-80.67473333,8.922326987,85.22727273,0.458607615,0,2,0,91,,0,0.004822352,0,0.217005835,0,0.003031919,0,0.004822352,0.220037754,-0.215215402,Stasis,-0.198693996
FLK,MK,Middle Keys,Offshore,2014,1317,24.68185,-80.97046667,5.471159825,696.0227273,191.3952711,2,1,1,90,,0.123274801,0.002413992,0.010812058,0.179842426,0,0,0.220306822,0.136500851,0.400149248,-0.263648396,Stasis,-0.243408942
FLK,MK,Middle Keys,Offshore,2014,1246,24.67776667,-80.9518,6.857999781,1157.670455,87.94443241,3,0,3,81,,0.160905392,0,0.03239611,0.179620288,0,0,0.27913052,0.193301502,0.458750808,-0.265449306,Stasis,-0.245071602
FLK,MK,Middle Keys,Offshore,2014,1253,24.66108333,-80.99948333,6.33152707,461.6761364,104.5910251,2,1,1,95,,0.121468015,0.00241693,0.010825214,0.20060515,0,0,0.250990434,0.134710158,0.451595584,-0.316885425,Stasis,-0.292559133
FLK,MK,Middle Keys,Offshore,2014,1323,24.62301667,-81.11048333,14.09113801,383.5227273,70.10780556,6.525252525,6.02020202,0,69.83333334,,0.286278218,0.014448485,0,0.173721212,0,0,0.628231454,0.300726703,0.801952666,-0.501225963,Erosion,-0.462748431
FLK,MK,Middle Keys,Offshore,2014,1254,24.73276667,-80.80435,13.96092812,1427.556818,89.75528936,6,14.5,2,59,,0.290787026,0.0348,0.021498776,0.2208,0,0,0.706295139,0.347085802,0.927095139,-0.580009337,Erosion,-0.535483854
FLK,MK,Middle Keys,Offshore,2014,1245,24.63311667,-81.08706667,4.648199851,930.3977273,110.1377168,3,0,2.5,82,,0.15191207,0,0.027280074,0.233886024,0,0,0.684192242,0.179192144,0.918078266,-0.738886121,Erosion,-0.68216417
FLK,MK,Middle Keys,Offshore,2014,1691,24.62565,-81.11208333,5.750559816,1015.625,483.4359705,10,11,0,51,,0.65437152,0.030777262,0,0.275596395,0,0,1.64211583,0.685148783,1.917712225,-1.232563442,Erosion,-1.137943445
FLK,MK,Middle Keys,MidChannel,2016,1250,24.65144,-81.1423,9.296399703,1178.977273,6.009803972,4,0,0,90,,0.297733747,0,0,0.1368,0,0,0,0.297733747,0.1368,0.160933747,Stasis,0.148579372
FLK,MK,Middle Keys,Offshore,2016,1340,24.64668,-81.0322,17.22119945,610.7954545,49.3322396,16,0,0,76,,0.967102716,0,0,0.2112,0.000605,0,0.15746531,0.967102716,0.36927031,0.597832406,Growth,0.551938703
FLK,MK,Middle Keys,Offshore,2016,1335,24.62336,-81.10911,14.17319955,3006.5625,52.17929786,14,4,1,72,,0.706064189,0.0096,0.010749388,0.2328,0,0,0.163888788,0.726413577,0.396688788,0.329724789,Stasis,0.30441286
FLK,MK,Middle Keys,Offshore,2016,1303,24.76335,-80.7553,10.82039965,2002.840909,26.23899516,8,3,1,78,,0.365681353,0.007231544,0.010796482,0.233819924,0,0,0.038374149,0.383709379,0.272194073,0.111515306,Stasis,0.102954629
FLK,MK,Middle Keys,Offshore,2016,1334,24.76773,-80.75027,6.705599785,326.7045455,2.447020841,5,0,2,79,,0.259890831,0,0.021613107,0.241276325,0.000608217,0,0.000281218,0.281503938,0.242165761,0.039338177,Stasis,0.03631831
FLK,MK,Middle Keys,Offshore,2016,1317,24.63832,-81.06395,11.73479962,1298.352273,29.79950016,5,1,0,89,,0.241841509,0.0024,0,0.1872,0.000605,0,0.031289786,0.244241509,0.219094786,0.025146724,Stasis,0.02321629
FLK,MK,Middle Keys,Offshore,2016,1259,24.65291,-81.02397,4.724399849,980.1136364,27.80885394,3,0,2,92,,0.173945416,0,0.021631643,0.231823921,0,0,0.027348696,0.195577059,0.259172617,-0.063595558,Stasis,-0.058713528
FLK,MK,Middle Keys,Offshore,2016,1310,24.76754,-80.75204,3.505199888,511.3636364,6.123625279,0,0,0,97,,0,0,0,0.190992938,0,0.003031919,0.001845763,0,0.19587062,-0.19587062,Stasis,-0.180834252
FLK,MK,Middle Keys,Offshore,2016,1285,24.62667,-81.10922,4.571999854,1342.357955,138.6214043,4,0,1,62,,0.287068186,0,0.013015073,0.267338768,0,0,0.949070143,0.300083259,1.216408911,-0.916325651,Erosion,-0.845982229
FLK,MK,Middle Keys,Inshore,2018,1053,24.68983,-81.03317,6.2483998,1704.545455,134.6950366,22,0,0,78,,1.219176798,0,0,0.2064,0,0,0.358555124,1.219176798,0.564955124,0.654221674,Growth,0.603999145
FLK,MK,Middle Keys,MidChannel,2018,1050,24.72065,-80.92662,5.333999829,1193.181818,82.0595647,21,1,1,40,,1.264806848,0.002445195,0.010951812,0.244519485,0,0,0.147317686,1.278203855,0.391837171,0.886366684,Growth,0.818323117
FLK,MK,Middle Keys,MidChannel,2018,1552,24.67428,-81.06032,6.705599785,696.0227273,32.86954327,18,1,0,56,,1.030784798,0.0024,0,0.2304,0,0,0.00670867,1.033184798,0.23710867,0.796076128,Growth,0.734963881
FLK,MK,Middle Keys,Offshore,2018,1383,24.72227,-80.81535,24.53639921,951.7045455,33.67670181,40,11,0,32,,1.172335189,0.0264,0,0.2208,0,0,0.048614197,1.198735189,0.269414197,0.929320992,Growth,0.857979958
FLK,MK,Middle Keys,Offshore,2018,1154,24.68293,-80.97189,3.962399873,497.1590909,45.25604858,1,2,0,87,,0.058259159,0.004824951,0,0.214710309,0,0,0.007715439,0.063084109,0.222425748,-0.159341639,Stasis,-0.147109485
FLK,MK,Middle Keys,Offshore,2018,1345,24.62293,-81.11282,12.4967996,1690.340909,449.4214361,3,0,2,83,,0.169549889,0,0.021498776,0.2184,0,0,0.802162021,0.191048665,1.020562021,-0.829513356,Erosion,-0.765834239
FLK,MK,Middle Keys,Offshore,2018,1286,24.62732,-81.10985,3.047999902,1136.363636,227.4450821,1,1,0,98,,0.007214677,0.002432679,0,0.211643076,0,0,0.886859655,0.009647356,1.098502731,-1.088855375,Erosion,-1.005267391
FLK,MK,Middle_Keys,MidChannel,2022,1075,24.72609,-80.93315,6.857999781,790.960452,19.06372102,16,2,2,73,0,0.568693338,0.004909959,0.021991274,0.179213515,0,0,0.008077752,0.595594571,0.187291267,0.408303304,Stasis,0.376959151
FLK,MK,Middle_Keys,MidChannel,2022,1072,24.73738,-80.89785,8.686799722,903.9548023,81.99317584,0,0,1,95,0,0,0,0.010995637,0.233223067,0,0,0.464842635,0.010995637,0.698065702,-0.687070065,Erosion,-0.634325869
FLK,MK,Middle_Keys,Offshore,2022,1283,24.65934,-80.99064,17.22119945,1384.180791,63.24250082,14,1,4,73,1,0.804949492,0.00245498,0.043982548,0.179213515,0.061885945,0,0.430271905,0.85138702,0.671371365,0.180015655,Stasis,0.166196422
FLK,MK,Middle_Keys,Offshore,2022,1173,24.5823,-81.26749,8.686799722,1129.943503,63.22694228,3,0,2,83,0,0.060252736,0,0.021991274,0.203763311,0,0,0.164696197,0.08224401,0.368459508,-0.286215498,Stasis,-0.264243639
FLK,MK,Middle_Keys,Offshore,2022,1215,24.58986,-81.23386,11.73479963,593.220339,35.36958296,1,0,1,86,0,0.056787062,0,0.010995637,0.21112825,0,0,0.563130422,0.067782699,0.774258672,-0.706475973,Erosion,-0.652242047
FLK,MK,Middle_Keys,Inshore,2024,1033,24.70397,-80.99337,7.467599761,395.480226,10.37154132,12,0,0,80,2,0.675423113,0,0,0.196398372,0.123771891,0,0.001997439,0.675423113,0.322167702,0.353255411,Stasis,0.32613711
FLK,MK,Middle_Keys,Inshore,2024,1005,24.75144,-80.92049,5.181599834,0,0,3,4,0,57,0,0.144224987,0.009819919,0,0.13993384,0,0,0,0.154044905,0.13993384,0.014111065,Stasis,0.013027803
FLK,MK,Middle_Keys,MidChannel,2024,1073,24.69768,-80.95923,5.791199815,2740.112994,89.20925979,6,6,0,48,0,0.347260401,0.014729878,0,0.117839023,0,0,0.20383583,0.361990279,0.321674853,0.040315425,Stasis,0.037220537
FLK,MK,Middle_Keys,Offshore,2024,1215,24.60286,-81.18415,13.41119957,593.220339,39.50463616,7,5,0,71,0,0.410646441,0.012274898,0,0.174303555,0,0,0.009189966,0.422921339,0.183493521,0.239427818,Stasis,0.221047702
FLK,MK,Middle_Keys,Offshore,2024,1240,24.61783,-81.1278,17.37359944,875.7062147,43.43308004,7,13,4,56,0,0.347653357,0.031914735,0.043982548,0.137478861,0,0.037357641,0.009527071,0.423550641,0.184363573,0.239187068,Stasis,0.220825433
FLK,MK,Middle_Keys,Offshore,2024,1209,24.65609,-81.0033,14.02079955,0,0,4,6,1,80,0,0.239717825,0.014729878,0.010995637,0.196398372,0,0,0,0.26544334,0.196398372,0.069044968,Stasis,0.063744604
FLK,MK,Middle_Keys,Offshore,2024,1566,24.63583,-81.07148,11.73479963,706.2146893,88.61767448,4,0,2,80,0,0.227084091,0,0.021991274,0.196398372,0,0,0.006469867,0.249075365,0.202868239,0.046207125,Stasis,0.04265995
FLK,MK,Middle_Keys,Offshore,2024,1190,24.76635,-80.73061,18.13559942,480.2259887,29.71547874,5,0,1,89,1,0.322382558,0,0.010995637,0.218493189,0.061885945,0,0.084417023,0.333378195,0.364796158,-0.031417963,Stasis,-0.029006105
FLK,MK,Middle_Keys,Offshore,2024,1323,24.76801,-80.75091,5.181599834,225.9887006,16.32215428,2,4,1,81,0,0.126186473,0.009819919,0.010995637,0.198853352,0,0,0.001534082,0.147002028,0.200387434,-0.053385406,Stasis,-0.049287177
FLK,MK,Middle_Keys,Offshore,2024,8074,24.62589,-81.10961,6.857999781,141.2429379,33.97711144,2,1,0,92,0,0.113552738,0.00245498,0,0.225858128,0,0,0.013266292,0.116007718,0.23912442,-0.123116702,Stasis,-0.113665422
FLK,MK,Middle_Keys,Offshore,2024,1267,24.58645,-81.23243,21.33599932,932.2033898,43.27295849,4.545454545,13.63636363,1.515151515,54.54545455,1.515151515,0.263719009,0.033476995,0.016660056,0.133907981,0.093766584,0,0.215614993,0.31385606,0.443289558,-0.129433498,Stasis,-0.119497298
FLK,MK,Middle_Keys,Offshore,2024,1325,24.68322,-80.97264,5.181599834,3587.570621,228.2994105,1,13,0,77,0,0.056787062,0.031914735,0,0.189033433,0,0,0.085931011,0.088701798,0.274964444,-0.186262647,Stasis,-0.171963853
FLK,MK,Middle_Keys,Offshore,2024,1193,24.67686,-80.94236,16.61159947,2542.372881,15.21362355,1,3,0,83,0,0.056787062,0.007364939,0,0.203763311,0,0,0.051474384,0.064152001,0.255237695,-0.191085694,Stasis,-0.17641665
FLK,MK,Middle_Keys,Offshore,2024,1120,24.67654,-80.94989,10.36319967,1638.418079,109.961594,0,6,0,81,0,0,0.014729878,0,0.198853352,0,0,0.010874911,0.014729878,0.209728263,-0.194998385,Stasis,-0.180028976
FLK,MK,Middle_Keys,Offshore,2024,8075,24.62488,-81.11191,7.315199766,84.74576271,17.23616329,0,1,0,98,0,0,0.00245498,0,0.240588006,0,0,0.005053481,0.00245498,0.245641487,-0.243186507,Stasis,-0.224517848
FLK,MK,Middle_Keys,Offshore,2024,1565,24.66663,-80.98309,7.772399752,1073.446328,87.4361562,1,9,0,78,0,0.056787062,0.022094817,0,0.191488413,0,0,0.210633066,0.078881879,0.402121479,-0.3232396,Stasis,-0.298425518
FLK,MK,Middle_Keys,Offshore,2024,1354,24.6819,-80.97296,6.095999805,988.700565,36.09875036,4,1,1,73,0,0.224190897,0.00245498,0.010995637,0.179213515,0,0,0.387066313,0.237641514,0.566279828,-0.328638314,Stasis,-0.30340979
FLK,MK,Middle_Keys,Offshore,2024,8099,24.62624,-81.108,7.619999756,1892.655367,134.7486374,1,2,0,94,0,0.059705483,0.004909959,0,0.230768087,0,0,0.238494639,0.064615443,0.469262726,-0.404647284,Stasis,-0.373583792
FLK,MK,Middle_Keys,Offshore,2024,1239,24.73187,-80.79988,14.02079955,1977.40113,43.59177019,3,2,0,88,0,0.207901816,0.004909959,0,0.21603821,0,0,0.439465913,0.212811775,0.655504123,-0.442692347,Stasis,-0.408708256
FLK,MK,Middle_Keys,Offshore,2024,1264,24.7277,-80.80288,26.66999915,1186.440678,43.43970148,10,13,0,65,0,0.27349114,0.031914735,0,0.159573677,0,0,0.603309368,0.305405875,0.762883045,-0.45747717,Stasis,-0.422358094
FLK,MK,Middle_Keys,Offshore,2024,1074,24.57825,-81.28482,9.448799698,1299.435028,40.42497929,1,0,3,77,0,0.056787062,0,0.032986911,0.189033433,0,0,0.368233487,0.089773973,0.55726692,-0.467492947,Stasis,-0.431604992
FLK,MK,Middle_Keys,Offshore,2024,1322,24.76487,-80.75495,8.077199742,1553.672316,195.0732442,1,3,1,89,0,0.056787062,0.007364939,0.010995637,0.218493189,0,0,0.343961104,0.075147638,0.562454293,-0.487306655,Stasis,-0.449897664
FLK,MK,Middle_Upper_Transition,Offshore,2024,1196,24.79804,-80.68668,17.06879945,1836.158192,132.8217466,3,2,0,89,0,0.164187419,0.004899674,0,0.218035501,0,0,0.476356748,0.169087093,0.694392249,-0.525305156,Erosion,-0.48497914
FLK,MK,Middle_Keys,Offshore,2024,8174,24.62586,-81.10898,7.772399752,1355.932203,360.7493996,0,2,0,94,0,0,0.004909959,0,0.230768087,0,0,0.787715397,0.004909959,1.018483484,-1.013573525,Erosion,-0.935764691
FLK,MK,Middle_Keys,Offshore,2024,8325,24.62588,-81.11142,3.505199888,2288.135593,297.2553381,2,42,0,50,0,0.075152694,0.103109145,0,0.122748983,0,0,2.093243981,0.178261839,2.215992964,-2.037731124,Erosion,-1.88130095
FLK,MK,Middle_Keys,Offshore,2024,8060,24.62632,-81.11043,1.981199937,1468.926554,631.4846665,1,20,0,50,0,0.069399411,0.049099593,0,0.122748983,0,0,2.75704832,0.118499004,2.879797303,-2.761298299,Erosion,-2.549322161
FLK,MK,Middle_Keys,Offshore,2024,8326,24.62629,-81.10989,3.657599883,2118.644068,359.5862193,1,24,0,58,0,0.069399411,0.058919512,0,0.14238882,0,0,4.135521344,0.128318922,4.277910164,-4.149591242,Erosion,-3.831040246
FLK,UK,Upper Keys,Inshore,2014,1231,24.90063333,-80.61763333,2.978727177,1889.204545,79.56554887,46,4.5,1,49,,4.838709212,0.0108,0.010749388,0.2292,0,0,0.30492387,4.8602586,0.53412387,4.32613473,Growth,3.994031048
FLK,UK,Upper Keys,Inshore,2014,1129,25.2788,-80.235,2.497015305,1740.056818,21.15915143,43,3,0,49,,4.445529928,0.007682435,0,0.252239939,0,0,0.054618522,4.453212362,0.306858461,4.146353902,Growth,3.828051426
FLK,UK,Upper Keys,Inshore,2014,1229,24.89796667,-80.61701667,3.615266551,3028.551136,97.44661424,51.5,7.5,0,42,,4.507791818,0.018,0,0.2364,0,0,0.933783391,4.525791818,1.170183391,3.355608427,Growth,3.09800898
FLK,UK,Upper Keys,Inshore,2014,1299,24.90456667,-80.61541667,3.146611664,312.5,40.7311024,28.5,4.5,0,71,,2.088407918,0.0108,0,0.2028,0,0,0.103884997,2.099207918,0.306684997,1.792522921,Growth,1.654916605
FLK,UK,Upper Keys,Inshore,2014,1124,25.21423333,-80.27071667,3.576917532,2265.625,83.37720471,30,2,1.5,52,,2.1564649,0.004870953,0.016362426,0.188749432,0,0,0.328440347,2.177698279,0.51718978,1.6605085,Growth,1.533036514
FLK,UK,Upper Keys,Inshore,2014,1127,25.23715,-80.25861667,3.86503321,2223.039773,101.8018011,26.5,6,0,55,,1.787527207,0.0144,0,0.198,0,0,0.356001031,1.801927207,0.554001031,1.247926176,Growth,1.15212683
FLK,UK,Upper Keys,Inshore,2014,1118,25.06823333,-80.39251667,2.349499925,2173.295455,71.91275019,13,1.5,2,81.5,,1.211088073,0.003625943,0.021653703,0.109986928,0,0,0.067009925,1.236367718,0.176996853,1.059370865,Growth,0.978046314
FLK,UK,Upper Keys,Inshore,2014,1121,25.12965,-80.32056667,3.867149876,2598.039773,197.1820623,23,2.5,0,75.5,,1.451751862,0.006101854,0,0.191598213,0,0,0.326511006,1.457853716,0.518109219,0.939744497,Growth,0.867603284
FLK,UK,Upper Keys,Inshore,2014,1300,24.90406667,-80.61768333,3.505199888,1392.045455,85.59702433,19,2,0,85.5,,1.032475812,0.0048,0,0.2388,0,0,0.274559946,1.037275812,0.513359946,0.523915866,Growth,0.483696502
FLK,UK,Upper Keys,Inshore,2014,1119,25.12785,-80.33425,4.876799844,2669.204545,39.02414199,11,2.5,0,82.5,,0.628273989,0.006,0,0.1056,0,0.003031919,0.129316959,0.634273989,0.237948878,0.396325111,Stasis,0.365900486
FLK,UK,Upper Keys,Inshore,2014,1126,25.23673333,-80.26733333,1.910442796,4421.25,121.4119591,18,1,0,71,,1.339173849,0.002420009,0,0.182710692,0,0,1.250427045,1.341593858,1.433137737,-0.091543879,Stasis,-0.084516345
FLK,UK,Upper Keys,MidChannel,2014,1297,24.93465,-80.54876667,4.348479861,2372.159091,170.5089464,30.5,6,1,61.5,,4.369779236,0.018156756,0.013553751,0.269376797,0,0,1.078789728,4.401489744,1.348166525,3.053323219,Growth,2.818929252
FLK,UK,Upper Keys,MidChannel,2014,1298,24.93733333,-80.5473,4.470399857,42.61363636,0.203978112,35.5,2,0,57,,2.757480139,0.00513807,0,0.236575266,0,0,0,2.762618209,0.236575266,2.526042943,Growth,2.332126615
FLK,UK,Upper Keys,MidChannel,2014,1233,24.98661667,-80.46985,3.200399898,1363.636364,14.52008583,22.5,5,1,60.5,,2.479852336,0.012093533,0.010833173,0.203171356,0,0.001515959,0.001239303,2.502779043,0.205926618,2.296852425,Growth,2.120530328
FLK,UK,Upper Keys,MidChannel,2014,1232,24.95211667,-80.53685,5.791199815,1272.329545,15.96168707,26.5,1,1,72,,2.186843483,0.002415194,0.010817441,0.147624394,0.002435321,0,0.003729519,2.200076119,0.153789234,2.046286885,Growth,1.889199912
FLK,UK,Upper Keys,MidChannel,2014,1131,24.98846667,-80.44008333,6.462712293,3046.875,24.84189363,8,2.5,1,87,,1.738965364,0.006011928,0.010770758,0.185167388,0,0,0.004878371,1.75574805,0.190045759,1.565702291,Growth,1.445508278
FLK,UK,Upper Keys,MidChannel,2014,1139,25.2229,-80.23018333,1.75661047,1423.295455,20.01864246,13,2,1.5,50.5,,1.215304956,0.004804704,0.016139884,0.192188161,0,0.001515959,0.004706278,1.236249544,0.198410398,1.037839145,Growth,0.958167516
FLK,UK,Upper Keys,MidChannel,2014,1152,25.20885,-80.2431,2.005263094,1642.215909,63.2250154,21.5,7.5,1,47.5,,1.592118154,0.018570065,0.011089824,0.240172845,0,0,0.408030788,1.621778043,0.648203633,0.97357441,Growth,0.898836182
FLK,UK,Upper Keys,MidChannel,2014,1150,24.99485,-80.44626667,4.724399849,22230.11364,216.0718941,11,5.5,1,75.5,,1.079952188,0.013216257,0.010762627,0.216266027,0,0,0.280267408,1.103931072,0.496533436,0.607397636,Growth,0.56076964
FLK,UK,Upper Keys,MidChannel,2014,1128,25.27486667,-80.2264,3.047999902,1484.375,78.82080765,17.5,3.5,1,65.5,,1.409191991,0.008555018,0.010947763,0.238318359,0,0,0.838749201,1.428694772,1.07706756,0.351627213,Stasis,0.324633904
FLK,UK,Upper Keys,MidChannel,2014,1133,25.04431667,-80.36668333,4.584699853,2688.210227,175.8136098,15.5,6.5,1.5,61,,1.390312381,0.016202083,0.016746392,0.244277556,0,0,0.855362588,1.423260855,1.099640144,0.323620711,Stasis,0.298777372
FLK,UK,Upper Keys,MidChannel,2014,1222,24.93858333,-80.55133333,5.709138279,1228.693182,580.0623947,18.5,1,0,82.5,,1.167693334,0.00241297,0,0.213636357,0.001216539,0,0.657412105,1.170106304,0.872265001,0.297841304,Stasis,0.274976969
FLK,UK,Upper Keys,MidChannel,2014,1134,25.05535,-80.36401667,3.071446055,589.4886364,4.377919356,1,2,3,55,,0.058088317,0.004810802,0.032320735,0.150337559,0,0.001515959,0.000492132,0.095219854,0.15234565,-0.057125796,Stasis,-0.052740429
FLK,UK,Upper Keys,MidChannel,2014,1142,25.2932,-80.22098333,5.153024835,1413.352273,120.2650295,7,9.5,0,70,,0.324031266,0.022910787,0,0.217049561,0,0,0.258052862,0.346942053,0.475102423,-0.12816037,Stasis,-0.118321904
FLK,UK,Upper Keys,MidChannel,2014,1155,25.27626667,-80.21018333,4.114799868,710.2272727,11.12338642,1,2,0,102.5,,0.05886984,0.004875527,0,0.19136442,0,0.003031919,0.003973072,0.063745367,0.198369411,-0.134624044,Stasis,-0.124289382
FLK,UK,Upper Keys,MidChannel,2014,1136,25.06988333,-80.33738333,3.809999878,269.8863636,1.499261916,1,1,1.5,95,,0.007145474,0.002409345,0.016186863,0.190338226,0,0,0,0.025741681,0.190338226,-0.164596545,Stasis,-0.151960989
FLK,UK,Upper Keys,MidChannel,2014,1202,25.1245,-80.3007,5.029199839,1598.011364,150.8339635,0,3.5,3,87,,0,0.008416775,0.032312564,0.162323516,0,0.006063837,0.098706769,0.040729339,0.267094122,-0.226364783,Stasis,-0.208987474
FLK,UK,Upper Keys,MidChannel,2014,1170,25.15471667,-80.26898333,5.63879982,866.4772727,22.11657295,0,1,0,100,,0,0.002403819,0,0.231968512,0,0.001515959,0.003444721,0.002403819,0.236929193,-0.234525374,Stasis,-0.216521603
FLK,UK,Upper Keys,MidChannel,2014,1237,24.95825,-80.49045,4.419599859,2064.744318,65.46904538,3,1.5,1,72,,0.273454518,0.003638067,0.010863055,0.2088,0,0,0.423939797,0.28795564,0.632739797,-0.344784157,Stasis,-0.318316168
FLK,UK,Upper Keys,MidChannel,2014,1137,25.1479,-80.27471667,8.229599737,1001.420455,203.9981185,4,2,1,92,,0.184726331,0.004810698,0.010773346,0.184009203,0,0,0.509518743,0.200310375,0.693527946,-0.493217571,Stasis,-0.455354818
FLK,UK,Upper Keys,MidChannel,2014,1584,25.21573333,-80.22856667,2.981324905,2322.5,70.49700941,7.5,8.5,1,61.5,,0.469558617,0.020756916,0.010937458,0.240536026,0,0,0.770636459,0.50125299,1.011172485,-0.509919494,Erosion,-0.470774587
FLK,UK,Upper Keys,MidChannel,2014,1146,25.15563333,-80.28663333,5.333999829,3458.806818,227.501774,10,4,3.5,65.5,,0.552938414,0.009847189,0.038591605,0.225254459,0,0,0.895470001,0.601377209,1.12072446,-0.519347252,Erosion,-0.479478606
FLK,UK,Upper Keys,MidChannel,2014,1165,25.09331667,-80.31968333,6.857999781,724.4318182,172.214994,0,1,0,97.5,,0,0.002403622,0,0.151428178,0,0,0.486267576,0.002403622,0.637695754,-0.635292132,Erosion,-0.586522764
FLK,UK,Upper Keys,MidChannel,2014,1135,25.06058333,-80.35911667,2.987039904,1711.647727,93.34012055,9,3.5,1,61,,0.494118768,0.008435502,0.01079482,0.185581048,0,0,0.973588417,0.51334909,1.159169465,-0.645820375,Erosion,-0.596242787
FLK,UK,Upper Keys,MidChannel,2014,1147,25.15986667,-80.28541667,4.335378809,2733.494318,150.1479781,6.5,7,1,72.5,,0.324660436,0.01699914,0.010876807,0.237987965,0,0.001515959,1.052217703,0.352536383,1.291721628,-0.939185245,Erosion,-0.867086964
FLK,UK,Upper Keys,MidChannel,2014,1207,25.10786667,-80.3061,4.733364555,1984.857955,197.6167662,5,5.5,1.5,72,,0.246896152,0.01338833,0.016354131,0.22273313,0,0,1.004152382,0.276638613,1.226885513,-0.950246899,Erosion,-0.87729945
FLK,UK,Upper Keys,MidChannel,2014,1205,25.12328333,-80.2975,3.165230668,3655.369318,1244.293724,13,10,2,53,,0.899589194,0.024824033,0.02223693,0.248240327,0,0,2.148994952,0.946650156,2.397235279,-1.450585123,Erosion,-1.339228291
FLK,UK,Upper Keys,MidChannel,2014,1208,25.11208333,-80.30316667,4.067907562,3409.090909,763.8145316,9,9,3,79.5,,0.583722971,0.022392236,0.033430949,0.248802621,0,0,3.182993113,0.639546155,3.431795734,-2.792249579,Erosion,-2.577897409
FLK,UK,Upper Keys,MidChannel,2014,1144,25.10521667,-80.3074,4.448174858,2596.420455,256.346138,3,7,1.5,66,,0.144855412,0.017448197,0.0167462,0.246767358,0,0.003031919,3.096071047,0.179049809,3.345870323,-3.166820514,Erosion,-2.923713718
FLK,UK,Upper Keys,MidChannel,2014,1204,25.12256667,-80.29783333,3.027679903,2784.715909,384.1437135,4.5,9,2,69.5,,0.329724694,0.022872069,0.022764884,0.2541341,0,0,3.290724529,0.375361647,3.544858629,-3.169496982,Erosion,-2.926184722
FLK,UK,Upper Keys,Offshore,2014,1167,25.17176667,-80.242,13.5551329,738.6363636,27.94818577,7,9,2,62.5,,0.431790684,0.0216,0.021498776,0.2124,0,0.001515959,0.004341525,0.47488946,0.218257485,0.256631975,Stasis,0.23693115
FLK,UK,Upper Keys,Offshore,2014,1287,24.95463333,-80.45288333,15.46411715,1072.443182,180.7817914,6,3.5,1.5,78,,0.500172488,0.008481642,0.016280797,0.234,0,0,0.246781868,0.524934928,0.480781868,0.04415306,Stasis,0.040763569
FLK,UK,Upper Keys,Offshore,2014,1149,24.98601667,-80.41505,4.853353691,937.5,5.456688685,6,17,2.5,64.5,,0.193096365,0.041915891,0.027608466,0.241632782,0,0,0.000180299,0.262620722,0.241813081,0.020807641,Stasis,0.019210304
FLK,UK,Upper Keys,Offshore,2014,1172,25.11553333,-80.28231667,10.66799966,951.7045455,49.82543994,3.5,2,1,88.5,,0.217884053,0.005050932,0.01131134,0.237393817,0,0.001515959,0.074847928,0.234246325,0.313757704,-0.079511379,Stasis,-0.073407542
FLK,UK,Upper Keys,Offshore,2014,1138,25.17676667,-80.24105,9.601199693,2031.25,47.99535301,3,5.5,1,75.5,,0.141359944,0.013287509,0.010820651,0.208976285,0,0,0.046301254,0.165468104,0.255277539,-0.089809434,Stasis,-0.082915048
FLK,UK,Upper Keys,Offshore,2014,1239,24.90976667,-80.54125,5.550876745,419.0340909,22.49206928,2,2,2,84.5,,0.095384505,0.004807171,0.021530894,0.210001605,0,0,0.00425774,0.12172257,0.214259345,-0.092536775,Stasis,-0.085433019
FLK,UK,Upper Keys,Offshore,2014,1243,24.914,-80.53533333,4.724399849,1546.676136,49.71562653,0,20.5,0,79,,0,0.049247336,0,0.159601607,0,0,0.008097592,0.049247336,0.1676992,-0.118451864,Stasis,-0.109358689
FLK,UK,Upper Keys,Offshore,2014,1168,25.08708333,-80.31131667,9.601199693,511.3636364,9.680439293,0,2.5,0,91.5,,0,0.00600823,0,0.152609052,0,0,0.001986054,0.00600823,0.154595106,-0.148586875,Stasis,-0.137180331
FLK,UK,Upper Keys,Offshore,2014,1288,24.95541667,-80.45583333,11.29937106,632.1022727,25.21678895,1,0,1,97,,0.05348041,0,0.010915613,0.222,0,0,0.004062295,0.064396023,0.226062295,-0.161666271,Stasis,-0.149255663
FLK,UK,Upper Keys,Offshore,2014,1197,25.14628333,-80.2574,7.467599761,795.4545455,4.895474929,0,1,0,99.5,,0,0.002404967,0,0.173157619,0,0,0.000281218,0.002404967,0.173438838,-0.171033871,Stasis,-0.157904142
FLK,UK,Upper Keys,Offshore,2014,1164,25.07745,-80.3239,6.490854338,1008.522727,12.50011133,0,0,0,91,,0,0,0,0.176824782,0,0,0.000967758,0,0.17779254,-0.17779254,Stasis,-0.164143969
FLK,UK,Upper Keys,Offshore,2014,1193,25.22271667,-80.2195,6.857999781,1406.25,36.43398457,5.5,15,0,73,,0.2569529,0.037146168,0,0.230306243,0,0.001515959,0.242239393,0.294099068,0.474061595,-0.179962527,Stasis,-0.166147373
FLK,UK,Upper Keys,Offshore,2014,1214,25.01423333,-80.37548333,3.047999902,426.1363636,2.299339624,0,1,0,99,,0,0.002404201,0,0.20435705,0,0,0,0.002404201,0.20435705,-0.20195285,Stasis,-0.186449568
FLK,UK,Upper Keys,Offshore,2014,1241,24.9439,-80.47963333,3.505199888,901.9886364,8.659011635,0,1,0,100.5,,0,0.002408945,0,0.2064,0,0,0.000902093,0.002408945,0.207302093,-0.204893148,Stasis,-0.189164149
FLK,UK,Upper Keys,Offshore,2014,1305,24.84475,-80.62246667,10.36319967,728.0113636,114.0109548,4.5,2,3,86.5,,0.252749421,0.004881121,0.032793165,0.233073531,0,0,0.264809232,0.290423707,0.497882764,-0.207459056,Stasis,-0.19153308
FLK,UK,Upper Keys,Offshore,2014,1209,25.03803333,-80.35083333,2.285999927,1335.227273,7.9454545,0,2,0,99.5,,0,0.004821094,0,0.231412519,0,0.001515959,0.000281218,0.004821094,0.233209696,-0.228388602,Stasis,-0.210855931
FLK,UK,Upper Keys,Offshore,2014,1285,24.9562,-80.45698333,6.945085492,802.5852273,26.7543032,1,3,1,88,,0.060475195,0.00751272,0.01121627,0.2244,0,0,0.162264612,0.079204185,0.386664612,-0.307460426,Stasis,-0.283857661
FLK,UK,Upper Keys,Offshore,2014,1271,24.90533333,-80.5269,12.20372268,1207.386364,69.44292427,4,1,2.5,82.5,,0.203261563,0.002432156,0.027233528,0.222164994,0,0,0.380632584,0.232927246,0.602797579,-0.369870332,Stasis,-0.341476556
FLK,UK,Upper Keys,Offshore,2014,1286,24.95166667,-80.4599,5.357445982,1597.954545,230.3405682,4,4,2,83.5,,0.229452587,0.00977495,0.021890569,0.2388,0,0,0.425292698,0.261118106,0.664092698,-0.402974592,Stasis,-0.372039507
FLK,UK,Upper Keys,Offshore,2014,1303,24.84703333,-80.622,4.952999842,953.2954545,113.850269,3,4,1,84,,0.130260933,0.009701163,0.010862663,0.240103773,0,0,0.38262041,0.150824758,0.622724183,-0.471899425,Stasis,-0.435673199
FLK,UK,Upper Keys,Offshore,2014,1216,25.0119,-80.37018333,11.42999963,1320.340909,76.34734052,3,1,1,90,,0.099656807,0.002405993,0.010776231,0.23819333,0,0,0.359490002,0.112839031,0.597683331,-0.4848443,Stasis,-0.447624336
FLK,UK,Upper Keys,Offshore,2014,1295,24.92136667,-80.50513333,10.28699967,982.9545455,106.5040816,3,6,2.5,89.5,,0.104482681,0.014466348,0.026997289,0.188405457,0,0,0.465084341,0.145946317,0.653489798,-0.507543481,Erosion,-0.468580973
FLK,UK,Upper Keys,Offshore,2014,1157,25.03936667,-80.34421667,7.249159768,1335.227273,42.48335442,1,8,1,75.5,,0.048837755,0.019623366,0.010986416,0.242839158,0,0.001515959,0.375461401,0.079447537,0.619816518,-0.540368981,Erosion,-0.498886563
FLK,UK,Upper Keys,Offshore,2014,1176,24.9877,-80.41231667,11.06328715,2175.681818,108.2192604,4,5,1.5,81.5,,0.170241775,0.012112847,0.016275712,0.241045657,0,0.001515959,0.537503698,0.198630333,0.780065314,-0.581434981,Erosion,-0.536800056
FLK,UK,Upper Keys,Offshore,2014,1194,25.20215,-80.22315,11.72754248,1767.357955,544.3057209,9,11,2,59.5,,0.383475214,0.0264,0.021498776,0.2184,0,0,0.814012784,0.43137399,1.032412784,-0.601038794,Erosion,-0.554898947
FLK,UK,Upper Keys,Offshore,2014,1174,25.27713333,-80.17595,12.3443996,1115.056818,363.6646295,1,2,0,90,,0.058039726,0.004806778,0,0.240338881,0,0,0.434210195,0.062846503,0.674549076,-0.611702572,Erosion,-0.5647441
FLK,UK,Upper Keys,Offshore,2014,1185,25.2045,-80.22876667,5.115559837,1448.863636,124.2178532,5,8,2,73,,0.273871252,0.019538678,0.021878004,0.221031299,0,0.001515959,0.846927611,0.315287934,1.06947487,-0.754186936,Erosion,-0.69629039
FLK,UK,Upper Keys,Offshore,2014,1161,25.24091667,-80.20061667,7.162799771,2059.602273,155.4538944,9,13.5,2,73.5,,0.303698008,0.032623376,0.021646995,0.234404998,0,0,0.932474838,0.35796838,1.166879836,-0.808911456,Erosion,-0.746813882
FLK,UK,Upper Keys,Offshore,2014,1140,25.25446667,-80.20515,9.184639706,1448.863636,79.4999234,4,5.5,1,80.5,,0.211955412,0.013344602,0.010867145,0.208661057,0,0,0.920292687,0.236167159,1.128953743,-0.892786584,Erosion,-0.824250181
FLK,UK,Upper Keys,Offshore,2014,1201,25.14823333,-80.25866667,7.162799771,1430.397727,75.23648709,0,0,0,100,,0,0,0,0.186261682,0,0,0.831435046,0,1.017696728,-1.017696728,Erosion,-0.939571369
FLK,UK,Upper Keys,Offshore,2014,1159,25.13328333,-80.26426667,8.549639727,944.6022727,100.3709567,1,3.5,1,93.5,,0.014758306,0.00864495,0.011062848,0.238353633,0,0,0.905286123,0.034466105,1.143639756,-1.109173651,Erosion,-1.024025898
FLK,UK,Upper Keys,Offshore,2014,1605,25.28988333,-80.17503333,9.212178653,2088.068182,109.5909633,7,8.5,1,79,,0.347155172,0.020518092,0.010811614,0.190697557,0,0.001515959,1.477838312,0.378484878,1.670051828,-1.291566951,Erosion,-1.192417441
FLK,UK,Upper Keys,Offshore,2014,1210,25.03375,-80.35125,4.05129987,1893.522727,167.5446953,1,19,3,69,,0.014640525,0.0465552,0.032923678,0.238901683,0,0,1.192446044,0.094119403,1.431347727,-1.337228324,Erosion,-1.234573535
FLK,UK,Upper Keys,Offshore,2014,1171,24.99838333,-80.40056667,7.772399751,3080.994318,182.6090952,1,5,1,87.5,,0.01466187,0.01226923,0.010990559,0.201215367,0,0,1.280806028,0.037921658,1.482021395,-1.444099736,Erosion,-1.333240766
FLK,UK,Upper Keys,Offshore,2014,1306,24.84596667,-80.61915,10.89024965,617.8977273,191.4720149,2,0,4,90.5,,0.127121754,0,0.043552179,0.206631402,0,0,1.4629114,0.170673933,1.669542802,-1.498868869,Erosion,-1.383805446
FLK,UK,Upper Keys,Offshore,2014,1272,24.9136,-80.5137,10.45209967,2282.471591,324.6315283,3,1,2.307692308,75.69230769,,0.131284572,0.002425825,0.025073203,0.230267575,0,0,1.444805725,0.1587836,1.6750733,-1.5162897,Erosion,-1.399888935
FLK,UK,Upper Keys,Offshore,2014,1184,25.20366667,-80.22653333,5.714999817,1548.352273,136.5719939,2,11.5,2,77,,0.06294437,0.027964361,0.021782592,0.238304991,0,0,1.466237128,0.112691323,1.704542119,-1.591850796,Erosion,-1.469649445
FLK,UK,Upper Keys,Offshore,2014,1211,25.03613333,-80.346,11.73479962,1228.693182,140.1584948,3,6.5,2,71.5,,0.124964026,0.0156,0.021498776,0.2364,0,0,1.647802573,0.162062802,1.884202573,-1.722139771,Erosion,-1.589936547
FLK,UK,Upper Keys,Offshore,2014,1166,25.15958333,-80.24428333,15.38287451,1576.647727,195.1424214,5,6,2,78.5,,0.210484197,0.0144,0.021498776,0.1884,0,0,1.843294212,0.246382973,2.031694212,-1.78531124,Erosion,-1.648258542
FLK,UK,Upper Keys,Offshore,2014,1190,25.22373333,-80.2093,4.443046012,2185.482955,710.5481424,9,7,1,69.5,,0.589018366,0.017948695,0.011484374,0.255127882,0,0,2.404234067,0.618451435,2.659361948,-2.040910513,Erosion,-1.884236267
FLK,UK,Upper Keys,Offshore,2014,1189,25.2201,-80.21101667,4.353559861,1867.897727,284.836735,3,13.5,1,73.5,,0.163040857,0.037774667,0.012532548,0.278413288,0,0,2.188023413,0.213348073,2.466436701,-2.253088628,Erosion,-2.08012614
FLK,UK,Upper Keys,Offshore,2014,1302,24.84581667,-80.62386667,5.687785532,1840.965909,342.6764605,4,5,2,85,,0.152559327,0.012061012,0.021608083,0.236395836,0,0,2.640799118,0.186228422,2.877194954,-2.690966532,Erosion,-2.484389542
FLK,UK,Upper Keys,Offshore,2014,1215,25.00858333,-80.37361667,11.81607962,2189.090909,348.0431653,4,1,4,84,,0.199371222,0.0024,0.042997552,0.24,0,0,2.744561341,0.244768774,2.984561341,-2.739792567,Erosion,-2.529467356
FLK,UK,Upper Keys,Offshore,2014,1198,25.13998333,-80.25945,7.040879775,2279.829545,406.6792241,1,17.5,1.5,74,,0.014442423,0.042299579,0.016239092,0.235669081,0.000609315,0,2.618480765,0.072981094,2.854759161,-2.781778068,Erosion,-2.568229763
FLK,UK,Upper Keys,Offshore,2014,1186,25.20698333,-80.2209,4.524374855,3385.056818,373.8022606,5.5,8.5,2.5,75,,0.316311469,0.021238752,0.027978381,0.248618336,0,0,3.90577642,0.365528603,4.154394757,-3.788866154,Erosion,-3.498006882
FLK,UK,Upper Keys,Offshore,2014,1292,24.92286667,-80.50521667,5.791199815,859.4034091,436.0747599,2,6,1,83.5,,0.117675667,0.014896454,0.011119984,0.240962457,0,0,3.722102913,0.143692105,3.96306537,-3.819373265,Erosion,-3.526172058
FLK,UK,Upper Keys,Offshore,2014,1270,24.85305,-80.61023333,9.601199693,3416.193182,1083.253001,3,5.5,2,84,,0.139449673,0.013249665,0.021579665,0.161405011,0,0.001515959,7.074124196,0.174279003,7.237045166,-7.062766163,Erosion,-6.520579941
FLK,UK,Upper Keys,Inshore,2016,1257,24.90062,-80.6171,3.352799893,2102.272727,228.6503825,34,8,0,54,,3.451771285,0.0192,0,0.2352,0,0,0.625382363,3.470971285,0.860582363,2.610388923,Growth,2.409997621
FLK,UK,Upper Keys,Inshore,2016,1247,24.94656,-80.55196,2.743199912,2336.676136,364.1489852,9,1,1,85,,0.847592575,0.002438857,0.010923424,0.185353119,0,0,0.783875063,0.860954856,0.969228182,-0.108273325,Stasis,-0.099961524
FLK,UK,Upper Keys,MidChannel,2016,1296,24.89871,-80.56672,5.94359981,1323.863636,117.1259404,1,0,0,83,,0.053077434,0,0,0.1752,0,0,0.7458493,0.053077434,0.9210493,-0.867971867,Erosion,-0.801340412
FLK,UK,Upper Keys,MidChannel,2016,1171,25.16055,-80.28582,3.657599883,1754.261364,94.46919423,1,3,1,86,,0.024216248,0.007221257,0.010781124,0.233487313,0,0,0.677061251,0.042218629,0.910548564,-0.868329935,Erosion,-0.801670992
FLK,UK,Upper Keys,MidChannel,2016,1256,24.93758,-80.54753,3.962399873,2549.715909,226.5928372,8,4,2,66,,0.588628605,0.011300961,0.025308002,0.230132489,0,0,2.783087794,0.625237569,3.013220283,-2.387982714,Erosion,-2.204664833
FLK,UK,Upper Keys,Offshore,2016,1201,25.20969,-80.21816,5.63879982,1747.159091,81.13311908,28.78787879,9.090909091,1.515151515,53.03030305,,2.902135601,0.022930416,0.017117218,0.240769363,0,0,0.29500197,2.942183234,0.535771334,2.406411901,Growth,2.22167927
FLK,UK,Upper Keys,Offshore,2016,1343,24.8357,-80.63258,20.11679936,1406.25,59.04972822,11,3,1,75,,0.875462285,0.0072,0.010749388,0.2064,0,0,0.206284372,0.893411673,0.412684372,0.480727301,Stasis,0.443823386
FLK,UK,Upper Keys,Offshore,2016,1243,25.12653,-80.26644,25.45079919,636.9034091,49.70030408,7,8,1,53,,0.363288397,0.0192,0.010749388,0.2376,0.001815,0,0.038374185,0.393237785,0.277789185,0.1154486,Stasis,0.106585976
FLK,UK,Upper Keys,Offshore,2016,1328,24.95182,-80.45016,24.23159922,1711.647727,83.98232431,11,7,1,55,,0.532237526,0.0168,0.010749388,0.2112,0,0,0.29983717,0.559786914,0.51103717,0.048749744,Stasis,0.04500738
FLK,UK,Upper Keys,Offshore,2016,1295,24.89379,-80.55383,7.315199766,880.6818182,132.0783276,5,3,2,81,,0.277915661,0.007279464,0.02173605,0.211346387,0,0,0.200544934,0.306931175,0.411891321,-0.104960146,Stasis,-0.096902688
FLK,UK,Upper Keys,Offshore,2016,1345,24.9096,-80.52177,11.58239963,1051.136364,64.61659452,2,4,1,84,,0.116159311,0.009803,0.010976693,0.240053964,0,0,0.014704809,0.136939004,0.254758773,-0.117819769,Stasis,-0.108775118
FLK,UK,Upper Keys,Offshore,2016,1298,24.93924,-80.48933,9.143999707,1278.409091,35.62538541,3,0,1,91,,0.074589307,0,0.010816881,0.2064,0,0.003031919,0.010446871,0.085406189,0.21987879,-0.134472601,Stasis,-0.124149565
FLK,UK,Upper Keys,Offshore,2016,1294,24.86167,-80.60107,3.657599883,838.0681818,7.245042099,0,0,0,99,,0,0,0,0.240488169,0,0,0.001397432,0,0.241885601,-0.241885601,Stasis,-0.223316808
FLK,UK,Upper Keys,Offshore,2016,1284,24.84862,-80.61772,6.55319979,1448.863636,33.92851513,3,0,1,85,,0.185660295,0,0.01100798,0.245773545,0,0,0.246500052,0.196668275,0.492273597,-0.295605323,Stasis,-0.272912637
FLK,UK,Upper Keys,Offshore,2016,1348,24.9471,-80.45482,23.46959925,1562.5,138.0497377,8,6,1,59,,0.254672426,0.0144,0.010749388,0.1872,0,0,0.44901393,0.279821814,0.63621393,-0.356392116,Stasis,-0.32903302
FLK,UK,Upper Keys,Offshore,2016,1297,24.9363,-80.48547,8.534399727,1377.840909,62.61470427,4,2,2,84,,0.243099851,0.004845201,0.021701225,0.1896,0,0,0.447406027,0.269646277,0.637006027,-0.36735975,Stasis,-0.339158704
FLK,UK,Upper Keys,Offshore,2016,1265,24.9466,-80.47281,4.876799844,667.6136364,61.53822177,4,3,0,87,,0.251648363,0.007281144,0,0.24,0.000611818,0,0.676426262,0.258929507,0.91703808,-0.658108573,Erosion,-0.607587659
FLK,UK,Upper Keys,Offshore,2016,1346,24.91022,-80.50652,27.58439912,1683.295455,127.1841692,9,0,0,56,,0.460280616,0,0,0.218611674,0.001211173,0,0.922519501,0.460280616,1.142342349,-0.682061733,Erosion,-0.629702011
FLK,UK,Upper Keys,Offshore,2016,1312,24.908,-80.53004,6.400799795,1253.210227,146.7442947,1,0,0,96,,0.058078011,0,0,0.180009182,0.000606254,0,0.67425021,0.058078011,0.854865646,-0.796787635,Erosion,-0.735620768
FLK,UK,Upper Keys,Offshore,2016,1229,25.24529,-80.19686,6.095999805,738.6363636,98.1588211,1,5,2,82,,0.059687186,0.012358046,0.022140238,0.229859647,0.000623051,0,0.669647301,0.094185469,0.900129999,-0.80594453,Erosion,-0.744074717
FLK,UK,Upper Keys,Offshore,2016,1282,24.92227,-80.50582,6.2483998,1804.005682,293.709898,8,0,1,61,,2.470527653,0,0.011310935,0.234497254,0.000636605,0,3.105715662,2.481838588,3.340849521,-0.859010933,Erosion,-0.79306738
FLK,UK,Upper Keys,Offshore,2016,1164,25.21282,-80.21911,3.809999878,1292.613636,97.02530761,0,4,2,75,,0,0.009827902,0.022009153,0.245697559,0,0,0.755807328,0.031837056,1.001504887,-0.969667831,Erosion,-0.895229498
FLK,UK,Upper Keys,Offshore,2016,1329,24.9204,-80.50447,13.86839956,1747.159091,202.6806167,5,5,5,72,,0.245939529,0.012241753,0.054829732,0.230634954,0,0,1.239233096,0.313011015,1.46986805,-1.156857035,Erosion,-1.068048779
FLK,UK,Upper Keys,Offshore,2016,1213,25.24075,-80.20821,8.534399727,1363.636364,137.9911237,2,0,1,85,,0.127267216,0,0.010794753,0.212091322,0,0,1.479402796,0.138061969,1.691494118,-1.553432148,Erosion,-1.434180075
FLK,UK,Upper Keys,Offshore,2016,1299,24.95293,-80.45909,10.05839968,1545.056818,118.8260302,4,0,0,89,,0.227313157,0,0,0.2136,0,0,1.581794619,0.227313157,1.795394619,-1.568081462,Erosion,-1.447704807
FLK,UK,Upper Keys,Offshore,2016,1184,25.22417,-80.20896,3.809999878,1534.147727,245.1537758,2,11,3,66,,0.146463299,0.02862263,0.034963154,0.260205727,0,0,1.854788765,0.210049082,2.114994492,-1.90494541,Erosion,-1.758708775
FLK,UK,Upper Keys,Offshore,2016,1326,24.95487,-80.45799,5.791199815,2315.340909,421.0952798,1,14,1,77,,0.055163694,0.035193486,0.01125918,0.24,0,0,2.102103822,0.101616359,2.342103822,-2.240487463,Erosion,-2.068492326
FLK,UK,Upper Keys,Offshore,2016,1330,24.92346,-80.50191,11.88719962,1718.75,345.4146278,5,0,3,81,,0.231519467,0,0.032555527,0.216,0,0,2.304981906,0.264074994,2.520981906,-2.256906912,Erosion,-2.083651306
FLK,UK,Upper Keys,Inshore,2018,1065,25.04154,-80.42761,3.962399873,1150.568182,48.57651225,22,3,2,57,,1.273377011,0.007221881,0.021564111,0.204619955,0.001820516,0,0.1079744,1.302163002,0.31441487,0.987748132,Growth,0.911921832
FLK,UK,Upper Keys,Inshore,2018,1059,24.90323,-80.61779,3.505199888,1271.306818,15.59134431,11,2,0,47,,0.615917889,0.0048,0,0.0864,0,0,0.003522112,0.620717889,0.089922112,0.530795777,Growth,0.490048264
FLK,UK,Upper Keys,Inshore,2018,1068,25.061133,-80.397017,2.895599907,497.1590909,18.67643562,11,0,0,84,,0.718438317,0,0,0.187585681,0,0,0.127153471,0.718438317,0.314739152,0.403699165,Stasis,0.372708457
FLK,UK,Upper Keys,Inshore,2018,1014,24.95012,-80.55208,3.352799893,151.4204545,12.82576282,1,1,0,87,,0.057958334,0.002400018,0,0.240001841,0,0,0.034579043,0.060358352,0.274580884,-0.214222532,Stasis,-0.197777346
FLK,UK,Upper Keys,Inshore,2018,1254,25.058367,-80.39885,2.438399922,56.81818182,0.325396338,0,0,0,100,,0,0,0,0.238260544,0,0,0,0,0.238260544,-0.238260544,Stasis,-0.219970036
FLK,UK,Upper Keys,MidChannel,2018,1067,25.23881,-80.23891,2.743199912,511.3636364,3.943647572,4,0,0,74,,0.324981012,0,0,0.161656492,0,0,0.000562437,0.324981012,0.162218929,0.162762083,Stasis,0.150267353
FLK,UK,Upper Keys,MidChannel,2018,1123,25.040083,-80.38015,2.895599907,454.5454545,2.568837778,1,0,1,56,,0.052786017,0,0.010773884,0.144328151,0,0,0,0.063559901,0.144328151,-0.080768251,Stasis,-0.074567928
FLK,UK,Upper Keys,MidChannel,2018,1155,24.901233,-80.568933,6.55319979,610.7954545,7.638497311,0,0,0,94,,0,0,0,0.1008,0,0,0.012377662,0,0.113177662,-0.113177662,Stasis,-0.104489371
FLK,UK,Upper Keys,MidChannel,2018,1158,25.2301,-80.22808,2.895599907,1306.818182,21.2009567,2,0,0,92,,0.113887865,0,0,0.216254397,0,0,0.113144053,0.113887865,0.329398451,-0.215510586,Stasis,-0.19896652
FLK,UK,Upper Keys,MidChannel,2018,1138,25.12604,-80.29301,10.97279965,866.4772727,37.88751607,3,0,0,88,,0.181751204,0,0,0.15398321,0.000606509,0,0.311626525,0.181751204,0.466216244,-0.284465041,Stasis,-0.262627559
FLK,UK,Upper Keys,MidChannel,2018,1629,25.12357,-80.30173,5.63879982,1619.318182,146.5959424,0,0,1,81,,0,0,0.010768202,0.180315051,0,0,1.218440254,0.010768202,1.398755305,-1.387987103,Erosion,-1.281435723
FLK,UK,Upper Keys,Offshore,2018,1113,24.86896,-80.60283,4.724399849,208.2386364,1.15699618,0,0,2,97,,0,0,0.021523834,0.1488,0,0,0,0.021523834,0.1488,-0.127276166,Stasis,-0.117505577
FLK,UK,Upper Keys,Offshore,2018,1244,24.95724,-80.44915,20.26919935,889.8295455,24.76853689,4,0,0,85,,0.134256226,0,0,0.2304,0,0,0.069775304,0.134256226,0.300175304,-0.165919078,Stasis,-0.153181995
FLK,UK,Upper Keys,Offshore,2018,1348,24.88607,-80.56187,7.772399751,653.4090909,33.49338385,0,2,2,86,,0,0.004818418,0.021581269,0.216,0,0,0.00414678,0.026399687,0.22014678,-0.193747093,Stasis,-0.178873741
FLK,UK,Upper Keys,Offshore,2018,1162,24.98817,-80.41769,2.895599907,454.5454545,2.511182612,0,9,0,91,,0,0.02165044,0,0.223721213,0,0,0,0.02165044,0.223721213,-0.202070773,Stasis,-0.186558439
FLK,UK,Upper Keys,Offshore,2018,1390,25.24416,-80.19222,20.57399934,823.8636364,34.8958619,5,0,0,73,,0.229333649,0,0,0.2208,0,0,0.239765881,0.229333649,0.460565881,-0.231232232,Stasis,-0.213481265
FLK,UK,Upper Keys,Offshore,2018,1357,25.006817,-80.3761,14.47799954,667.6136364,80.57721528,4,2,3,65,,0.230036519,0.00496893,0.033383101,0.240993126,0,0,0.339668277,0.26838855,0.580661403,-0.312272853,Stasis,-0.288300654
FLK,UK,Upper Keys,Offshore,2018,1394,24.97508,-80.41877,24.68879921,1235.795455,77.58225063,4,2,3,63,,0.107113898,0.0048,0.032248164,0.216,0.000605,0,0.322963322,0.144162062,0.539568322,-0.39540626,Stasis,-0.365052172
FLK,UK,Upper Keys,Offshore,2018,1245,25.174083,-80.2342,16.61159947,1264.204545,282.1422243,0,1,0,91,,0,0.0024,0,0.1872,0,0,0.33140079,0.0024,0.51860079,-0.51620079,Erosion,-0.476573688
FLK,UK,Upper Keys,Offshore,2018,1288,25.02931,-80.35126,17.52599944,951.7045455,117.1428076,2,0,1,94,,0.072298026,0,0.010749388,0.2064,0,0,0.487720024,0.083047414,0.694120024,-0.611072609,Erosion,-0.564162497
FLK,UK,Upper Keys,Offshore,2018,1391,25.03421,-80.34565,22.09799929,980.1136364,119.5266207,4,5,3,78,,0.16511576,0.012,0.032248164,0.2304,0,0,0.615850569,0.209363924,0.846250569,-0.636886645,Erosion,-0.587994871
FLK,UK,Upper Keys,Offshore,2018,1387,24.8972,-80.5379,19.50719938,1051.136364,166.1523241,7,5,2,82,,0.216079934,0.012035245,0.021561919,0.211820306,0,0,0.755159988,0.249677098,0.966980294,-0.717303196,Erosion,-0.662238098
FLK,UK,Upper Keys,Offshore,2018,1198,24.9577,-80.43355,5.63879982,965.5681818,58.79417147,1,0,1,93,,0.00711776,0,0.010749388,0.2088,0,0,0.59803401,0.017867148,0.80683401,-0.788966862,Erosion,-0.728400371
FLK,UK,Upper Keys,Offshore,2018,1127,25.2121,-80.220717,4.114799868,1988.636364,77.6622573,3,1,1,84,,0.133755167,0.002420531,0.010841345,0.22752992,0,0,0.786719596,0.147017043,1.014249516,-0.867232473,Erosion,-0.800657779
FLK,UK,Upper Keys,Offshore,2018,1393,25.11927,-80.2754,15.39239951,1576.704545,277.9078119,0,3,0,83,,0,0.0072,0,0.2232,0.00121,0,0.963814441,0.0072,1.188224441,-1.181024441,Erosion,-1.09036093
FLK,UK,Upper_Keys,Inshore,2022,1081,25.24023,-80.26812,2.285999927,1101.694915,4.216065761,36,3,0,50,0,2.374762954,0.007334084,0,0.122234727,0,0,0.04745983,2.382097038,0.169694557,2.212402481,Growth,2.042563339
FLK,UK,Middle_Upper_Transition,Inshore,2022,8069,24.97671,-80.53794,3.657599883,84.74576271,0.021289638,4,0,0,82,0,0.159850773,0,0,0.200886642,0,0,0,0.159850773,0.200886642,-0.041035869,Stasis,-0.037885675
FLK,UK,Middle_Upper_Transition,Inshore,2022,1006,24.9494,-80.55943,3.962399873,56.49717514,0.043260328,1,0,0,90,0,0.053759633,0,0,0.220485338,0,0,0,0.053759633,0.220485338,-0.166725705,Stasis,-0.1539267
FLK,UK,Upper_Keys,MidChannel,2022,1153,24.99324,-80.46076,4.876799844,3841.80791,64.46654152,18,0,3,64,0,1.292720828,0,0.032848713,0.15646045,0,0,0.696088016,1.325569541,0.852548466,0.473021075,Stasis,0.436708743
FLK,UK,Upper_Keys,MidChannel,2022,1131,25.23556,-80.24455,2.133599932,1779.661017,10.61248453,7,0,3,73,0,0.395716383,0,0.032848713,0.178462701,0,0,0.044441848,0.428565095,0.222904549,0.205660547,Stasis,0.189872637
FLK,UK,Upper_Keys,MidChannel,2022,1135,24.97169,-80.44789,7.467599761,847.4576271,63.89719505,9,0,2,81,0,0.434893899,0,0.021899142,0.198020257,0,0,0.105019147,0.456793041,0.303039404,0.153753637,Stasis,0.141950457
FLK,UK,Upper_Keys,MidChannel,2022,1130,25.05964,-80.36034,3.962399873,1440.677966,28.76370634,4,2,4,48,0,0.238713618,0.004889389,0.043798283,0.117345337,0,0.037357641,0.303907281,0.287401291,0.458610259,-0.171208969,Stasis,-0.158065798
FLK,UK,Upper_Keys,MidChannel,2022,1023,25.008,-80.43486,3.809999878,56.49717514,1.758802435,1,0,0,61,1,0.005729501,0,0,0.149126366,0.061626675,0,8.35E-04,0.005729501,0.211588041,-0.20585854,Stasis,-0.190055431
FLK,UK,Upper_Keys,MidChannel,2022,1127,24.98907,-80.42937,7.467599761,367.2316384,13.46063968,1,0,0,92,0,0.005729501,0,0,0.224911897,0,0,0.005178011,0.005729501,0.230089908,-0.224360407,Stasis,-0.207136968
FLK,UK,Upper_Keys,MidChannel,2022,8067,25.1953,-80.24814,4.114799868,2683.615819,116.4742187,3,2,11,45,0,0.207325987,0.004889389,0.120445279,0.110011254,0,0.037357641,0.9894213,0.332660655,1.136790195,-0.80412954,Erosion,-0.742399058
FLK,UK,Upper_Keys,Offshore,2022,1204,25.12954,-80.2685,9.905999684,960.4519774,5.934786294,5,4,1,80,0,0.244778964,0.009778778,0.010949571,0.195575562,0,0,0.006429112,0.265507312,0.202004674,0.063502638,Stasis,0.058627741
FLK,UK,Upper_Keys,Offshore,2022,1133,25.07583,-80.32059,7.772399751,762.7118644,25.63849529,4,0,2,80,0,0.229490426,0,0.021899142,0.195575562,0,0,0.007332489,0.251389568,0.202908051,0.048481516,Stasis,0.044759743
FLK,UK,Upper_Keys,Offshore,2022,1354,25.15075,-80.2473,23.01239927,649.7175141,35.37434216,6,2,0,56,0,0.204371752,0.004889389,0,0.136902894,0,0,0.076437226,0.209261141,0.21334012,-0.004078979,Stasis,-0.003765849
FLK,UK,Middle_Upper_Transition,Offshore,2022,1342,24.84347,-80.61668,24.84119921,903.9548023,34.3931438,13,4,1,66,1,0.41835969,0.009799348,0.010972604,0.161689248,0.06175631,NA,0.232377899,0.439131643,0.455823457,-0.016691814,Stasis,-0.015410436
FLK,UK,Upper_Keys,Offshore,2022,1355,24.9689,-80.42719,27.43199912,1214.689266,37.82358998,9,11,3,41,0,0.281268183,0.02689164,0.032848713,0.100232476,0,0,0.378309541,0.341008536,0.478542017,-0.137533481,Stasis,-0.126975471
FLK,UK,Upper_Keys,Offshore,2022,1350,25.09958,-80.29102,24.68879921,1016.949153,22.21141767,1,11,0,76,1,0.056549243,0.02689164,0,0.185796784,0.061626675,0,0.030173451,0.083440882,0.27759691,-0.194156028,Stasis,-0.179251284
FLK,UK,Middle_Upper_Transition,Offshore,2022,1467,24.8429,-80.62317,14.93519952,2062.146893,17.87203677,0,0,3,89,0,0,0,0.032917812,0.218035501,0,0,0.036832669,0.032917812,0.25486817,-0.221950358,Stasis,-0.204911931
FLK,UK,Middle_Upper_Transition,Offshore,2022,8065,24.88259,-80.57458,6.55319979,1299.435028,18.32332352,0,0,2,88,0,0,0,0.021945208,0.215585664,0,0,0.042772262,0.021945208,0.258357926,-0.236412718,Stasis,-0.218264061
FLK,UK,Upper_Keys,Offshore,2022,1473,25.00636,-80.37615,16.45919947,621.4689266,22.46602158,1,1,0,87,1,0.063145079,0.002444695,0,0.212688424,0.061626675,0,0.029261591,0.065589773,0.30357669,-0.237986917,Stasis,-0.219717414
FLK,UK,Middle_Upper_Transition,Offshore,2022,1124,24.93936,-80.48524,6.705599786,1016.949153,85.3221887,1,2,0,93,0,0.048720614,0.004899674,0,0.22783485,0,0,0.069659026,0.053620288,0.297493876,-0.243873587,Stasis,-0.225152183
FLK,UK,Upper_Keys,Offshore,2022,1385,25.14933,-80.25639,9.143999707,0,0,0,0,0,100,0,0,0,0,0.244469453,0,0,0,0,0.244469453,-0.244469453,Stasis,-0.225702306
FLK,UK,Middle_Upper_Transition,Offshore,2022,1475,24.95405,-80.45296,15.6971995,649.7175141,9.433352793,1,0,0,91,0,0.006166571,0,0,0.222935175,0,0,0.030583303,0.006166571,0.253518478,-0.247351908,Stasis,-0.228363484
FLK,UK,Middle_Upper_Transition,Offshore,2022,1432,24.84953,-80.61675,7.619999756,960.4519774,12.35415428,1,0,5,84,0,0.056668152,0,0.05486302,0.205786316,0,0,0.155110282,0.111531172,0.360896598,-0.249365426,Stasis,-0.230222431
FLK,UK,Upper_Keys,Offshore,2022,1356,25.06279,-80.32061,27.27959913,1242.937853,23.45124861,7,5,0,62,4,0.210663969,0.012223473,0,0.151571061,0.246506698,0,0.077468623,0.222887442,0.475546382,-0.252658941,Stasis,-0.233263113
FLK,UK,Upper_Keys,Offshore,2022,1357,25.05236,-80.32988,27.58439912,1384.180791,31.08821812,1,1,0,84,0,0.053646784,0.002444695,0,0.205354341,0,0,0.169979981,0.056091479,0.375334322,-0.319242843,Stasis,-0.29473558
FLK,UK,Middle_Upper_Transition,Offshore,2022,1118,24.8699,-80.59293,8.077199742,1242.937853,39.50344452,0,3,1,77,0,0,0.007349511,0.010972604,0.188637456,0,0,0.159080748,0.018322115,0.347718204,-0.329396089,Stasis,-0.304109393
FLK,UK,Upper_Keys,Offshore,2022,1305,25.18333,-80.2286,14.32559954,451.9774011,57.34418659,0,3,1,86,0,0,0.007334084,0.010949571,0.21024373,0,0,0.157574572,0.018283654,0.367818302,-0.349534647,Stasis,-0.322701978
FLK,UK,Upper_Keys,Offshore,2022,1464,25.01428,-80.36797,10.97279965,790.960452,109.6189155,0,0,6,86,1,0,0,0.065697425,0.21024373,0.061626675,0,0.198362637,0.065697425,0.470233041,-0.404535616,Stasis,-0.373480696
FLK,UK,Middle_Upper_Transition,Offshore,2022,1203,24.93304,-80.49518,6.705599786,564.9717514,18.79575413,2,0,2,87,0,0.062409544,0,0.021945208,0.213135827,0,0,0.27649223,0.084354752,0.489628057,-0.405273305,Stasis,-0.374161755
FLK,UK,Upper_Keys,Offshore,2022,1144,25.09651,-80.30045,12.4967996,903.9548023,73.09894577,4,0,0,88,0,0.192989465,0,0,0.215133119,0,0.037357641,0.37517496,0.192989465,0.62766572,-0.434676254,Stasis,-0.401307533
FLK,UK,Middle_Upper_Transition,Offshore,2022,1682,24.90446,-80.53278,7.619999756,762.7118644,161.30228,3,0,0,90,0,0.195176225,0,0,0.220485338,0,0,0.439428746,0.195176225,0.659914084,-0.464737859,Stasis,-0.429061403
FLK,UK,Upper_Keys,Offshore,2022,1299,25.05788,-80.32717,13.25879958,564.9717514,94.26668664,3,2,1,85,2,0.120953305,0.004889389,0.010949571,0.207799035,0.123253349,0,0.270866869,0.136792265,0.601919253,-0.465126988,Stasis,-0.42942066
FLK,UK,Upper_Keys,Offshore,2022,1302,24.98587,-80.41078,19.35479939,960.4519774,28.40358994,2,5,4,62,0,0.113077099,0.012223473,0.043798283,0.151571061,0,0,0.51907991,0.169098855,0.670650971,-0.501552116,Erosion,-0.463049546
FLK,UK,Upper_Keys,Offshore,2022,1392,25.03544,-80.35284,3.809999878,141.2429379,26.00016425,2,6,1,90,0,0.062278744,0.014668167,0.010949571,0.220022508,0,0,0.456330088,0.087896482,0.676352596,-0.588456114,Erosion,-0.543282199
FLK,UK,Middle_Upper_Transition,Offshore,2022,1814,24.94144,-80.4633,27.73679911,819.2090395,32.27903706,0,5,1,56,0,0,0.012249185,0.010972604,0.137190877,0,0,0.5192286,0.023221789,0.656419477,-0.633197688,Erosion,-0.584589104
FLK,UK,Upper_Keys,Offshore,2022,1239,25.09026,-80.30066,13.86839956,1610.169492,40.10985252,4,0,0,84,2,0.024369462,0,0,0.205354341,0.123253349,0,0.424143163,0.024369462,0.752750853,-0.728381391,Erosion,-0.672465855
FLK,UK,Upper_Keys,Offshore,2022,1129,25.24768,-80.21071,8.229599737,903.9548023,60.45735413,6,0,1,77,2,0.244834773,0,0.010949571,0.188241479,0.123253349,0,0.729905492,0.255784343,1.04140032,-0.785615977,Erosion,-0.725306723
FLK,UK,Upper_Keys,Offshore,2022,1415,25.21439,-80.21659,4.724399849,1553.672316,97.2805511,3,4,5,68,1,0.207325987,0.009778778,0.054747854,0.166239228,0.061626675,0,1.102833586,0.271852619,1.330699489,-1.05884687,Erosion,-0.977562544
FLK,UK,Upper_Keys,Offshore,2022,1454,25.22483,-80.20612,11.12519965,1327.683616,50.60848725,1,0,0,97,0,0.048618343,0,0,0.237135369,0,0,0.893611361,0.048618343,1.13074673,-1.082128388,Erosion,-0.999056814
FLK,UK,Upper_Keys,Offshore,2022,1417,25.14151,-80.25822,7.924799747,1355.932203,154.5492733,3,2,1,79,1,0.111321383,0.004889389,0.010949571,0.193130868,0.061626675,0,1.086752937,0.127160343,1.34151048,-1.214350136,Erosion,-1.121128316
FLK,UK,Upper_Keys,Offshore,2022,1294,25.16652,-80.23596,14.63039953,2062.146893,580.6192777,3,0,5,66,5,0.188802983,0,0.054747854,0.161349839,0.308133373,0,1.247003703,0.243550838,1.716486915,-1.472936077,Erosion,-1.359863433
FLK,UK,Middle_Upper_Transition,Inshore,2024,8019,24.89683,-80.62053,4.571999854,1666.666667,48.29196169,20,4,0,52,0,2.173664162,0.009799348,0,0.127391529,0,0,0.3121715,2.18346351,0.439563029,1.743900481,Growth,1.610026756
FLK,UK,Middle_Upper_Transition,Inshore,2024,8012,24.89683,-80.61849,4.267199863,3107.344633,57.31549111,21,1,0,77,0,2.219220731,0.002449837,0,0.188637456,0,0,0.477158306,2.221670568,0.665795762,1.555874806,Growth,1.436435218
FLK,UK,Middle_Upper_Transition,Inshore,2024,8021,24.89729,-80.61838,4.267199863,2796.610169,54.63442759,34,0,0,65,0,1.910033025,0,0,0.159239411,0,0,0.296057211,1.910033025,0.455296622,1.454736403,Growth,1.34306089
FLK,UK,Middle_Upper_Transition,Inshore,2024,8115,24.90449,-80.61555,3.505199888,3192.090395,31.29707767,20,8,0,69,0,1.721566257,0.019598697,0,0.169038759,0,0,0.240329578,1.741164954,0.409368337,1.331796616,Growth,1.229558802
FLK,UK,Middle_Upper_Transition,Inshore,2024,8018,24.89689,-80.61702,3.505199888,3305.084746,326.7313614,29,0,0,71,0,2.195480907,0,0,0.173938434,0,0,0.843158623,2.195480907,1.017097057,1.17838385,Growth,1.087923049
FLK,UK,Middle_Upper_Transition,Inshore,2024,8013,24.89684,-80.62004,4.571999854,2372.881356,69.70185788,22,1,0,75,0,1.527607954,0.002449837,0,0.183737782,0,0,0.237596231,1.530057791,0.421334013,1.108723778,Growth,1.02361056
FLK,UK,Middle_Upper_Transition,Inshore,2024,8020,24.89724,-80.62149,3.505199888,2344.632768,59.92143454,12,9,0,78,0,1.454045748,0.022048534,0,0.191087293,0,0,0.266318988,1.476094282,0.457406281,1.018688,Growth,0.940486544
FLK,UK,Middle_Upper_Transition,Inshore,2024,8110,24.89774,-80.61802,4.571999854,2146.892655,23.40075972,17,2,0,79,0,1.47780796,0.004899674,0,0.19353713,0,0,0.295774184,1.482707634,0.489311314,0.99339632,Growth,0.917136426
FLK,UK,Middle_Upper_Transition,Inshore,2024,8114,24.89636,-80.61955,4.267199863,3587.570621,55.79784726,21,3,0,76,0,1.770928093,0.007349511,0,0.186187619,0,0,0.620541938,1.778277604,0.806729557,0.971548047,Growth,0.896965376
FLK,UK,Middle_Upper_Transition,Inshore,2024,8116,24.90403,-80.61806,3.505199888,2429.378531,76.23773043,18,0,0,81,0,1.426416294,0,0,0.198436804,0,0,0.279011508,1.426416294,0.477448312,0.948967982,Growth,0.876118711
FLK,UK,Middle_Upper_Transition,Inshore,2024,1298,24.90413,-80.615,3.657599883,1949.152542,86.20164126,15,2,0,81,0,1.24366999,0.004899674,0,0.198436804,0,0,0.269329687,1.248569665,0.467766491,0.780803173,Growth,0.720863383
FLK,UK,Upper_Keys,Inshore,2024,1037,25.26567,-80.24751,3.047999903,1807.909605,40.21002504,4,3,0,58,0,0.232750035,0.007334084,0,0.141792283,0,0,0.066472512,0.240084118,0.208264795,0.031819323,Stasis,0.029376654
FLK,UK,Middle_Upper_Transition,Inshore,2024,1006,24.96343,-80.54371,3.962399873,0,0,1,0,0,68,0,0.140852234,0,0,0.166588922,0,0,0,0.140852234,0.166588922,-0.025736689,Stasis,-0.023760965
FLK,UK,Upper_Keys,Inshore,2024,1008,25.14653,-80.36194,3.047999902,0,0,1,0,0,77,0,0.056549243,0,0,0.188241479,0,0,0,0.056549243,0.188241479,-0.131692236,Stasis,-0.12158264
FLK,UK,Middle_Upper_Transition,Inshore,2024,1007,24.97615,-80.53717,2.895599907,28.24858757,0.076856196,0,0,0,78,0,0,0,0,0.191087293,0,0,0,0,0.191087293,-0.191087293,Stasis,-0.176418126
FLK,UK,Middle_Upper_Transition,Inshore,2024,8017,24.89638,-80.61802,3.657599883,4378.531073,565.0410048,15,0,0,84,1,0.849722883,0,0,0.205786316,0.06175631,0,2.030337356,0.849722883,2.297879982,-1.448157099,Erosion,-1.336986658
FLK,UK,Upper_Keys,MidChannel,2024,1087,24.98839,-80.46823,3.809999878,1158.19209,31.05862793,5,3,0,51,0,0.373306869,0.007334084,0,0.124679421,0,0.037357641,0.0848117,0.380640952,0.246848762,0.13379219,Stasis,0.123521387
FLK,UK,Upper_Keys,MidChannel,2024,1135,25.02842,-80.392,12.80159959,423.7288136,0.423986814,0,0,0,47,0,0,0,0,0.114900643,0,0,0,0,0.114900643,-0.114900643,Stasis,-0.106080084
FLK,UK,Upper_Keys,MidChannel,2024,1367,25.10677,-80.30501,7.467599761,1468.926554,43.11544649,2,0,1,84,0,0.110196027,0,0.010949571,0.205354341,0,0,0.211252757,0.121145598,0.416607098,-0.2954615,Stasis,-0.272779855
FLK,UK,Upper_Keys,MidChannel,2024,1082,25.16108,-80.26153,12.6491996,1949.152542,57.63415722,8,1,0,64,2,0.389283875,0.002444695,0,0.15646045,0.123253349,0,0.56958395,0.39172857,0.849297749,-0.45756918,Stasis,-0.422443041
FLK,UK,Upper_Keys,MidChannel,2024,8126,25.14037,-80.29441,4.724399849,3615.819209,105.314516,0,10,0,73,0,0,0.024446945,0,0.178462701,0,0,0.598701479,0.024446945,0.77716418,-0.752717234,Erosion,-0.694933512
FLK,UK,Upper_Keys,MidChannel,2024,8246,25.13897,-80.29486,4.876799844,3079.096045,140.0493482,1,6,0,81,0,0.005729501,0.014668167,0,0.198020257,0,0,1.107470147,0.020397668,1.305490404,-1.285092736,Erosion,-1.186440231
FLK,UK,Upper_Keys,MidChannel,2024,8252,25.13993,-80.29438,4.571999854,3502.824859,243.9306291,2,5,0,73,0,0.138217324,0.012223473,0,0.178462701,0,0,1.579946672,0.150440797,1.758409373,-1.607968576,Erosion,-1.484529914
FLK,UK,Upper_Keys,Offshore,2024,1305,25.20891,-80.21903,4.876799844,677.9661017,24.84157476,7,17,3,63,0,0.633498256,0.041559807,0.032848713,0.154015755,0,0,0.090445776,0.707906775,0.244461531,0.463445244,Stasis,0.427868018
FLK,UK,Middle_Upper_Transition,Offshore,2024,1669,24.84353,-80.61657,27.12719913,1355.932203,18.42500646,14,6,0,63,0,0.57239504,0.014699023,0,0.154339737,0,0,0.310147278,0.587094063,0.464487015,0.122607048,Stasis,0.113194893
FLK,UK,Middle_Upper_Transition,Offshore,2024,1168,24.89125,-80.55375,9.753599689,1101.694915,45.36111027,6,2,0,84,0,0.352509255,0.004899674,0,0.205786316,0,0,0.173286345,0.357408929,0.379072661,-0.021663732,Stasis,-0.020000676
FLK,UK,Upper_Keys,Offshore,2024,8329,25.21948,-80.21648,8.229599737,2118.644068,51.30864383,4,12,0,74,0,0.295319219,0.029336334,0,0.180907395,0,0,0.205643977,0.324655554,0.386551372,-0.061895819,Stasis,-0.057144273
FLK,UK,Middle_Upper_Transition,Offshore,2024,1269,24.8393,-80.62691,23.77439924,988.700565,44.88647352,7,4,0,80,0,0.191495104,0.009799348,0,0.195986967,0,0,0.084673809,0.201294453,0.280660776,-0.079366324,Stasis,-0.073273622
FLK,UK,Upper_Keys,Offshore,2024,8121,25.21311,-80.21904,5.791199815,1920.903955,92.32438899,9,0,0,78,0,0.447295637,0,0,0.190686173,0,0,0.339436963,0.447295637,0.530123136,-0.0828275,Stasis,-0.076469095
FLK,UK,Middle_Upper_Transition,Offshore,2024,1241,24.94521,-80.46517,7.924799747,1045.19774,6.180725387,2,0,1,86,0,0.105388766,0,0.010972604,0.21068599,0,0,0.002571645,0.11636137,0.213257635,-0.096896265,Stasis,-0.089457845
FLK,UK,Middle_Upper_Transition,Offshore,2024,1268,24.86054,-80.58731,24.68879921,0,0,2,0,0,92,0,0.113314919,0,0,0.225385012,0,0,0,0.113314919,0.225385012,-0.112070094,Stasis,-0.103466827
FLK,UK,Upper_Keys,Offshore,2024,1198,25.17223,-80.23188,14.47799954,451.9774011,14.33248887,1,0,1,86,0,0.063145079,0,0.010949571,0.21024373,0,0,0.007932331,0.074094649,0.218176061,-0.144081411,Stasis,-0.133020737
FLK,UK,Middle_Upper_Transition,Offshore,2024,1374,24.84438,-80.62182,11.73479963,649.7175141,28.11733153,1,0,1,91,0,0.056668152,0,0.010972604,0.222935175,0,0,0.005194066,0.067640756,0.228129241,-0.160488485,Stasis,-0.148168292
FLK,UK,Middle_Upper_Transition,Offshore,2024,1672,24.93378,-80.47624,23.46959925,1694.915254,53.1734726,10,7,1,71,0,0.259016129,0.01714886,0.010972604,0.173938434,0,0,0.279731541,0.287137593,0.453669975,-0.166532382,Stasis,-0.153748218
FLK,UK,Upper_Keys,Offshore,2024,1199,24.99298,-80.40485,12.4967996,508.4745763,8.116908026,2,2,0,91,0,0.062278744,0.004889389,0,0.222467202,0,0,0.012002082,0.067168133,0.234469284,-0.167301152,Stasis,-0.154457972
FLK,UK,Upper_Keys,Offshore,2024,1281,25.22738,-80.20068,23.16479926,1073.446328,21.95920264,1,0,0,86,0,0.053646784,0,0,0.21024373,0,0,0.011295577,0.053646784,0.221539307,-0.167892522,Stasis,-0.155003944
FLK,UK,Upper_Keys,Offshore,2024,1170,25.07857,-80.31761,7.924799747,1045.19774,19.90775788,2,1,0,91,0,0.110196027,0.002444695,0,0.222467202,0,0,0.061654971,0.112640721,0.284122173,-0.171481452,Stasis,-0.158317363
FLK,UK,Middle_Upper_Transition,Offshore,2024,1216,24.87737,-80.56863,11.42999964,1666.666667,752.0727176,2,0,1,92,0,0.110427786,0,0.010972604,0.225385012,0,0,0.08359115,0.12140039,0.308976162,-0.187575773,Stasis,-0.173176174
FLK,UK,Upper_Keys,Offshore,2024,1371,25.01343,-80.36956,7.924799747,564.9717514,10.16251508,0,9,0,87,0,0,0.022002251,0,0.212688424,0,0,0.009051028,0.022002251,0.221739452,-0.199737201,Stasis,-0.184404008
FLK,UK,Upper_Keys,Offshore,2024,1336,25.14432,-80.26057,3.047999902,169.4915254,0.065629924,0,8,0,92,0,0,0.019557556,0,0.224911897,0,0,0,0.019557556,0.224911897,-0.205354341,Stasis,-0.189589938
FLK,UK,Upper_Keys,Offshore,2024,1280,25.17331,-80.22882,23.46959925,734.4632768,283.6395917,0,3,0,91,0,0,0.007334084,0,0.222467202,0,0,0.014197544,0.007334084,0.236664746,-0.229330663,Stasis,-0.211725673
FLK,UK,Upper_Keys,Offshore,2024,1145,25.08492,-80.30961,9.753599689,423.7288136,9.121455116,0,1,0,95,0,0,0.002444695,0,0.23224598,0,0,0.005291743,0.002444695,0.237537723,-0.235093029,Stasis,-0.217045681
FLK,UK,Middle_Upper_Transition,Offshore,2024,1128,24.93925,-80.4849,6.55319979,621.4689266,37.42902192,3,1,1,91,0,0.181252507,0.002449837,0.010972604,0.222935175,0,0,0.210100441,0.194674948,0.433035616,-0.238360668,Stasis,-0.220062473
FLK,UK,Middle_Upper_Transition,Offshore,2024,1130,24.93624,-80.49131,7.467599761,762.7118644,23.62968641,0,3,0,92,0,0,0.007349511,0,0.225385012,0,0,0.024036947,0.007349511,0.249421959,-0.242072448,Stasis,-0.223489312
FLK,UK,Upper_Keys,Offshore,2024,1339,25.03604,-80.3497,4.571999854,593.220339,7.662573024,0,1,0,99,0,0,0.002444695,0,0.242024759,0,0,0.006797463,0.002444695,0.248822222,-0.246377527,Stasis,-0.227463903
FLK,UK,Middle_Upper_Transition,Offshore,2024,1362,24.84981,-80.61716,4.419599859,282.4858757,68.61539503,1,0,0,92,1,0.140852234,0,0,0.225385012,0.06175631,0,0.103629534,0.140852234,0.390770856,-0.249918623,Stasis,-0.230733161
FLK,UK,Upper_Keys,Offshore,2024,1139,25.13162,-80.26658,10.97279965,1949.152542,53.95201305,1,4,0,90,1,0.063145079,0.009778778,0,0.220022508,0.061626675,0,0.111052458,0.072923857,0.39270164,-0.319777784,Stasis,-0.295229455
FLK,UK,Upper_Keys,Offshore,2024,1279,25.27596,-80.17219,27.58439912,1045.19774,116.6349782,5,0,0,69,1,0.080918704,0,0,0.168683923,0.061626675,0,0.190822558,0.080918704,0.421133155,-0.340214451,Stasis,-0.314097264
FLK,UK,Upper_Keys,Offshore,2024,8181,25.21718,-80.21355,9.601199694,2033.898305,324.6648334,3,0,0,92,0,0.161695442,0,0,0.224911897,0,0,0.332907454,0.161695442,0.557819351,-0.396123909,Stasis,-0.365714729
FLK,UK,Upper_Keys,Offshore,2024,1334,25.22668,-80.20502,10.66799966,395.480226,26.26594475,2,0,0,96,0,0.125657905,0,0,0.234690675,0,0,0.3329618,0.125657905,0.567652475,-0.44199457,Stasis,-0.408064045
FLK,UK,Middle_Upper_Transition,Offshore,2024,1332,24.84717,-80.62364,4.876799844,706.2146893,45.9810915,0,0,0,98,0,0,0,0,0.240084035,0,0,0.287794193,0,0.527878228,-0.527878228,Erosion,-0.487354686
FLK,UK,Upper_Keys,Offshore,2024,1375,25.20423,-80.21751,14.32559954,1412.429379,369.0000687,1,0,1,89,0,0.056549243,0,0.010949571,0.217577813,0,0,0.42397081,0.067498813,0.641548623,-0.57404981,Erosion,-0.529981822
FLK,UK,Upper_Keys,Offshore,2024,1224,25.13862,-80.2577,16.30679948,1073.446328,77.47264625,2,0,0,89,0,0.105167585,0,0,0.217577813,0,0,0.462817019,0.105167585,0.680394832,-0.575227247,Erosion,-0.53106887
FLK,UK,Upper_Keys,Offshore,2024,1277,25.13612,-80.25851,27.43199912,1864.40678,654.004458,1,1,0,87,0,0.053646784,0.002444695,0,0.212688424,0,0,0.450446818,0.056091479,0.663135242,-0.607043763,Erosion,-0.560442933
FLK,UK,Middle_Upper_Transition,Offshore,2024,1217,24.88554,-80.55279,13.10639958,988.700565,81.36343284,5,10,1,72,0,0.261712133,0.024498371,0.010972604,0.176388271,0,0,0.793309912,0.297183108,0.969698183,-0.672515074,Erosion,-0.620888219
FLK,UK,Upper_Keys,Offshore,2024,8146,25.22524,-80.20905,2.438399922,903.9548023,105.8428913,6,14,0,78,0,0.402092554,0.034225723,0,0.190686173,0,0,0.948298827,0.436318277,1.138985,-0.702666723,Erosion,-0.648725221
FLK,UK,Upper_Keys,Offshore,2024,8388,25.21357,-80.21605,8.229599737,508.4745763,74.94730476,1,3,0,91,0,0.048618343,0.007334084,0,0.222467202,0,0,0.609424451,0.055952426,0.831891653,-0.775939227,Erosion,-0.716372826
FLK,UK,Upper_Keys,Offshore,2024,1398,25.20461,-80.21297,16.91639946,1271.186441,71.24296502,3,0,0,92,0,0.166723883,0,0,0.224911897,0,0,0.730630795,0.166723883,0.955542692,-0.788818808,Erosion,-0.728263683
FLK,UK,Upper_Keys,Offshore,2024,8253,25.22665,-80.2115,4.571999854,1949.152542,81.08506041,1,6,0,85,0,0.005729501,0.014668167,0,0.207799035,0,0,0.63317135,0.020397668,0.840970385,-0.820572717,Erosion,-0.757579945
FLK,UK,Middle_Upper_Transition,Offshore,2024,1271,24.8851,-80.55144,23.77439924,960.4519774,204.954817,8,6,0,72,0,0.276243544,0.014699023,0,0.176388271,0,0,1.027793449,0.290942566,1.20418172,-0.913239153,Erosion,-0.843132671
FLK,UK,Upper_Keys,Offshore,2024,8079,25.21897,-80.21183,7.924799746,1864.40678,66.86255611,2,13,0,85,0,0.054347844,0.031781029,0,0.207799035,0,0,0.829390869,0.086128873,1.037189904,-0.951061031,Erosion,-0.878051083
FLK,UK,Upper_Keys,Offshore,2024,1364,25.22039,-80.21117,2.438399922,1129.943503,145.2631442,2,14,0,75,0,0.138217324,0.034225723,0,0.18335209,0,0,0.964082853,0.172443048,1.147434943,-0.974991895,Erosion,-0.900144851
FLK,UK,Upper_Keys,Offshore,2024,1394,25.0073,-80.37529,13.25879958,819.2090395,121.7536106,2,9,4,63,0,0.110196027,0.022002251,0.043798283,0.154015755,0,0,1.029522454,0.175996561,1.183538209,-1.007541648,Erosion,-0.930195862
FLK,UK,Upper_Keys,Offshore,2024,1337,25.14147,-80.26066,4.419599859,819.2090395,74.5305335,1,20,0,78,0,0.069108662,0.048893891,0,0.190686173,0,0,0.936000521,0.118002553,1.126686694,-1.008684142,Erosion,-0.93125065
FLK,UK,Upper_Keys,Offshore,2024,8367,25.21803,-80.21352,5.181599834,2146.892655,167.3462725,1,10,0,82,1,0.048618343,0.024446945,0,0.200464951,0.061626675,0,0.864430383,0.073065288,1.126522009,-1.053456721,Erosion,-0.97258618
FLK,UK,Upper_Keys,Offshore,2024,8089,25.21174,-80.2176,7.619999756,2288.135593,95.19638423,0,17,0,75,0,0,0.041559807,0,0.18335209,0,0,1.034230902,0.041559807,1.217582992,-1.176023185,Erosion,-1.085743604
FLK,UK,Upper_Keys,Offshore,2024,1399,25.20891,-80.2167,13.41119957,1779.661017,135.0586831,2,13,1,57,1,0.222047493,0.031781029,0.010949571,0.139347588,0.061626675,0,1.265307005,0.264778093,1.466281268,-1.201503175,Erosion,-1.109267576
FLK,UK,Upper_Keys,Offshore,2024,8077,25.2185,-80.21521,6.400799795,1892.655367,79.22813376,0,22,1,67,0,0,0.05378328,0.010949571,0.163794534,0,0,1.167482024,0.064732851,1.331276558,-1.266543707,Erosion,-1.169315152
FLK,UK,Upper_Keys,Offshore,2024,8131,25.22479,-80.21002,1.828799942,621.4689266,96.88049368,0,3,0,97,0,0,0.007334084,0,0.237135369,0,0,1.126674196,0.007334084,1.363809565,-1.356475482,Erosion,-1.252343149
FLK,UK,Middle_Upper_Transition,Offshore,2024,1372,24.95131,-80.45762,11.73479963,1271.186441,110.5691671,0,2,1,89,0,0,0.004899674,0.010972604,0.218035501,0,0,1.156451035,0.015872278,1.374486536,-1.358614258,Erosion,-1.254317738
FLK,UK,Upper_Keys,Offshore,2024,1366,25.14108,-80.25801,9.296399703,621.4689266,79.24413027,0,5,1,89,1,0,0.012223473,0.010949571,0.217577813,0.061626675,0,1.158324803,0.023173044,1.437529291,-1.414356247,Erosion,-1.305780591
FLK,UK,Upper_Keys,Offshore,2024,8306,25.22571,-80.20854,3.657599883,1158.19209,121.7911878,4,4,4,72,1,0.238713618,0.009778778,0.043798283,0.176018006,0.061626675,0,1.479997215,0.29229068,1.717641896,-1.425351216,Erosion,-1.315931511
FLK,UK,Upper_Keys,Offshore,2024,8386,25.20672,-80.22055,7.619999757,1384.180791,158.1447488,5,1,2,78,0,0.360738255,0.002444695,0.021899142,0.190686173,0,0,1.695827564,0.385082091,1.886513737,-1.501431646,Erosion,-1.386171487
FLK,UK,Upper_Keys,Offshore,2024,8123,25.20939,-80.21904,3.962399873,1779.661017,160.6396256,10,7,3,72,0,0.640784786,0.017112862,0.032848713,0.176018006,0,0,2.019595791,0.69074636,2.195613797,-1.504867437,Erosion,-1.389343523
FLK,UK,Upper_Keys,Offshore,2024,8297,25.22438,-80.21108,2.438399922,677.9661017,103.747339,0,2,0,98,0,0,0.004889389,0,0.239580064,0,0,1.412290371,0.004889389,1.651870435,-1.646981046,Erosion,-1.52054752
FLK,UK,Upper_Keys,Offshore,2024,8189,25.21715,-80.21656,6.400799795,2655.367232,135.4891771,2,7,0,86,0,0.074838163,0.017112862,0,0.21024373,0,0,1.550292347,0.091951025,1.760536077,-1.668585052,Erosion,-1.540493055
FLK,UK,Upper_Keys,Offshore,2024,8050,25.21132,-80.21951,3.047999903,706.2146893,108.9960499,0,0,0,100,0,0,0,0,0.244469453,0,0,1.525356964,0,1.769826417,-1.769826417,Erosion,-1.63396244
FLK,UK,Upper_Keys,Offshore,2024,8391,25.20681,-80.22109,7.010399776,1497.175141,324.7169716,2,1,3,71,0,0.113077099,0.002444695,0.032848713,0.173573312,0,0,1.810293045,0.148370506,1.983866357,-1.83549585,Erosion,-1.694590638
FLK,UK,Upper_Keys,Offshore,2024,8176,25.21811,-80.21398,5.486399824,3107.344633,188.1417489,4,9,1,78,0,0.238713618,0.022002251,0.010949571,0.190686173,0,0,2.164618904,0.27166544,2.355305077,-2.083639638,Erosion,-1.923685213
FLK,UK,Upper_Keys,Offshore,2024,8080,25.2244,-80.208,8.077199742,1638.418079,335.6103072,0,4,0,93,0,0,0.009778778,0,0.227356591,0,0,2.017447869,0.009778778,2.24480446,-2.235025682,Erosion,-2.063449829
FLK,UK,Upper_Keys,Offshore,2024,8312,25.21085,-80.21849,2.743199913,2853.107345,223.6048262,6,8,0,71,1,0.414651973,0.019557556,0,0.173573312,0.061626675,0,2.439135171,0.43420953,2.674335157,-2.240125628,Erosion,-2.068158268
FLK,UK,Upper_Keys,Offshore,2024,8392,25.20813,-80.2196,5.63879982,1779.661017,294.0645372,8,5,5,69,1,1.115891603,0.012223473,0.054747854,0.168683923,0.061626675,0,3.196361272,1.18286293,3.426671869,-2.243808939,Erosion,-2.071558823
FLK,UK,Upper_Keys,Offshore,2024,8382,25.22302,-80.209,6.095999805,2401.129944,180.0787618,0,7,0,91,0,0,0.017112862,0,0.222467202,0,0,2.040949815,0.017112862,2.263417017,-2.246304156,Erosion,-2.07386249
FLK,UK,Upper_Keys,Offshore,2024,8149,25.21217,-80.21798,3.962399873,2457.627119,226.2564103,1,6,1,73,0,0.069108662,0.014668167,0.010949571,0.178462701,0,0,2.179433564,0.0947264,2.357896265,-2.263169864,Erosion,-2.089433471
FLK,UK,Upper_Keys,Offshore,2024,8067,25.21639,-80.21851,5.94359981,1949.152542,193.4588333,1,1,0,92,0,0.056549243,0.002444695,0,0.224911897,0,0,2.212610802,0.058993937,2.437522699,-2.378528762,Erosion,-2.195936631
FLK,UK,Upper_Keys,Offshore,2024,8087,25.20901,-80.21861,7.315199766,2514.124294,276.5272552,2,9,1,79,0,0.074838163,0.022002251,0.010949571,0.193130868,0,0,2.307714654,0.107789985,2.500845522,-2.393055537,Erosion,-2.209348232
FLK,UK,Upper_Keys,Offshore,2024,8084,25.21942,-80.21101,6.553199791,2033.898305,504.0413851,0,5,0,90,1,0,0.012223473,0,0.220022508,0.061626675,0,2.182408528,0.012223473,2.46405771,-2.451834238,Erosion,-2.263614678
FLK,UK,Upper_Keys,Offshore,2024,8238,25.20727,-80.22203,1.828799942,2005.649718,155.299256,0,10,0,90,0,0,0.024446945,0,0.220022508,0,0,2.347480843,0.024446945,2.567503351,-2.543056405,Erosion,-2.347834007
FLK,UK,Upper_Keys,Offshore,2024,8076,25.22167,-80.20995,6.400799796,1384.180791,230.7230965,1,3,0,88,0,0.056549243,0.007334084,0,0.215133119,0,0,2.419610438,0.063883326,2.634743557,-2.570860231,Erosion,-2.373503422
FLK,UK,Upper_Keys,Offshore,2024,8136,25.22032,-80.212,4.571999854,3079.096045,265.0892256,0,3,0,97,0,0,0.007334084,0,0.237135369,0,0,2.469147059,0.007334084,2.706282428,-2.698948345,Erosion,-2.491758616
FLK,UK,Upper_Keys,Offshore,2024,8313,25.21043,-80.2185,4.267199863,1666.666667,267.2956499,5,25,0,63,0,0.345543311,0.061117363,0,0.154015755,0,0,2.955925534,0.406660674,3.109941289,-2.703280615,Erosion,-2.495758311
FLK,UK,Upper_Keys,Offshore,2024,8389,25.20716,-80.22058,6.553199791,2824.858757,366.810522,10,0,1,80,0,0.506541247,0,0.010949571,0.195575562,0,0,3.039820758,0.517490818,3.23539632,-2.717905503,Erosion,-2.509260493
FLK,UK,Upper_Keys,Offshore,2024,8152,25.20799,-80.21998,5.486399825,1242.937853,310.1030295,2,0,0,98,0,0.067398282,0,0,0.239580064,0,0,2.667158717,0.067398282,2.906738781,-2.839340499,Erosion,-2.621373308
FLK,UK,Upper_Keys,Offshore,2024,8305,25.22076,-80.21102,1.523999951,1977.40113,266.850921,2,2,0,69,0,0.138217324,0.004889389,0,0.168683923,0,0.037357641,2.90556062,0.143106714,3.111602184,-2.96849547,Erosion,-2.740613461
FLK,UK,Upper_Keys,Offshore,2024,8186,25.20634,-80.22202,4.724399849,2288.135593,394.0142979,0,6,0,90,1,0,0.014668167,0,0.220022508,0.061626675,0,2.797517284,0.014668167,3.079166466,-3.064498299,Erosion,-2.829246456
FLK,UK,Upper_Keys,Offshore,2024,8078,25.22751,-80.20597,6.553199791,1553.672316,269.0337461,0,3,0,96,0,0,0.007334084,0,0.234690675,0,0,2.98515373,0.007334084,3.219844405,-3.212510321,Erosion,-2.965896063
FLK,UK,Upper_Keys,Offshore,2024,8298,25.22164,-80.21049,3.657599883,2175.141243,296.3202305,3,8,2,80,1,0.307188986,0.019557556,0.021899142,0.195575562,0.061626675,0,3.786518232,0.348645684,4.043720469,-3.695074785,Erosion,-3.41141558
FLK,UK,Upper_Keys,Offshore,2024,8185,25.21314,-80.21699,6.857999781,762.7118644,183.2024266,5,8,1,79,0,0.186204883,0.019557556,0.010949571,0.193130868,0,0,3.81895892,0.21671201,4.012089788,-3.795377778,Erosion,-3.504018629
FLK,UK,Upper_Keys,Offshore,2024,8240,25.20908,-80.21947,2.743199913,2485.875706,419.502732,6,6,0,79,0,0.414651973,0.014668167,0,0.193130868,0,0,4.222232958,0.429320141,4.415363826,-3.986043685,Erosion,-3.680047717
FLK,UK,Upper_Keys,Offshore,2024,8302,25.22301,-80.21003,4.571999854,2033.898305,339.0315028,0,9,0,77,0,0,0.022002251,0,0.188241479,0,0,4.823035627,0.022002251,5.011277106,-4.989274855,Erosion,-4.606264003
FLK,UK,Upper_Keys,Offshore,2024,8145,25.22347,-80.20999,3.657599883,2711.864407,499.8829014,2,5,0,89,3,0.138217324,0.012223473,0,0.217577813,0.184880024,0,4.838805903,0.150440797,5.24126374,-5.090822943,Erosion,-4.700016566
FLK,UK,Upper_Keys,Offshore,2024,8183,25.21898,-80.21147,6.095999805,2316.384181,889.4505905,2,10,3,68,0,0.054772141,0.024446945,0.032848713,0.166239228,0,0,5.336769931,0.112067799,5.503009159,-5.39094136,Erosion,-4.977095841
FLK,UK,Upper_Keys,Offshore,2024,8147,25.22431,-80.20905,3.352799893,2259.887006,596.4093688,5,13,3,49,0,0.345543311,0.031781029,0.032848713,0.119790032,0,0,6.00077841,0.410173053,6.120568442,-5.710395389,Erosion,-5.272026394
FLK,UK,Upper_Keys,Offshore,2024,8048,25.22432,-80.20955,2.438399922,2118.644068,542.0988692,1,18,0,80,0,0.069108662,0.044004502,0,0.195575562,0,0,6.624235684,0.113113164,6.819811246,-6.706698083,Erosion,-6.191846081
SEFCRI,SEFCRI,SEFCRI,SEFCRI,2016,3212,26.74003333,-80.03408333,0.30479999,0,0,11.11111111,0,0,88.88888889,,0.622124661,0,0,0.181820291,0,0,0,0.622124661,0.181820291,0.44030437,Stasis,0.406503596
SEFCRI,SEFCRI,SEFCRI,SEFCRI,2016,3059,26.03543333,-80.10108333,7.467599761,1406.25,53.94496823,11,0,0,74,,0.903521818,0,0,0.240076105,0,0,0.31173285,0.903521818,0.551808955,0.351712863,Stasis,0.324712979
SEFCRI,SEFCRI,SEFCRI,SEFCRI,2016,3178,26.28233333,-80.06113333,24.84119921,1022.727273,57.13771953,7,8,0,26,,0.424896366,0.019252111,0,0.240651394,0.005459778,0,0.215597227,0.444148478,0.461708399,-0.017559921,Stasis,-0.016211901
SEFCRI,SEFCRI,SEFCRI,SEFCRI,2016,3165,26.31065,-80.06546667,17.98319942,944.6022727,61.55335631,4,0,0,66,,0.251215178,0,0,0.240213049,0.001211074,0,0.037536449,0.251215178,0.278960573,-0.027745395,Stasis,-0.025615469
SEFCRI,SEFCRI,SEFCRI,SEFCRI,2016,3030,25.87205,-80.11191667,6.400799795,568.1818182,8.29057278,4,0,0,73,,0.215966668,0,0,0.240011979,0.002420121,0,0.001445336,0.215966668,0.243877435,-0.027910767,Stasis,-0.025768146
SEFCRI,SEFCRI,SEFCRI,SEFCRI,2016,3202,26.56241667,-80.02566667,25.45079919,14.20454545,0.081349084,1,0,0,98,,0.057962771,0,0,0.091207682,0,0,0,0.057962771,0.091207682,-0.033244911,Stasis,-0.030692804
SEFCRI,SEFCRI,SEFCRI,SEFCRI,2016,3240,26.8628,-80.02373333,25.75559918,56.81818182,0.30573841,0,0,0,100,,0,0,0,0.045601716,0,0,0,0,0.045601716,-0.045601716,Stasis,-0.042101016
SEFCRI,SEFCRI,SEFCRI,SEFCRI,2016,3214,26.99538333,-80.06475,21.9455993,0,0,1,0,0,90,,0.058006097,0,0,0.124903806,0,0,0,0.058006097,0.124903806,-0.066897709,Stasis,-0.061762183
SEFCRI,SEFCRI,SEFCRI,SEFCRI,2016,3257,26.86488333,-80.01723333,23.01239927,1136.363636,25.68205972,2,0,1,86,,0.132562279,0,0.010783138,0.197417901,0,0,0.025510181,0.143345418,0.222928083,-0.079582665,Stasis,-0.073473355
SEFCRI,SEFCRI,SEFCRI,SEFCRI,2016,3270,27.107083,-80.1235,7.010399776,134.9431818,1.563322011,0,9,0,86,,0,0.021612974,0,0.100860547,0,0,0.002287359,0.021612974,0.103147906,-0.081534932,Stasis,-0.075275753
SEFCRI,SEFCRI,SEFCRI,SEFCRI,2016,3224,26.98758333,-80.00381667,27.43199912,0,0,0,0,0,99,,0,0,0,0.112812369,0,0,0,0,0.112812369,-0.112812369,Stasis,-0.10415212
SEFCRI,SEFCRI,SEFCRI,SEFCRI,2016,3160,26.29583333,-80.07473333,4.571999854,0,0,2,0,1,79,,0.113826512,0,0.010756251,0.24015322,0,0,0,0.124582762,0.24015322,-0.115570458,Stasis,-0.106698479
SEFCRI,SEFCRI,SEFCRI,SEFCRI,2016,3167,26.36958333,-80.05446667,15.6971995,1171.875,120.642564,5,0,2,47,,0.301648339,0,0.021499925,0.240012831,0.002420129,0,0.198430729,0.323148264,0.44086369,-0.117715426,Stasis,-0.108678785
SEFCRI,SEFCRI,SEFCRI,SEFCRI,2016,3285,26.99538333,-80.06475,13.71599956,0,0,0,1,0,92,,0,0.002401996,0,0.124903806,0,0,0,0.002401996,0.124903806,-0.12250181,Stasis,-0.113097733
SEFCRI,SEFCRI,SEFCRI,SEFCRI,2016,3229,26.91263333,-80.0323,22.0979993,880.6818182,11.13181491,0,1,0,92,,0,0.002400241,0,0.136813731,0,0,0.012393383,0.002400241,0.149207115,-0.146806874,Stasis,-0.135536975
SEFCRI,SEFCRI,SEFCRI,SEFCRI,2016,3152,26.22498333,-80.06966667,23.46959925,627.8409091,15.68343074,3,0,0,57,,0.133877048,0,0,0.240048265,0,0,0.042041107,0.133877048,0.282089372,-0.148212323,Stasis,-0.136834532
SEFCRI,SEFCRI,SEFCRI,SEFCRI,2016,3231,26.90466667,-80.0296,22.85999927,0,0,0,0,0,93,,0,0,0,0.158403846,0,0.003031919,0,0,0.161435765,-0.161435765,Stasis,-0.149042852
SEFCRI,SEFCRI,SEFCRI,SEFCRI,2016,3288,27.06621667,-80.04386667,20.11679936,0,0,0,17,0,67,,0,0.040813681,0,0.211270818,0.000605203,0,0,0.040813681,0.211876021,-0.17106234,Stasis,-0.157930425
SEFCRI,SEFCRI,SEFCRI,SEFCRI,2016,3207,26.56608333,-80.0255,24.23159923,0,0,0,0,0,97,,0,0,0,0.175315353,0,0,0,0,0.175315353,-0.175315353,Stasis,-0.161856948
SEFCRI,SEFCRI,SEFCRI,SEFCRI,2016,3083,25.83775,-80.0995,9.143999707,3959.005682,146.9403318,6,0,0,85,,0.396539076,0,0,0.240519317,0.000606309,0,0.333800778,0.396539076,0.574926404,-0.178387328,Stasis,-0.164693097
SEFCRI,SEFCRI,SEFCRI,SEFCRI,2016,3185,26.55986667,-80.0273,19.20239939,56.81818182,12.76852595,0,0,0,90,,0,0,0,0.110553638,0,0,0.069233829,0,0.179787467,-0.179787467,Stasis,-0.165985752
SEFCRI,SEFCRI,SEFCRI,SEFCRI,2016,3279,27.14025,-80.0719167,23.16479926,0,0,1,0,0,99,,0.057965594,0,0,0.240031907,0,0,0,0.057965594,0.240031907,-0.182066313,Stasis,-0.168089658
SEFCRI,SEFCRI,SEFCRI,SEFCRI,2016,3280,26.99275,-80.01536667,19.35479939,85.22727273,4.243434533,1,0,0,86,,0.057997238,0,0,0.240162943,0,0,0.001687311,0.057997238,0.241850253,-0.183853015,Stasis,-0.1697392
SEFCRI,SEFCRI,SEFCRI,SEFCRI,2016,3094,26.11138333,-80.08658333,18.44039941,511.3636364,26.60261685,0,0,0,82,,0,0,0,0.182478776,0.001815784,0,0.005623871,0,0.18991843,-0.18991843,Stasis,-0.175338993
SEFCRI,SEFCRI,SEFCRI,SEFCRI,2016,3016,26.00153333,-80.11191667,4.724399849,298.2954545,29.25899152,1,0,0,88,,0.057973949,0,0,0.240066503,0,0,0.007832993,0.057973949,0.247899496,-0.189925547,Stasis,-0.175345563
SEFCRI,SEFCRI,SEFCRI,SEFCRI,2016,3089,25.76966667,-80.08826667,17.06879945,291.1931818,8.956167909,1,0,0,92,,0.052710513,0,0,0.240066899,0.000605511,0,0.003290256,0.052710513,0.243962666,-0.191252152,Stasis,-0.176570329
SEFCRI,SEFCRI,SEFCRI,SEFCRI,2016,3286,27.090833,-80.042417,21.18359933,0,0,0,10,0,72,,0,0.024006115,0,0.216055033,0,0,0,0.024006115,0.216055033,-0.192048918,Stasis,-0.17730593
SEFCRI,SEFCRI,SEFCRI,SEFCRI,2016,3226,26.94015,-80.0101,23.31719926,284.0909091,2.227558207,0,0,0,90,,0,0,0,0.192008967,0,0.003031919,0.000281218,0,0.195322104,-0.195322104,Stasis,-0.180327844
SEFCRI,SEFCRI,SEFCRI,SEFCRI,2016,3289,27.05635,-80.03386667,20.42159935,42.61363636,7.29170433,0,13,0,66,,0,0.031235196,0,0.223451789,0,0,0.003105856,0.031235196,0.226557645,-0.195322448,Stasis,-0.180328161
SEFCRI,SEFCRI,SEFCRI,SEFCRI,2016,3222,26.96173333,-80.00253333,29.56559905,28.40909091,0.152869205,0,0,0,100,,0,0,0,0.201617733,0,0,0,0,0.201617733,-0.201617733,Stasis,-0.186140177
SEFCRI,SEFCRI,SEFCRI,SEFCRI,2016,3036,25.80918333,-80.09966667,7.772399751,99.43181818,0.554700145,0,0,2,80,,0,0,0.021502355,0.240039952,0,0,0,0.021502355,0.240039952,-0.218537597,Stasis,-0.201761157
SEFCRI,SEFCRI,SEFCRI,SEFCRI,2016,3210,26.43696667,-80.04603333,23.77439924,980.1136364,48.08499897,2,10,1,60,,0.164128359,0.02401375,0.010755547,0.240137502,0.000605347,0,0.180333178,0.198897655,0.421076027,-0.222178372,Stasis,-0.205122441
SEFCRI,SEFCRI,SEFCRI,SEFCRI,2016,3040,25.80368333,-80.0914,8.534399727,170.4545455,0.999536786,0,0,1,83,,0,0,0.010749635,0.240005508,0.000605014,0,0,0.010749635,0.240610522,-0.229860888,Stasis,-0.212215195
SEFCRI,SEFCRI,SEFCRI,SEFCRI,2016,3045,26.21538333,-80.08393333,6.857999781,2549.715909,130.2200578,10,0,0,67,,0.597143472,0,0,0.238303605,0.000606792,0,0.592270213,0.597143472,0.83118061,-0.234037139,Stasis,-0.216070848
SEFCRI,SEFCRI,SEFCRI,SEFCRI,2016,3225,26.94163333,-80.00311667,27.43199912,0,0,0,2,0,89,,0,0.004800672,0,0.240033579,0,0,0,0.004800672,0.240033579,-0.235232908,Stasis,-0.217174822
SEFCRI,SEFCRI,SEFCRI,SEFCRI,2016,3115,26.07166667,-80.09243333,14.93519952,965.9090909,56.56649079,2,5,2,74,,0.110750939,0.012013782,0.021523467,0.223456342,0,0,0.156925551,0.144288188,0.380381893,-0.236093705,Stasis,-0.217969538
SEFCRI,SEFCRI,SEFCRI,SEFCRI,2016,3266,27.11625,-80.128917,9.448799698,0,0,0,5,0,87,,0,0.012004036,0,0.240080715,0,0.009095756,0,0.012004036,0.249176471,-0.237172435,Stasis,-0.218965457
SEFCRI,SEFCRI,SEFCRI,SEFCRI,2016,3217,26.98758333,-80.01078333,26.51759915,0,0,0,1,0,95,,0,0.002401016,0,0.24010164,0,0,0,0.002401016,0.24010164,-0.237700624,Stasis,-0.219453099
SEFCRI,SEFCRI,SEFCRI,SEFCRI,2016,3265,27.125883,-80.134167,4.876799844,0,0,0,7,0,65,,0,0.016802309,0,0.24003299,0,0.015159593,0,0.016802309,0.255192582,-0.238390273,Stasis,-0.220089806
SEFCRI,SEFCRI,SEFCRI,SEFCRI,2016,3004,26.16218333,-80.09666667,4.419599859,156.25,0.881483548,0,0,0,87,,0,0,0,0.240008666,0,0,0,0,0.240008666,-0.240008666,Stasis,-0.22158396
SEFCRI,SEFCRI,SEFCRI,SEFCRI,2016,3230,26.91148333,-80.02475,23.31719926,1661.931818,13.1569165,0,0,0,75,,0,0,0,0.240009338,0,0,0.000790876,0,0.240800214,-0.240800214,Stasis,-0.222314743
SEFCRI,SEFCRI,SEFCRI,SEFCRI,2016,3250,26.74183333,-80.00923333,28.49879909,340.9090909,4.918789584,0,0,0,94,,0,0,0,0.240015107,0.001210076,0,0.000298743,0,0.241523926,-0.241523926,Stasis,-0.222982898
SEFCRI,SEFCRI,SEFCRI,SEFCRI,2016,3021,25.92596667,-80.10536667,9.601199693,596.5909091,26.2254179,0,0,0,94,,0,0,0,0.240022762,0,0,0.005698017,0,0.245720779,-0.245720779,Stasis,-0.226857572
SEFCRI,SEFCRI,SEFCRI,SEFCRI,2016,3037,25.80663333,-80.10753333,7.010399776,539.7727273,21.81633133,0,0,1,78,,0,0,0.010749515,0.240002831,0.000605007,0,0.026122471,0.010749515,0.266730309,-0.255980794,Stasis,-0.236329958
SEFCRI,SEFCRI,SEFCRI,SEFCRI,2016,3189,26.67643333,-80.01633333,23.92679924,603.6931818,29.5396896,11,0,0,65,,0.616430592,0,0,0.720599343,0,0,0.168069331,0.616430592,0.888668674,-0.272238082,Stasis,-0.251339225
SEFCRI,SEFCRI,SEFCRI,SEFCRI,2016,3189,26.67643333,-80.01633333,23.92679924,603.6931818,29.5396896,11,0,0,65,,0.616430592,0,0,0.720599343,0,0,0.168069331,0.616430592,0.888668674,-0.272238082,Stasis,-0.251339225
SEFCRI,SEFCRI,SEFCRI,SEFCRI,2016,3110,26.14783333,-80.08213333,18.44039941,795.4545455,96.57184206,0,0,0,97,,0,0,0,0.240822866,0.000607074,0,0.034245354,0,0.275675295,-0.275675295,Stasis,-0.254512574
SEFCRI,SEFCRI,SEFCRI,SEFCRI,2016,3150,25.78821667,-80.08813333,15.39239951,816.7613636,50.81957236,0,0,0,83,,0,0,0,0.240104777,0,0,0.044960402,0,0.285065179,-0.285065179,Stasis,-0.263181627
SEFCRI,SEFCRI,SEFCRI,SEFCRI,2016,3064,25.86881667,-80.10455,7.924799746,951.7045455,22.24344288,0,0,0,84,,0,0,0,0.240016101,0.001815122,0,0.049119628,0,0.290950851,-0.290950851,Stasis,-0.268615474
SEFCRI,SEFCRI,SEFCRI,SEFCRI,2016,3057,26.08965,-80.09368333,12.80159959,127.8409091,6.762430745,0,0,1,85,,0,0,0.010751006,0.230434679,0.000605091,0,0.072538139,0.010751006,0.303577909,-0.292826903,Stasis,-0.270347508
SEFCRI,SEFCRI,SEFCRI,SEFCRI,2016,3058,26.05528333,-80.0981,7.772399751,1349.431818,79.21642136,1,0,0,79,,0.058009934,0,0,0.237813358,0.00363326,0,0.131176897,0.058009934,0.372623515,-0.314613581,Stasis,-0.290461691
SEFCRI,SEFCRI,SEFCRI,SEFCRI,2016,3172,26.33358333,-80.05776667,17.52599944,696.0227273,65.36328163,3,0,1,58,,0.203000644,0,0.010768785,0.240433067,0,0,0.29829309,0.213769428,0.538726156,-0.324956728,Stasis,-0.300010828
SEFCRI,SEFCRI,SEFCRI,SEFCRI,2016,3154,26.19408333,-80.06995,27.27959913,411.9318182,18.18757651,0,0,0,45,,0,0,0,0.205073447,0,0,0.126647757,0,0.331721204,-0.331721204,Stasis,-0.306256016
SEFCRI,SEFCRI,SEFCRI,SEFCRI,2016,3072,25.99623,-80.10095,11.12519965,2997.159091,106.1770813,0,0,1,90,,0,0,0.010757981,0.240191847,0.000605484,0,0.104244338,0.010757981,0.345041668,-0.334283688,Stasis,-0.308621786
SEFCRI,SEFCRI,SEFCRI,SEFCRI,2016,3105,25.8614,-80.09255,16.91639946,834.5170455,29.9750151,1,0,0,78,,0.064608776,0,0,0.240023796,0,0,0.16677784,0.064608776,0.406801635,-0.34219286,Stasis,-0.315923796
SEFCRI,SEFCRI,SEFCRI,SEFCRI,2016,3138,26.13005,-80.08028333,17.37359944,440.3409091,38.49768838,0,0,0,65,,0,0,0,0.240939423,0.000607368,0,0.117218534,0,0.358765325,-0.358765325,Stasis,-0.331224046
SEFCRI,SEFCRI,SEFCRI,SEFCRI,2016,3067,25.83123333,-80.09333333,10.82039966,1846.619318,46.08760596,3,0,1,82,,0.193063157,0,0.010750238,0.240018981,0,0,0.341970339,0.203813395,0.581989319,-0.378175925,Stasis,-0.349144555
SEFCRI,SEFCRI,SEFCRI,SEFCRI,2016,3199,26.5862,-80.02448333,18.59279941,454.5454545,22.32196628,1,0,0,83,,0.057992702,0,0,0.206523976,0,0,0.230181321,0.057992702,0.436705297,-0.378712595,Stasis,-0.349640027
SEFCRI,SEFCRI,SEFCRI,SEFCRI,2016,3066,25.85471667,-80.09971667,8.534399727,1343.323864,43.58223418,3,0,0,79,,0.181795294,0,0,0.240657131,0,0,0.362751766,0.181795294,0.603408897,-0.421613603,Stasis,-0.38924766
SEFCRI,SEFCRI,SEFCRI,SEFCRI,2016,3144,26.05753333,-80.08658333,16.15439948,2471.590909,142.009195,1,1,1,42,,0.052850665,0.002408415,0.010787079,0.240841521,0,0,0.26490341,0.066046159,0.505744931,-0.439698772,Stasis,-0.405944488
SEFCRI,SEFCRI,SEFCRI,SEFCRI,2016,3174,26.30063333,-80.06013333,20.26919936,1732.954545,68.95387649,1,0,0,29,,0.064793007,0,0,0.24070822,0.000606785,0,0.301661305,0.064793007,0.54297631,-0.478183303,Stasis,-0.441474683
SEFCRI,SEFCRI,SEFCRI,SEFCRI,2016,3069,26.21775,-80.08175,7.162799771,1886.079545,72.14643875,0,0,0,81,,0,0,0,0.199575263,0,0,0.289902654,0,0.489477917,-0.489477917,Stasis,-0.451902245
SEFCRI,SEFCRI,SEFCRI,SEFCRI,2016,3142,26.06533333,-80.09283333,24.53639922,1505.681818,131.4493966,0,1,0,49,,0,0.002400768,0,0.240076752,0.000605193,0,0.256398047,0.002400768,0.497079992,-0.494679224,Stasis,-0.456704264
SEFCRI,SEFCRI,SEFCRI,SEFCRI,2016,3061,25.96068333,-80.1022,9.601199693,1534.090909,111.6745003,2,0,1,81,,0.117280717,0,0.01075052,0.240025268,0,0,0.394630298,0.128031237,0.634655566,-0.506624329,Erosion,-0.467732381
SEFCRI,SEFCRI,SEFCRI,SEFCRI,2016,3099,25.98675,-80.09298333,17.06879945,56.81818182,1.346281398,1,0,1,78,,0.023161315,0,0.01074972,0.556817212,0,0,0.001519935,0.033911035,0.558337147,-0.524426112,Erosion,-0.484167578
SEFCRI,SEFCRI,SEFCRI,SEFCRI,2016,3099,25.98675,-80.09298333,17.06879945,56.81818182,1.346281398,1,0,1,78,,0.023161315,0,0.01074972,0.556817212,0,0,0.001519935,0.033911035,0.558337147,-0.524426112,Erosion,-0.484167578
SEFCRI,SEFCRI,SEFCRI,SEFCRI,2016,3143,26.05881667,-80.0857,17.98319943,1420.454545,94.45818158,0,1,0,57,,0,0.002408897,0,0.236071884,0.001214485,0,0.291700718,0.002408897,0.528987088,-0.526578191,Erosion,-0.486154449
SEFCRI,SEFCRI,SEFCRI,SEFCRI,2016,3194,26.48481667,-80.0405,18.59279941,1377.840909,103.9810268,2,0,0,72,,0.153960346,0,0,0.225746269,0,0,0.45594796,0.153960346,0.681694229,-0.527733883,Erosion,-0.487221422
SEFCRI,SEFCRI,SEFCRI,SEFCRI,2016,3001,26.20328333,-80.08675,4.876799844,312.5,21.13431155,0,0,0,78,,0,0,0,0.240006254,0,0,0.293687654,0,0.533693907,-0.533693907,Erosion,-0.492723914
SEFCRI,SEFCRI,SEFCRI,SEFCRI,2016,3097,26.03021667,-80.09455,13.10639958,1583.806818,58.4710266,0,0,1,61,,0,0,0.010750251,0.232818684,0.001210097,0,0.316708868,0.010750251,0.55073765,-0.539987399,Erosion,-0.498534274
SEFCRI,SEFCRI,SEFCRI,SEFCRI,2016,3254,26.91433333,-80.0115,22.85999927,951.7045455,34.51144821,7,5,1,69,,0.354263549,0.012025491,0.010772223,0.913937341,0,0,0.010002285,0.377061263,0.923939627,-0.546878364,Erosion,-0.504896242
SEFCRI,SEFCRI,SEFCRI,SEFCRI,2016,3254,26.91433333,-80.0115,22.85999927,951.7045455,34.51144821,7,5,1,69,,0.354263549,0.012025491,0.010772223,0.913937341,0,0,0.010002285,0.377061263,0.923939627,-0.546878364,Erosion,-0.504896242
SEFCRI,SEFCRI,SEFCRI,SEFCRI,2016,3120,26.09685,-80.08391667,15.08759952,1917.613636,150.8280477,1,0,0,42,,0.06757542,0,0,0.240108089,0.006657997,0,0.370285496,0.06757542,0.617051582,-0.549476162,Erosion,-0.507294615
SEFCRI,SEFCRI,SEFCRI,SEFCRI,2016,3203,26.50883333,-80.03383333,18.28799942,1882.102273,144.0829947,4,0,1,29,,0.246383713,0,0.01077327,0.240533199,0,0,0.693104776,0.257156982,0.933637975,-0.676480993,Erosion,-0.624549687
SEFCRI,SEFCRI,SEFCRI,SEFCRI,2016,3186,26.55917,-80.0285,16.91639946,71.02272727,5.048590507,0,0,0,82,,0,0,0,0.74000447,0,0,0.001164117,0,0.741168587,-0.741168587,Erosion,-0.684271419
SEFCRI,SEFCRI,SEFCRI,SEFCRI,2016,3186,26.55917,-80.0285,16.91639946,71.02272727,5.048590507,0,0,0,82,,0,0,0,0.74000447,0,0,0.001164117,0,0.741168587,-0.741168587,Erosion,-0.684271419
SEFCRI,SEFCRI,SEFCRI,SEFCRI,2016,3085,26.23083333,-80.06935,15.5447995,1292.613636,111.6759061,4,0,0,52,,0.234418402,0,0,0.240272789,0,0,0.825024003,0.234418402,1.065296792,-0.83087839,Erosion,-0.767094484
SEFCRI,SEFCRI,SEFCRI,SEFCRI,2016,3009,26.0847,-80.0998,0.30479999,397.7272727,88.01798471,0,0,0,84,,0,0,0,0.240001915,0,0,0.608529388,0,0.848531304,-0.848531304,Erosion,-0.783392239
SEFCRI,SEFCRI,SEFCRI,SEFCRI,2016,3071,26.04476667,-80.09836667,10.97279965,1661.931818,114.5901084,0,0,0,56,,0,0,0,0.240031904,0,0,0.648648452,0,0.888680356,-0.888680356,Erosion,-0.820459176
SEFCRI,SEFCRI,SEFCRI,SEFCRI,2016,3259,26.83283333,-80.0172,21.79319931,781.25,19.61856931,1,5,0,77,,0.058156624,0.012041147,0,0.963291791,0,0,0.00594483,0.070197771,0.969236621,-0.89903885,Erosion,-0.830022481
SEFCRI,SEFCRI,SEFCRI,SEFCRI,2016,3259,26.83283333,-80.0172,21.79319931,781.25,19.61856931,1,5,0,77,,0.058156624,0.012041147,0,0.963291791,0,0,0.00594483,0.070197771,0.969236621,-0.89903885,Erosion,-0.830022481
SEFCRI,SEFCRI,SEFCRI,SEFCRI,2016,3262,26.77115,-80.01158333,23.77439924,1221.590909,70.83596069,0,0,0,74,,0,0,0,0.232223406,0,0,0.766577497,0,0.998800903,-0.998800903,Erosion,-0.922126116
SEFCRI,SEFCRI,SEFCRI,SEFCRI,2016,3206,26.40071667,-80.05091667,22.55519928,696.0227273,91.91798581,4,0,0,19,,0.251317887,0,0,0.24031126,0,0,1.02726776,0.251317887,1.267579021,-1.016261133,Erosion,-0.93824598
SEFCRI,SEFCRI,SEFCRI,SEFCRI,2016,3127,25.99411667,-80.08916667,21.03119933,1306.818182,81.5131495,2,0,0,72,,0.105433168,0,0,0.19218441,0.000605581,0,0.982747694,0.105433168,1.175537686,-1.070104518,Erosion,-0.987955978
SEFCRI,SEFCRI,SEFCRI,SEFCRI,2016,3108,26.23311667,-80.0742,16.91639946,958.8068182,38.44572619,1,0,0,61,,0.058044111,0,0,0.951813875,0.0018177,0,0.257203181,0.058044111,1.210834757,-1.152790646,Erosion,-1.064294554
SEFCRI,SEFCRI,SEFCRI,SEFCRI,2016,3108,26.23311667,-80.0742,16.91639946,958.8068182,38.44572619,1,0,0,61,,0.058044111,0,0,0.951813875,0.0018177,0,0.257203181,0.058044111,1.210834757,-1.152790646,Erosion,-1.064294554
SEFCRI,SEFCRI,SEFCRI,SEFCRI,2016,3195,26.41563333,-80.0505,19.96439937,1562.5,78.00717742,5,4,1,47,,0.287263043,0.009621172,0.010773095,0.962117244,0.00424434,0,0.561179233,0.307657311,1.527540817,-1.219883507,Erosion,-1.126236908
SEFCRI,SEFCRI,SEFCRI,SEFCRI,2016,3195,26.41563333,-80.0505,19.96439937,1562.5,78.00717742,5,4,1,47,,0.287263043,0.009621172,0.010773095,0.962117244,0.00424434,0,0.561179233,0.307657311,1.527540817,-1.219883507,Erosion,-1.126236908
SEFCRI,SEFCRI,SEFCRI,SEFCRI,2016,3119,26.17466667,-80.07573333,16.30679948,1193.181818,63.18484652,1,0,0,63,,0.067555619,0,0,0.960150918,0.00121019,0,0.329085401,0.067555619,1.290446509,-1.22289089,Erosion,-1.129013424
SEFCRI,SEFCRI,SEFCRI,SEFCRI,2016,3119,26.17466667,-80.07573333,16.30679948,1193.181818,63.18484652,1,0,0,63,,0.067555619,0,0,0.960150918,0.00121019,0,0.329085401,0.067555619,1.290446509,-1.22289089,Erosion,-1.129013424
SEFCRI,SEFCRI,SEFCRI,SEFCRI,2016,3124,26.02235,-80.08726667,14.93519952,2301.136364,182.757528,3,0,1,48,,0.169135447,0,0.010756565,0.24016024,0,0,1.240196829,0.179892011,1.480357069,-1.300465057,Erosion,-1.200632467
SEFCRI,SEFCRI,SEFCRI,SEFCRI,2016,3078,25.92745,-80.09991667,11.58239963,2535.539773,194.7438616,2,0,0,80,,0.122599879,0,0,0.240077583,0,0,1.222080865,0.122599879,1.462158448,-1.339558569,Erosion,-1.236724894
SEFCRI,SEFCRI,SEFCRI,SEFCRI,2016,3095,26.0635,-80.09391667,0.30479999,2301.136364,237.655685,4,0,0,81,,0.23880094,0,0,0.223213388,0,0,1.507321886,0.23880094,1.730535274,-1.491734334,Erosion,-1.377218607
SEFCRI,SEFCRI,SEFCRI,SEFCRI,2016,3261,26.76881667,-80.01273333,25.29839919,426.1363636,112.5695441,0,0,1,92,,0,0,0.010752681,0.240073532,0,0,1.291757555,0.010752681,1.531831087,-1.521078405,Erosion,-1.404310026
SEFCRI,SEFCRI,SEFCRI,SEFCRI,2016,3175,26.37746667,-80.05298333,23.01239927,1107.954545,99.89740411,1,0,0,84,,0.007118068,0,0,0.218409446,0,0,1.369920271,0.007118068,1.588329717,-1.581211649,Erosion,-1.459827031
SEFCRI,SEFCRI,SEFCRI,SEFCRI,2016,3125,26.01696667,-80.08816667,16.15439948,1661.931818,162.3201843,0,0,1,54,,0,0,0.010753049,0.24008174,0.00302603,0,1.473046262,0.010753049,1.716154033,-1.705400984,Erosion,-1.574482744
SEFCRI,SEFCRI,SEFCRI,SEFCRI,2016,3162,26.3288,-80.0662,12.4967996,1782.698864,268.8542891,1,2,0,67,,0.057997342,0.004803267,0,0.208942134,0.001210824,0,2.163785212,0.06280061,2.37393817,-2.31113756,Erosion,-2.133718839
SEFCRI,SEFCRI,SEFCRI,SEFCRI,2016,3139,26.09796667,-80.08296667,18.44039941,2109.375,301.5548065,0,0,0,84,,0,0,0,0.962994289,0.003034435,0,1.68625743,0,2.652286153,-2.652286153,Erosion,-2.448678533
SEFCRI,SEFCRI,SEFCRI,SEFCRI,2016,3139,26.09796667,-80.08296667,18.44039941,2109.375,301.5548065,0,0,0,84,,0,0,0,0.962994289,0.003034435,0,1.68625743,0,2.652286153,-2.652286153,Erosion,-2.448678533
SEFCRI,SEFCRI,SEFCRI,SEFCRI,2016,3117,26.03328333,-80.09428333,13.25879958,2173.295455,358.7965062,0,0,1,81,,0,0,0.010750341,0.960085138,0,0,1.916122159,0.010750341,2.876207297,-2.865456956,Erosion,-2.645484888
SEFCRI,SEFCRI,SEFCRI,SEFCRI,2016,3117,26.03328333,-80.09428333,13.25879958,2173.295455,358.7965062,0,0,1,81,,0,0,0.010750341,0.960085138,0,0,1.916122159,0.010750341,2.876207297,-2.865456956,Erosion,-2.645484888
SEFCRI,SEFCRI,SEFCRI,SEFCRI,2016,3140,26.09626667,-80.08293333,17.98319943,2194.602273,286.9772277,1,0,0,77,,0.058044527,0,0,0.240358764,0.004241331,0,2.854822319,0.058044527,3.099422413,-3.041377886,Erosion,-2.807900924
SEFCRI,SEFCRI,SEFCRI,SEFCRI,2016,3091,26.19516667,-80.0795,13.41119957,6193.181818,846.6004919,6,0,1,85,,0.380667774,0,0.010750381,0.240022168,0.001210112,0,8.689667549,0.391418155,8.930899828,-8.539481673,Erosion,-7.883932671
SEFCRI,SEFCRI,SEFCRI,SEFCRI,2018,3231,25.9273,-80.0877333,21.9455993,525.5681818,4.908227136,3,1,1,61,,0.211343229,0.002407572,0.010783301,0.214273875,0,0,0.002462384,0.224534101,0.216736259,0.007797842,Stasis,0.007199226
SEFCRI,SEFCRI,SEFCRI,SEFCRI,2018,3219,26.69196,-80.01848,16.15439948,468.75,17.22345385,3,4,2,65,,0.188983842,0.009606174,0.021512603,0.230548187,0.001816167,0,0.009150678,0.22010262,0.241515032,-0.021412412,Stasis,-0.019768649
SEFCRI,SEFCRI,SEFCRI,SEFCRI,2018,3046,26.77813,-80.01407,22.55519928,213.0681818,1.019890558,1,0,0,48,,0.052802919,0,0,0.074593423,0,0,0,0.052802919,0.074593423,-0.021790503,Stasis,-0.020117715
SEFCRI,SEFCRI,SEFCRI,SEFCRI,2018,3050,26.81686,-80.00383,26.66999915,0,0,0,3,2,87,,0,0.007208342,0.021523684,0.086500101,0,0,0,0.028732026,0.086500101,-0.057768075,Stasis,-0.053333403
SEFCRI,SEFCRI,SEFCRI,SEFCRI,2018,3077,25.87379,-80.100493,9.448799698,568.1818182,17.17472951,3,0,0,89,,0.175240638,0,0,0.235219299,0,0,0.012616695,0.175240638,0.247835995,-0.072595357,Stasis,-0.067022441
SEFCRI,SEFCRI,SEFCRI,SEFCRI,2018,3033,26.92659,-80.03072,24.07919923,923.2954545,12.64516519,0,0,0,81,,0,0,0,0.004800142,0,0,0.068580015,0,0.073380157,-0.073380157,Stasis,-0.067746994
SEFCRI,SEFCRI,SEFCRI,SEFCRI,2018,3285,26.72299,-80.01913,18.28799942,142.0454545,0.679927038,2,0,0,71,,0.120234706,0,0,0.194438337,0,0,0,0.120234706,0.194438337,-0.07420363,Stasis,-0.068507252
SEFCRI,SEFCRI,SEFCRI,SEFCRI,2018,3018,26.90501,-80.01283,24.38399922,142.0454545,0.769260508,2,0,0,97,,0.105399266,0,0,0.182516482,0,0,0,0.105399266,0.182516482,-0.077117216,Stasis,-0.071197171
SEFCRI,SEFCRI,SEFCRI,SEFCRI,2018,3024,26.82249,-80.01122,26.06039917,255.6818182,1.28296196,0,0,0,95,,0,0,0,0.086403862,0,0,0,0,0.086403862,-0.086403862,Stasis,-0.079770911
SEFCRI,SEFCRI,SEFCRI,SEFCRI,2018,3262,26.82563,-80.01651,25.60319918,0,0,0,0,0,94,,0,0,0,0.08880099,0,0,0,0,0.08880099,-0.08880099,Stasis,-0.081984019
SEFCRI,SEFCRI,SEFCRI,SEFCRI,2018,3049,26.83346,-80.01705,22.40279929,1093.75,21.48966302,1,0,0,81,,0.067578958,0,0,0.153677221,0,0,0.002918005,0.067578958,0.156595226,-0.089016269,Stasis,-0.082182772
SEFCRI,SEFCRI,SEFCRI,SEFCRI,2018,3009,26.84385,-79.99744,31.24199901,99.43181818,0.535042218,0,0,0,96.77419355,,0,0,0,0.108396357,0,0,0,0,0.108396357,-0.108396357,Stasis,-0.100075111
SEFCRI,SEFCRI,SEFCRI,SEFCRI,2018,3043,26.90096,-80.01666,21.33599932,1164.772727,28.06950791,5,0,0,82,,0.313247027,0,0,0.196878348,0,0,0.230361174,0.313247027,0.427239522,-0.113992495,Stasis,-0.105241652
SEFCRI,SEFCRI,SEFCRI,SEFCRI,2018,3008,26.85591,-80.00946,22.55519928,497.1590909,22.40354643,0,1,0,90,,0,0.002400553,0,0.117627081,0,0,0.00285093,0.002400553,0.120478011,-0.118077458,Stasis,-0.109013025
SEFCRI,SEFCRI,SEFCRI,SEFCRI,2018,3210,26.0042333,-80.0895833,17.83079943,411.9318182,31.75100798,0,0,0,97,,0,0,0,0.050400801,0.00060501,0,0.071196804,0,0.122202614,-0.122202614,Stasis,-0.112821506
SEFCRI,SEFCRI,SEFCRI,SEFCRI,2018,3042,26.88547,-80.01877,24.23159923,397.7272727,5.176146572,0,0,0,83,,0,0,0,0.122414943,0,0,0.006412323,0,0.128827265,-0.128827265,Stasis,-0.118937603
SEFCRI,SEFCRI,SEFCRI,SEFCRI,2018,3025,26.9116,-80.00083,29.26079906,170.4545455,0.993397667,0,0,0,97,,0,0,0,0.129623536,0,0,0,0,0.129623536,-0.129623536,Stasis,-0.119672747
SEFCRI,SEFCRI,SEFCRI,SEFCRI,2018,3053,25.842734,-80.104184,6.400799795,667.6136364,10.88611983,2,1,0,70,,0.11389837,0.002403048,0,0.23790178,0,0,0.010457422,0.116301418,0.248359202,-0.132057784,Stasis,-0.121920126
SEFCRI,SEFCRI,SEFCRI,SEFCRI,2018,3263,25.9626167,-80.0889167,19.96439937,383.5227273,33.36991958,1,0,0,45,,0.083965667,0,0,0.218450647,0,0,0.005035733,0.083965667,0.22348638,-0.139520713,Stasis,-0.128810149
SEFCRI,SEFCRI,SEFCRI,SEFCRI,2018,3006,26.93368,-80.01308,23.31719926,127.8409091,11.54297044,1,1,1,80,,0.052672796,0.00240031,0.010750775,0.204026326,0.001210156,0,0.00208626,0.065823881,0.207322742,-0.14149886,Stasis,-0.13063644
SEFCRI,SEFCRI,SEFCRI,SEFCRI,2018,3545,26.74408,-80.013,26.82239914,28.40909091,0.718312023,1,4,0,75,,0.083952901,0.009600766,0,0.235218774,0,0,0,0.093553667,0.235218774,-0.141665107,Stasis,-0.130789925
SEFCRI,SEFCRI,SEFCRI,SEFCRI,2018,3136,25.888696,-80.107344,8.077199742,369.3181818,8.879666966,1,2,0,69,,0.057960452,0.004800212,0,0.213609447,0,0,0.002709072,0.062760665,0.216318519,-0.153557854,Stasis,-0.141769703
SEFCRI,SEFCRI,SEFCRI,SEFCRI,2018,3242,25.9605833,-80.0887667,17.52599944,852.2727273,8.883139773,1,2,1,38,,0.06487397,0.00482018,0.01079458,0.233778731,0.000607544,0,0.002501628,0.08048873,0.236887902,-0.156399172,Stasis,-0.144392902
SEFCRI,SEFCRI,SEFCRI,SEFCRI,2018,3269,26.64289,-80.01884,23.92679924,71.02272727,17.36856834,0,0,2,53,,0,0,0.021510942,0.163292356,0,0,0.023477978,0.021510942,0.186770334,-0.165259392,Stasis,-0.152572951
SEFCRI,SEFCRI,SEFCRI,SEFCRI,2018,3272,25.771581,-80.08817,16.45919947,184.6590909,5.828080517,1,0,0,63,,0.067579034,0,0,0.232917301,0,0,0.001898224,0.067579034,0.234815526,-0.167236492,Stasis,-0.154398275
SEFCRI,SEFCRI,SEFCRI,SEFCRI,2018,3246,26.33585,-80.0586833,19.35479939,1022.727273,25.67627322,1,1,0,62,,0.064611371,0.002400334,0,0.218430429,0.000605084,0,0.015825658,0.067011706,0.234861171,-0.167849465,Stasis,-0.154964192
SEFCRI,SEFCRI,SEFCRI,SEFCRI,2018,3117,25.7993833,-80.09264,14.17319955,1136.363636,27.52561477,2,1,0,60,,0.122395961,0.00240063,0,0.218457374,0,0,0.076321958,0.124796592,0.294779332,-0.16998274,Stasis,-0.156933703
SEFCRI,SEFCRI,SEFCRI,SEFCRI,2018,3240,26.00312,-80.08755,19.96439937,866.4772727,11.30042205,1,0,0,59,,0.052903229,0,0,0.224205385,0.000607725,0,0.002882489,0.052903229,0.227695599,-0.174792369,Stasis,-0.161374112
SEFCRI,SEFCRI,SEFCRI,SEFCRI,2018,3002,26.94493,-80.01036,23.16479926,0,0,1,0,0,89,,0.057972671,0,0,0.235259986,0,0,0,0.057972671,0.235259986,-0.177287315,Stasis,-0.163677529
SEFCRI,SEFCRI,SEFCRI,SEFCRI,2018,3097,25.82206,-80.091247,13.86839956,170.4545455,133.3215392,0,1,2,76,,0,0.002401394,0.021511259,0.204118448,0.000605351,0,0.00060168,0.023912652,0.20532548,-0.181412828,Stasis,-0.167486339
SEFCRI,SEFCRI,SEFCRI,SEFCRI,2018,3248,26.58626,-80.02315,27.12719913,0,0,0,0,0,90,,0,0,0,0.182703658,0,0,0,0,0.182703658,-0.182703658,Stasis,-0.168678076
SEFCRI,SEFCRI,SEFCRI,SEFCRI,2018,3278,25.7704333,-80.0876333,18.44039941,284.0909091,1.573556166,0,0,0,65,,0,0,0,0.184867536,0,0,0,0,0.184867536,-0.184867536,Stasis,-0.17067584
SEFCRI,SEFCRI,SEFCRI,SEFCRI,2018,3903,26.2100667,-80.0788333,13.41119957,56.81818182,0.310652892,0,2,0,83,,0,0.004800056,0,0.199202342,0.000605007,0,0,0.004800056,0.199807349,-0.195007292,Stasis,-0.180037199
SEFCRI,SEFCRI,SEFCRI,SEFCRI,2018,3048,26.7496,-80.01584,23.92679924,42.61363636,3.643941293,1,0,1,73,,0.007118143,0,0.010749966,0.220811877,0,0,0.00060168,0.017868109,0.221413557,-0.203545448,Stasis,-0.187919908
SEFCRI,SEFCRI,SEFCRI,SEFCRI,2018,3241,26.2376667,-80.0658333,24.53639922,724.4318182,33.15532921,1,0,0,64,,0.064736725,0,0,0.223664191,0.000606258,0,0.045610303,0.064736725,0.269880752,-0.205144027,Stasis,-0.189395769
SEFCRI,SEFCRI,SEFCRI,SEFCRI,2018,3162,26.70444,-80.02967,4.114799868,85.22727273,18.20516027,0,0,0,99,,0,0,0,0.204024319,0,0,0.001529341,0,0.20555366,-0.20555366,Stasis,-0.189773956
SEFCRI,SEFCRI,SEFCRI,SEFCRI,2018,3243,25.809138,-80.08841,22.0979993,397.7272727,9.937196668,0,1,0,46,,0,0.002400097,0,0.211208569,0,0,0.001462861,0.002400097,0.212671429,-0.210271332,Stasis,-0.194129467
SEFCRI,SEFCRI,SEFCRI,SEFCRI,2018,3039,26.93588,-80.01426,22.40279929,553.9772727,8.389951839,0,1,0,95,,0,0.002400406,0,0.211235701,0,0,0.010255943,0.002400406,0.221491643,-0.219091237,Stasis,-0.202272296
SEFCRI,SEFCRI,SEFCRI,SEFCRI,2018,3047,26.8398,-80.01633,24.07919923,568.1818182,86.54821929,3,1,0,75,,0.139403038,0.002402377,0,0.206604388,0,0,0.154654511,0.141805415,0.361258899,-0.219453484,Stasis,-0.202606734
SEFCRI,SEFCRI,SEFCRI,SEFCRI,2018,3166,26.7579,-80.03529,2.895599907,28.40909091,0.157926522,0,0,0,100,,0,0,0,0.220822791,0,0,0,0,0.220822791,-0.220822791,Stasis,-0.203870924
SEFCRI,SEFCRI,SEFCRI,SEFCRI,2018,3063,25.852599,-80.099801,9.296399703,1903.409091,39.13109184,1,0,2,73,,0.067583103,0,0.021510904,0.232931325,0,0,0.078641316,0.089094007,0.311572641,-0.222478635,Stasis,-0.205399654
SEFCRI,SEFCRI,SEFCRI,SEFCRI,2018,3179,26.0435667,-80.1061333,5.181599834,1150.568182,16.05806246,0,2,0,96,,0,0.004806009,0,0.216270424,0,0,0.012622917,0.004806009,0.228893341,-0.224087331,Stasis,-0.206884855
SEFCRI,SEFCRI,SEFCRI,SEFCRI,2018,3252,26.5254167,-80.0316333,21.33599932,28.40909091,41.04028001,0,0,0,77,,0,0,0,0.240228026,0,0,0,0,0.240228026,-0.240228026,Stasis,-0.22178648
SEFCRI,SEFCRI,SEFCRI,SEFCRI,2018,3180,26.1717833,-80.0886667,3.657599883,752.8409091,12.02989865,0,0,0,89,,0,0,0,0.241204841,0,0,0.001230228,0,0.242435069,-0.242435069,Stasis,-0.223824095
SEFCRI,SEFCRI,SEFCRI,SEFCRI,2018,3250,26.5291667,-80.0297833,26.21279916,213.0681818,24.70838542,2,0,0,42,,0.132831128,0,0,0.212292791,0,0,0.164109394,0.132831128,0.376402185,-0.243571058,Stasis,-0.224872878
SEFCRI,SEFCRI,SEFCRI,SEFCRI,2018,3202,26.0105667,-80.0885667,17.83079943,369.3181818,23.89324382,2,0,0,74,,0.020381883,0,0,0.199228793,0,0,0.070934833,0.020381883,0.270163626,-0.249781743,Stasis,-0.230606789
SEFCRI,SEFCRI,SEFCRI,SEFCRI,2018,3155,26.1650167,-80.0934667,5.181599834,1136.363636,40.22897667,0,1,0,70,,0,0.002401026,0,0.228097476,0,0.006063837,0.021730708,0.002401026,0.255892021,-0.253490995,Stasis,-0.234031293
SEFCRI,SEFCRI,SEFCRI,SEFCRI,2018,3258,26.3045333,-80.0593667,22.25039929,426.1363636,36.39572216,3,2,1,67,,0.190301647,0.004804959,0.010760493,0.228235534,0.000605625,0,0.254969591,0.205867098,0.483810751,-0.277943652,Stasis,-0.256606797
SEFCRI,SEFCRI,SEFCRI,SEFCRI,2018,3110,25.871592,-80.092463,18.44039941,639.2045455,13.85870243,2,1,0,48,,0.076953472,0.002404453,0,0.22361411,0,0,0.140714061,0.079357925,0.364328171,-0.284970246,Stasis,-0.263093981
SEFCRI,SEFCRI,SEFCRI,SEFCRI,2018,3109,25.876977,-80.092436,18.8975994,1136.363636,29.17531375,0,0,0,47,,0,0,0,0.211898677,0,0,0.0763769,0,0.288275578,-0.288275578,Stasis,-0.266145574
SEFCRI,SEFCRI,SEFCRI,SEFCRI,2018,3103,26.31625,-80.06525,16.76399946,639.2045455,21.40059999,1,1,1,52,,0.067595509,0.002401795,0.010757426,0.223366905,0,0,0.181501596,0.08075473,0.404868501,-0.324113771,Stasis,-0.299232582
SEFCRI,SEFCRI,SEFCRI,SEFCRI,2018,3222,26.68975,-80.01574,26.06039917,383.5227273,23.36567539,0,0,0,88,,0,0,0,0.14884505,0,0,0.185104266,0,0.333949316,-0.333949316,Stasis,-0.308313083
SEFCRI,SEFCRI,SEFCRI,SEFCRI,2018,3096,26.2103,-80.0783333,12.80159959,383.5227273,8.942158066,0,0,0,56,,0,0,0,0.225631323,0.001210168,0,0.134831795,0,0.361673286,-0.361673286,Stasis,-0.333908772
SEFCRI,SEFCRI,SEFCRI,SEFCRI,2018,3062,25.97675,-80.0999667,10.05839968,2627.840909,108.5179077,4,2,1,65,,0.260619551,0.004800491,0.010750488,0.23762431,0,0,0.402566963,0.27617053,0.640191273,-0.364020743,Stasis,-0.336076022
SEFCRI,SEFCRI,SEFCRI,SEFCRI,2018,3085,25.9054,-80.09075,19.81199937,568.1818182,35.50263229,0,3,0,76,,0,0.007200228,0,0.225607134,0.000605019,0,0.167910796,0.007200228,0.394122949,-0.386922721,Stasis,-0.357219887
SEFCRI,SEFCRI,SEFCRI,SEFCRI,2018,3001,26.89381,-80.00212,25.29839919,553.9772727,226.7963679,1,0,0,79,,0.02092344,0,0,0.223295603,0,0,0.185998906,0.02092344,0.409294509,-0.388371068,Stasis,-0.358557049
SEFCRI,SEFCRI,SEFCRI,SEFCRI,2018,3161,26.3145,-80.0741667,2.133599932,14.20454545,9.634134021,0,0,0,100,,0,0,0,0.228018438,0,0,0.160617042,0,0.388635481,-0.388635481,Stasis,-0.358801164
SEFCRI,SEFCRI,SEFCRI,SEFCRI,2018,3122,26.2636667,-80.0705,18.7451994,767.0454545,19.02081782,0,10,0,73,,0,0.024153025,0,0.222207827,0.001217715,0,0.205297562,0.024153025,0.428723105,-0.40457008,Stasis,-0.373512514
SEFCRI,SEFCRI,SEFCRI,SEFCRI,2018,3254,26.5244,-80.0326833,14.17319955,724.4318182,86.57210173,3,1,0,71,,0.143373347,0.002400352,0,0.23283418,0,0,0.350784772,0.1457737,0.583618953,-0.437845253,Stasis,-0.404233258
SEFCRI,SEFCRI,SEFCRI,SEFCRI,2018,3079,26.0906167,-80.09555,9.753599689,113.6363636,21.23762102,1,1,0,86,,0.058037529,0.002403298,0,0.228313296,0.000605831,0,0.301353877,0.060440827,0.530273004,-0.469832177,Stasis,-0.433764647
SEFCRI,SEFCRI,SEFCRI,SEFCRI,2018,3230,26.12655,-80.0805,18.59279941,426.1363636,29.86595307,1,0,0,33,,0.064905151,0,0,0.236302343,0,0,0.432249161,0.064905151,0.668551503,-0.603646352,Erosion,-0.557306331
SEFCRI,SEFCRI,SEFCRI,SEFCRI,2018,3067,25.9570667,-80.0999333,10.05839968,1477.272727,55.32275708,0,2,0,73,,0,0.004801919,0,0.230492098,0,0,0.40681741,0.004801919,0.637309508,-0.632507589,Erosion,-0.583951982
SEFCRI,SEFCRI,SEFCRI,SEFCRI,2018,3268,26.2696,-80.0617667,25.45079919,752.8409091,53.37144086,2,3,0,51,,0.123039081,0.007228129,0,0.233709508,0.000607364,0,0.535493834,0.13026721,0.769810705,-0.639543495,Erosion,-0.590447763
SEFCRI,SEFCRI,SEFCRI,SEFCRI,2018,3266,26.1414333,-80.0773667,23.92679924,852.2727273,89.29993958,4,4,1,47,,0.274543118,0.009617223,0.010768673,0.226004735,0,0,0.739985806,0.294929014,0.965990541,-0.671061528,Erosion,-0.619546257
SEFCRI,SEFCRI,SEFCRI,SEFCRI,2018,3245,26.2818667,-80.0620667,16.15439948,1036.931818,136.6924297,1,0,1,66,,0.064726182,0,0.010769989,0.240459965,0,0,0.51026662,0.075496172,0.750726585,-0.675230414,Erosion,-0.623395111
SEFCRI,SEFCRI,SEFCRI,SEFCRI,2018,3213,26.3774833,-80.0539167,19.65959938,440.3409091,35.20710278,1,0,1,52,,0.007124875,0,0.010760133,0.240239902,0,0,0.458349591,0.017885008,0.698589492,-0.680704485,Erosion,-0.628448954
SEFCRI,SEFCRI,SEFCRI,SEFCRI,2018,3247,26.29145,-80.0618333,14.93519952,1562.5,83.11438956,0,0,2,46,,0,0,0.021533283,0.240385211,0,0,0.559070934,0.021533283,0.799456145,-0.777922862,Erosion,-0.718204184
SEFCRI,SEFCRI,SEFCRI,SEFCRI,2018,3253,26.49137,-80.03738,21.48839932,1633.522727,140.5020948,1,6,1,59,,0.068370974,0.01457609,0.010880837,0.242934839,0.001224796,0,0.757589148,0.093827901,1.001748783,-0.907920883,Erosion,-0.838222668
SEFCRI,SEFCRI,SEFCRI,SEFCRI,2018,3066,26.0106667,-80.1010833,9.143999708,1889.204545,135.7308593,1,0,1,66,,0.067902453,0,0.010806275,0.231619294,0,0,0.84330254,0.078708728,1.074921834,-0.996213106,Erosion,-0.919736976
SEFCRI,SEFCRI,SEFCRI,SEFCRI,2018,3059,25.9539333,-80.10025,9.143999708,3281.25,171.7469725,3,1,0,76,,0.189734195,0.002400582,0,0.232856461,0,0,1.347090855,0.192134777,1.579947317,-1.38781254,Erosion,-1.28127456
SEFCRI,SEFCRI,SEFCRI,SEFCRI,2022,3136,26.06536,-80.10109,7.010399776,508.4745763,25.09871492,6,0,0,84,0,0.378132316,0,0,0.201829541,0,0,0.011799009,0.378132316,0.21362855,0.164503766,Stasis,0.151875332
SEFCRI,SEFCRI,SEFCRI,SEFCRI,2022,3192,25.8154,-80.09023,14.63039953,1779.661017,56.19460955,4,0,0,79,0,0.27505393,0,0,0.189815878,0,0,0.037798548,0.27505393,0.227614426,0.047439505,Stasis,0.043797724
SEFCRI,SEFCRI,SEFCRI,SEFCRI,2022,3131,25.78726,-80.10712,8.381999732,706.2146893,52.78371129,4,1,0,88,0,0.227461509,0.002402733,0,0.211440471,0,0,0.00782447,0.229864241,0.219264941,0.0105993,Stasis,0.009785625
SEFCRI,SEFCRI,SEFCRI,SEFCRI,2022,3063,26.02731,-80.09976,6.55319979,734.4632768,19.37155116,4,1,0,67,0,0.238289033,0.002402733,0,0.160983086,0,0.037357641,0.082960228,0.240691766,0.281300955,-0.040609189,Stasis,-0.03749175
SEFCRI,SEFCRI,SEFCRI,SEFCRI,2022,3239,26.27132,-80.06297,19.50719938,282.4858757,28.4433369,4,0,1,55,3,0.248172813,0,0.010761627,0.132150295,0.181706655,0,0.01053439,0.25893444,0.32439134,-0.0654569,Stasis,-0.060431981
SEFCRI,SEFCRI,SEFCRI,SEFCRI,2022,3275,26.12355,-80.07977,23.16479926,564.9717514,25.94041508,3,1,0,93,0,0.166694143,0.002402733,0,0.223454134,0,0,0.01348493,0.169096875,0.236939064,-0.067842189,Stasis,-0.062634159
SEFCRI,SEFCRI,SEFCRI,SEFCRI,2022,3127,26.01937,-80.10492,7.315199766,1723.163842,23.92289323,3,0,1,86,0,0.186135758,0,0.010761627,0.206635006,0,0,0.058781998,0.196897385,0.265417004,-0.068519619,Stasis,-0.063259585
SEFCRI,SEFCRI,SEFCRI,SEFCRI,2022,3281,26.61788,-80.02062,25.60319918,0,0,1,0,0,61,0,0.052725965,0,0,0.14656669,0,0,0,0.052725965,0.14656669,-0.093840725,Stasis,-0.086636869
SEFCRI,SEFCRI,SEFCRI,SEFCRI,2022,3140,25.78676,-80.10266,8.381999732,508.4745763,47.08545129,2,3,1,89,0,0.091282623,0.007208198,0.010761627,0.213843204,0,0,0.00972094,0.109252448,0.223564144,-0.114311696,Stasis,-0.105536349
SEFCRI,SEFCRI,SEFCRI,SEFCRI,2022,3085,26.2212,-80.07683,13.71599956,197.740113,2.26846791,1,0,0,78,0,0.067922448,0,0,0.187413145,0,0,0.003363247,0.067922448,0.190776392,-0.122853944,Stasis,-0.113422835
SEFCRI,SEFCRI,SEFCRI,SEFCRI,2022,3271,25.84458,-80.0865,22.70759928,1384.180791,25.7618434,1,8,0,65,0,0.052725965,0.019221861,0,0.156177621,0,0,0.05036342,0.071947826,0.206541041,-0.134593215,Stasis,-0.12426092
SEFCRI,SEFCRI,SEFCRI,SEFCRI,2022,3134,25.79527,-80.09959,10.21079968,225.9887006,12.38617362,1,2,0,79,0,0.047783834,0.004805465,0,0.189815878,0,0,0.004989046,0.052589299,0.194804924,-0.142215624,Stasis,-0.13129818
SEFCRI,SEFCRI,SEFCRI,SEFCRI,2022,3175,25.93717,-80.11099,5.486399824,2796.610169,87.33345027,2,0,0,73,0,0.12350142,0,0,0.175399482,0,0,0.103857673,0.12350142,0.279257155,-0.155755735,Stasis,-0.14379886
SEFCRI,SEFCRI,SEFCRI,SEFCRI,2022,3229,25.87421,-80.08852,18.59279941,197.740113,5.497352255,1,2,0,90,1,0.117054756,0.004805465,0,0.216245937,0.060568885,0,0.003096518,0.121860221,0.27991134,-0.158051119,Stasis,-0.145918034
SEFCRI,SEFCRI,SEFCRI,SEFCRI,2022,3257,25.93977,-80.08766,26.82239914,1949.152542,28.62549788,1,0,0,79,0,0.055578971,0,0,0.189815878,0,0,0.034490601,0.055578971,0.224306479,-0.168727507,Stasis,-0.15577483
SEFCRI,SEFCRI,SEFCRI,SEFCRI,2022,3214,26.55078,-80.02741,24.68879921,0,0,2,0,0,98,0,0.061211445,0,0,0.235467798,0,0,0,0.061211445,0.235467798,-0.174256352,Stasis,-0.160879243
SEFCRI,SEFCRI,SEFCRI,SEFCRI,2022,3150,25.91334,-80.10215,10.05839968,1525.423729,88.7254103,4,0,0,77,0,0.412009319,0,0,0.185010412,0,0,0.40222219,0.412009319,0.587232602,-0.175223283,Stasis,-0.161771946
SEFCRI,SEFCRI,SEFCRI,SEFCRI,2022,3149,25.89924,-80.10575,7.924799746,1016.949153,16.68514392,0,0,2,57,0,0,0,0.021523254,0.13695576,0,0,0.060168806,0.021523254,0.197124566,-0.175601311,Stasis,-0.162120954
SEFCRI,SEFCRI,SEFCRI,SEFCRI,2022,3269,25.78499,-80.08603,23.01239927,367.2316384,13.07526174,0,1,1,76,0,0,0.002402733,0.010761627,0.18260768,0,0,0.006268384,0.01316436,0.188876064,-0.175711704,Stasis,-0.162222872
SEFCRI,SEFCRI,SEFCRI,SEFCRI,2022,3191,25.86371,-80.08844,15.84959949,734.4632768,43.70249986,0,2,0,52,0,0,0.004805465,0,0.124942097,0,0,0.058088335,0.004805465,0.183030432,-0.178224966,Stasis,-0.164543199
SEFCRI,SEFCRI,SEFCRI,SEFCRI,2022,3118,25.86034,-80.09256,18.28799942,395.480226,13.34016498,0,2,1,52,0,0,0.004805465,0.010761627,0.124942097,0,0,0.072746919,0.015567092,0.197689016,-0.182121923,Stasis,-0.168140999
SEFCRI,SEFCRI,SEFCRI,SEFCRI,2022,3088,26.218,-80.07718,13.10639958,1525.423729,53.73466734,1,0,0,90,0,0.055578971,0,0,0.216245937,0,0,0.023293258,0.055578971,0.239539195,-0.183960223,Stasis,-0.169838178
SEFCRI,SEFCRI,SEFCRI,SEFCRI,2022,3203,26.35002,-80.05492,22.25039929,395.480226,4.446538458,0,0,0,76,0,0,0,0,0.18260768,0,0,0.002250189,0,0.184857869,-0.184857869,Stasis,-0.170666915
SEFCRI,SEFCRI,SEFCRI,SEFCRI,2022,3147,26.19947,-80.08411,9.753599688,0,0,2,0,0,91,0,0.108304937,0,0,0.218648669,0,0.074715282,0,0.108304937,0.293363951,-0.185059014,Stasis,-0.170852619
SEFCRI,SEFCRI,SEFCRI,SEFCRI,2022,3144,26.22167,-80.0862,4.571999854,0,0,2,0,0,92,1,0.095567668,0,0,0.221051402,0.060568885,0,0,0.095567668,0.281620287,-0.186052618,Stasis,-0.171769947
SEFCRI,SEFCRI,SEFCRI,SEFCRI,2022,3066,25.88817,-80.10082,10.21079968,1101.694915,26.46526832,5,0,1,88,0,0.247347203,0,0.010761627,0.211440471,0,0.037357641,0.200174002,0.258108831,0.448972114,-0.190863284,Stasis,-0.176211313
SEFCRI,SEFCRI,SEFCRI,SEFCRI,2022,3249,26.44772,-80.04525,22.85999927,1214.689266,33.16157221,0,0,0,61,0,0,0,0,0.14656669,0,0,0.047230795,0,0.193797485,-0.193797485,Stasis,-0.178920265
SEFCRI,SEFCRI,SEFCRI,SEFCRI,2022,3145,26.03351,-80.10951,7.619999756,0,0,1,0,0,84,0,0.005632474,0,0,0.201829541,0,0,0,0.005632474,0.201829541,-0.196197067,Stasis,-0.181135639
SEFCRI,SEFCRI,SEFCRI,SEFCRI,2022,3211,26.62956,-80.01971,27.12719913,0,0,0,0,0,84,0,0,0,0,0.201829541,0,0,0,0,0.201829541,-0.201829541,Stasis,-0.186335725
SEFCRI,SEFCRI,SEFCRI,SEFCRI,2022,3288,25.76295,-80.12521,7.010399776,169.4915254,0.072411537,0,0,0,84,0,0,0,0,0.201829541,0,0,0,0,0.201829541,-0.201829541,Stasis,-0.186335725
SEFCRI,SEFCRI,SEFCRI,SEFCRI,2022,3111,26.03776,-80.09416,14.78279953,593.220339,5.950337424,0,0,0,73,0,0,0,0,0.175399482,0,0,0.029559636,0,0.204959118,-0.204959118,Stasis,-0.189225055
SEFCRI,SEFCRI,SEFCRI,SEFCRI,2022,3237,26.33167,-80.05731,21.9455993,225.9887006,6.598653142,1,0,0,86,1,0.062061648,0,0,0.206635006,0.060568885,0,0.005486505,0.062061648,0.272690396,-0.210628748,Stasis,-0.194459445
SEFCRI,SEFCRI,SEFCRI,SEFCRI,2022,3108,26.05062,-80.09249,19.20239939,141.2429379,10.98366995,0,0,0,87,0,0,0,0,0.209037739,0,0,0.017034177,0,0.226071916,-0.226071916,Stasis,-0.20871709
SEFCRI,SEFCRI,SEFCRI,SEFCRI,2022,3002,26.71588,-80.01347,27.43199912,0,0,0,0,0,95,0,0,0,0,0.2282596,0,0,0,0,0.2282596,-0.2282596,Stasis,-0.210736832
SEFCRI,SEFCRI,SEFCRI,SEFCRI,2022,3137,26.23938,-80.08021,7.010399776,0,0,0,0,0,95,0,0,0,0,0.2282596,0,0,0,0,0.2282596,-0.2282596,Stasis,-0.210736832
SEFCRI,SEFCRI,SEFCRI,SEFCRI,2022,3026,26.87212,-80.01947,23.46959925,28.24858757,1.729999068,0,0,0,95,0,0,0,0,0.2282596,0,0,6.43E-04,0,0.2289026,-0.2289026,Stasis,-0.211330471
SEFCRI,SEFCRI,SEFCRI,SEFCRI,2022,3263,26.72376,-80.01807,19.65959938,28.24858757,0.287361216,1,0,0,98,0,0.005632474,0,0,0.235467798,0,0,0,0.005632474,0.235467798,-0.229835324,Stasis,-0.212191593
SEFCRI,SEFCRI,SEFCRI,SEFCRI,2022,3129,25.77093,-80.11089,8.839199717,0,0,0,0,0,96,0,0,0,0,0.230662332,0,0,0,0,0.230662332,-0.230662332,Stasis,-0.212955114
SEFCRI,SEFCRI,SEFCRI,SEFCRI,2022,3146,26.20287,-80.08798,5.486399824,0,0,0,0,0,96,0,0,0,0,0.230662332,0,0,0,0,0.230662332,-0.230662332,Stasis,-0.212955114
SEFCRI,SEFCRI,SEFCRI,SEFCRI,2022,3148,25.80032,-80.10799,6.705599785,310.7344633,0.960572764,0,0,0,95,0,0,0,0,0.2282596,0,0,0.002720335,0,0.230979935,-0.230979935,Stasis,-0.213248336
SEFCRI,SEFCRI,SEFCRI,SEFCRI,2022,3264,26.72425,-80.01789,19.35479939,56.49717514,0.091834937,0,0,0,98,0,0,0,0,0.235467798,0,0,0,0,0.235467798,-0.235467798,Stasis,-0.21739168
SEFCRI,SEFCRI,SEFCRI,SEFCRI,2022,3008,26.82141,-80.01413,23.62199925,28.24858757,0.045917469,0,0,0,99,0,0,0,0,0.23787053,0,0,0,0,0.23787053,-0.23787053,Stasis,-0.219609962
SEFCRI,SEFCRI,SEFCRI,SEFCRI,2022,3023,26.83404,-80.01663,21.64079931,56.49717514,0.026094893,0,0,0,99,0,0,0,0,0.23787053,0,0,0,0,0.23787053,-0.23787053,Stasis,-0.219609962
SEFCRI,SEFCRI,SEFCRI,SEFCRI,2022,3057,25.86087,-80.0996,9.753599689,649.7175141,32.58983778,2,1,1,81,0,0.103362806,0.002402733,0.010761627,0.194621343,0,0,0.161262332,0.116527165,0.355883675,-0.239356509,Stasis,-0.220981867
SEFCRI,SEFCRI,SEFCRI,SEFCRI,2022,3019,26.90071,-79.99738,29.71799905,0,0,0,0,0,100,0,0,0,0,0.240273263,0,0,0,0,0.240273263,-0.240273263,Stasis,-0.221828244
SEFCRI,SEFCRI,SEFCRI,SEFCRI,2022,3154,26.31071,-80.07428,2.438399922,0,0,0,0,0,100,0,0,0,0,0.240273263,0,0,0,0,0.240273263,-0.240273263,Stasis,-0.221828244
SEFCRI,SEFCRI,SEFCRI,SEFCRI,2022,3159,26.72893,-80.03132,6.705599785,0,0,0,0,0,100,0,0,0,0,0.240273263,0,0,0,0,0.240273263,-0.240273263,Stasis,-0.221828244
SEFCRI,SEFCRI,SEFCRI,SEFCRI,2022,3285,26.82517,-80.01622,25.1459992,0,0,0,0,0,100,0,0,0,0,0.240273263,0,0,0,0,0.240273263,-0.240273263,Stasis,-0.221828244
SEFCRI,SEFCRI,SEFCRI,SEFCRI,2022,3007,26.86834,-80.00981,24.23159923,84.74576271,0.885552599,0,0,0,100,0,0,0,0,0.240273263,0,0,6.43E-04,0,0.240916263,-0.240916263,Stasis,-0.222421883
SEFCRI,SEFCRI,SEFCRI,SEFCRI,2022,3261,26.65318,-80.01747,25.60319918,28.24858757,0.198990472,1,0,1,82,1,0.005632474,0,0.010761627,0.197024075,0.060568885,0,0,0.016394101,0.25759296,-0.241198859,Stasis,-0.222682785
SEFCRI,SEFCRI,SEFCRI,SEFCRI,2022,3013,26.8299,-80.01169,25.90799917,56.49717514,4.588504378,0,0,0,100,0,0,0,0,0.240273263,0,0,0.001285822,0,0.241559085,-0.241559085,Stasis,-0.223015358
SEFCRI,SEFCRI,SEFCRI,SEFCRI,2022,3012,26.86266,-80.00598,24.68879921,56.49717514,5.163801771,0,0,0,100,0,0,0,0,0.240273263,0,0,0.001354528,0,0.241627791,-0.241627791,Stasis,-0.22307879
SEFCRI,SEFCRI,SEFCRI,SEFCRI,2022,3157,26.69387,-80.031,4.571999854,282.4858757,62.31537613,0,0,0,99,0,0,0,0,0.23787053,0,0,0.012171526,0,0.250042056,-0.250042056,Stasis,-0.230847118
SEFCRI,SEFCRI,SEFCRI,SEFCRI,2022,3028,26.83561,-80.00484,26.82239914,338.9830508,4.448367423,1,0,0,99,0,0.005632474,0,0,0.23787053,0,0,0.024372826,0.005632474,0.262243356,-0.256610882,Stasis,-0.236911676
SEFCRI,SEFCRI,SEFCRI,SEFCRI,2022,3138,25.81166,-80.10945,7.315199766,112.9943503,0.984921614,0,1,0,92,0,0,0.002402733,0,0.221051402,0,0.037357641,6.43E-04,0.002402733,0.259052043,-0.25664931,Stasis,-0.236947154
SEFCRI,SEFCRI,SEFCRI,SEFCRI,2022,3290,25.8772,-80.1018,9.905999684,1920.903955,59.74919738,7,1,0,82,1,0.52937971,0.002402733,0,0.197024075,0.060568885,0,0.532739837,0.531782442,0.790332797,-0.258550355,Stasis,-0.238702262
SEFCRI,SEFCRI,SEFCRI,SEFCRI,2022,3058,26.004,-80.10053,9.601199693,1920.903955,15.57054989,0,0,0,89,0,0,0,0,0.213843204,0,0,0.045204939,0,0.259048143,-0.259048143,Stasis,-0.239161836
SEFCRI,SEFCRI,SEFCRI,SEFCRI,2022,3201,26.01376,-80.09046,17.67839943,141.2429379,4.777094955,0,0,0,83,1,0,0,0,0.199426808,0.060568885,0,0.002571645,0,0.262567338,-0.262567338,Stasis,-0.242410874
SEFCRI,SEFCRI,SEFCRI,SEFCRI,2022,3006,26.83021,-80.01202,26.66999915,56.49717514,3.514022572,0,0,0,100,0,0,0,0,0.240273263,0,0,0.024372826,0,0.264646089,-0.264646089,Stasis,-0.244330046
SEFCRI,SEFCRI,SEFCRI,SEFCRI,2022,3262,26.64076,-80.01874,26.36519916,141.2429379,8.659508187,0,0,0,100,0,0,0,0,0.240273263,0,0,0.02583952,0,0.266112783,-0.266112783,Stasis,-0.245684146
SEFCRI,SEFCRI,SEFCRI,SEFCRI,2022,3025,26.86096,-80.02034,25.90799917,112.9943503,2.341623493,0,0,0,85,1,0,0,0,0.204232273,0.060568885,0,0.001928734,0,0.266729892,-0.266729892,Stasis,-0.246253882
SEFCRI,SEFCRI,SEFCRI,SEFCRI,2022,3065,25.86444,-80.09903,14.32559954,508.4745763,27.90551403,0,0,0,99,0,0,0,0,0.23787053,0,0,0.035978399,0,0.273848929,-0.273848929,Stasis,-0.252826413
SEFCRI,SEFCRI,SEFCRI,SEFCRI,2022,3188,25.83463,-80.089,17.37359944,1271.186441,53.01863841,0,1,0,82,0,0,0.002402733,0,0.197024075,0,0,0.082940958,0.002402733,0.279965033,-0.277562301,Stasis,-0.256254721
SEFCRI,SEFCRI,SEFCRI,SEFCRI,2022,3143,25.91446,-80.11536,6.705599785,0,0,0,0,0,93,1,0,0,0,0.223454134,0.060568885,0,0,0,0.284023019,-0.284023019,Stasis,-0.26221947
SEFCRI,SEFCRI,SEFCRI,SEFCRI,2022,3064,26.12073,-80.0934,7.315199766,1977.40113,30.53385576,2,0,0,82,0,0.12350142,0,0,0.197024075,0,0,0.215838241,0.12350142,0.412862316,-0.289360897,Stasis,-0.267147576
SEFCRI,SEFCRI,SEFCRI,SEFCRI,2022,3053,26.11593,-80.09192,9.753599688,847.4576271,29.4218918,0,0,1,89,0,0,0,0.010761627,0.213843204,0,0,0.087533972,0.010761627,0.301377176,-0.290615549,Stasis,-0.268305912
SEFCRI,SEFCRI,SEFCRI,SEFCRI,2022,3016,26.74187,-80.00824,29.56559905,0,0,0,0,0,97,1,0,0,0,0.233065065,0.060568885,0,0,0,0.29363395,-0.29363395,Stasis,-0.2710926
SEFCRI,SEFCRI,SEFCRI,SEFCRI,2022,3101,26.12539,-80.0867,14.32559954,734.4632768,9.21129679,0,0,0,89,1,0,0,0,0.213843204,0.060568885,0,0.032731733,0,0.307143822,-0.307143822,Stasis,-0.283565362
SEFCRI,SEFCRI,SEFCRI,SEFCRI,2022,3050,26.10573,-80.09266,12.4967996,621.4689266,45.10999264,0,0,0,90,1,0,0,0,0.216245937,0.060568885,0,0.031284729,0,0.308099551,-0.308099551,Stasis,-0.284447723
SEFCRI,SEFCRI,SEFCRI,SEFCRI,2022,3259,26.2847,-80.06101,24.68879921,847.4576271,20.15025812,5,0,0,56,5,0.316095261,0,0,0.134553027,0.302844425,0,0.192313198,0.316095261,0.62971065,-0.313615389,Stasis,-0.289540127
SEFCRI,SEFCRI,SEFCRI,SEFCRI,2022,3234,26.15316,-80.07726,19.50719938,677.9661017,28.26354871,1,2,0,76,0,0.055578971,0.004805465,0,0.18260768,0,0,0.202744991,0.060384437,0.385352671,-0.324968234,Stasis,-0.30002145
SEFCRI,SEFCRI,SEFCRI,SEFCRI,2022,3105,26.37178,-80.06249,8.534399727,0,0,0,0,1,91,2,0,0,0.010761627,0.218648669,0.12113777,0,0,0.010761627,0.339786439,-0.329024812,Stasis,-0.303766618
SEFCRI,SEFCRI,SEFCRI,SEFCRI,2022,3123,26.28094,-80.06922,20.42159935,310.7344633,1.695139422,0,0,0,64,3,0,0,0,0.153774888,0.181706655,0,0.001285822,0,0.336767365,-0.336767365,Stasis,-0.310914799
SEFCRI,SEFCRI,SEFCRI,SEFCRI,2022,3005,26.71817,-80.01232,29.26079906,28.24858757,0.022888572,0,0,0,90,2,0,0,0,0.216245937,0.12113777,0,0,0,0.337383707,-0.337383707,Stasis,-0.311483827
SEFCRI,SEFCRI,SEFCRI,SEFCRI,2022,3109,26.16819,-80.08022,20.11679936,2203.389831,99.99073846,1,0,0,71,2,0.067922448,0,0,0.170594017,0.12113777,0,0.114661879,0.067922448,0.406393666,-0.338471217,Stasis,-0.312487852
SEFCRI,SEFCRI,SEFCRI,SEFCRI,2022,3047,25.94491,-80.10333,8.381999732,1581.920904,54.26274739,0,0,0,99,0,0,0,0,0.23787053,0,0,0.11369146,0,0.35156199,-0.35156199,Stasis,-0.324573688
SEFCRI,SEFCRI,SEFCRI,SEFCRI,2022,3110,26.10809,-80.08654,17.98319942,282.4858757,21.67520797,0,5,0,87,0,0,0.012013663,0,0.209037739,0,0,0.15783038,0.012013663,0.366868119,-0.354854455,Stasis,-0.327613401
SEFCRI,SEFCRI,SEFCRI,SEFCRI,2022,3282,26.39654,-80.05188,18.28799941,1016.949153,28.11182073,2,0,0,71,0,0.12350142,0,0,0.170594017,0,0,0.308977194,0.12350142,0.479571211,-0.356069791,Stasis,-0.328735439
SEFCRI,SEFCRI,SEFCRI,SEFCRI,2022,3280,26.29405,-80.06026,24.38399922,1299.435028,31.14195203,3,0,0,61,3,0.192021151,0,0,0.14656669,0.181706655,0,0.228729147,0.192021151,0.557002492,-0.364981341,Stasis,-0.336962878
SEFCRI,SEFCRI,SEFCRI,SEFCRI,2022,3039,25.94568,-80.10238,8.229599737,2203.389831,76.2300129,0,0,0,78,0,0,0,0,0.187413145,0,0,0.17828537,0,0.365698515,-0.365698515,Stasis,-0.337624997
SEFCRI,SEFCRI,SEFCRI,SEFCRI,2022,3139,26.0636,-80.10253,7.010399776,1525.423729,25.12754836,2,0,0,76,0,0.115706282,0,0,0.18260768,0,0,0.311775133,0.115706282,0.494382813,-0.37867653,Stasis,-0.34960673
SEFCRI,SEFCRI,SEFCRI,SEFCRI,2022,3010,26.8757,-79.99442,28.95599907,0,0,0,0,0,82,3,0,0,0,0.197024075,0.181706655,0,0,0,0.37873073,-0.37873073,Stasis,-0.34965677
SEFCRI,SEFCRI,SEFCRI,SEFCRI,2022,3189,26.02401,-80.08717,15.23999951,1440.677966,60.67924313,0,0,0,79,2,0,0,0,0.189815878,0.12113777,0,0.075565763,0,0.386519411,-0.386519411,Stasis,-0.356847538
SEFCRI,SEFCRI,SEFCRI,SEFCRI,2022,3252,26.5509,-80.02739,24.68879921,0,0,0,0,0,91,3,0,0,0,0.218648669,0.181706655,0,0,0,0.400355324,-0.400355324,Stasis,-0.369621312
SEFCRI,SEFCRI,SEFCRI,SEFCRI,2022,3119,25.99075,-80.09576,15.23999951,1073.446328,45.92612691,0,0,0,97,0,0,0,0,0.233065065,0,0,0.18508212,0,0.418147185,-0.418147185,Stasis,-0.386047348
SEFCRI,SEFCRI,SEFCRI,SEFCRI,2022,3097,26.09184,-80.08926,15.23999951,2429.378531,140.5139509,0,3,0,90,2,0,0.007208198,0,0.216245937,0.12113777,0,0.093974992,0.007208198,0.431358699,-0.424150501,Stasis,-0.391589808
SEFCRI,SEFCRI,SEFCRI,SEFCRI,2022,3260,26.29732,-80.05926,24.9935992,875.7062147,50.23069202,4,0,0,66,0,0.264913074,0,0,0.158580353,0,0,0.555841656,0.264913074,0.714422009,-0.449508935,Stasis,-0.415001556
SEFCRI,SEFCRI,SEFCRI,SEFCRI,2022,3258,26.05856,-80.08502,23.77439924,2401.129944,139.2164309,0,2,0,61,0,0,0.004805465,0,0.14656669,0,0,0.314534289,0.004805465,0.461100979,-0.456295514,Stasis,-0.42126715
SEFCRI,SEFCRI,SEFCRI,SEFCRI,2022,3141,26.10659,-80.09609,5.181599834,508.4745763,1.115429385,0,0,0,90,4,0,0,0,0.216245937,0.24227554,0,0,0,0.458521477,-0.458521477,Stasis,-0.423322233
SEFCRI,SEFCRI,SEFCRI,SEFCRI,2022,3223,26.19163,-80.07142,19.81199937,2033.898305,78.4219544,2,0,0,70,0,0.111136557,0,0,0.168191284,0,0,0.416814257,0.111136557,0.585005541,-0.473868984,Stasis,-0.437491561
SEFCRI,SEFCRI,SEFCRI,SEFCRI,2022,3094,26.00884,-80.09607,14.93519952,508.4745763,5.71039003,0,0,0,83,4,0,0,0,0.199426808,0.24227554,0.037357641,0.004649069,0,0.483709058,-0.483709058,Stasis,-0.446576243
SEFCRI,SEFCRI,SEFCRI,SEFCRI,2022,3076,25.88884,-80.10183,9.753599688,1892.655367,107.9042703,2,0,1,77,1,0.111136557,0,0.010761627,0.185010412,0.060568885,0,0.365006188,0.121898184,0.610585485,-0.488687301,Stasis,-0.451172322
SEFCRI,SEFCRI,SEFCRI,SEFCRI,2022,3078,26.00755,-80.10138,9.143999708,1525.423729,26.93160354,0,0,0,76,0,0,0,0,0.18260768,0,0,0.337516875,0,0.520124555,-0.520124555,Erosion,-0.480196238
SEFCRI,SEFCRI,SEFCRI,SEFCRI,2022,3225,26.16651,-80.07631,16.61159947,790.960452,36.73678837,0,0,0,83,4,0,0,0,0.199426808,0.24227554,0,0.078600647,0,0.520302995,-0.520302995,Erosion,-0.48036098
SEFCRI,SEFCRI,SEFCRI,SEFCRI,2022,3279,26.32908,-80.05661,23.01239927,2259.887006,72.92656361,0,0,0,86,3,0,0,0,0.206635006,0.181706655,0,0.138459914,0,0.526801575,-0.526801575,Erosion,-0.486360684
SEFCRI,SEFCRI,SEFCRI,SEFCRI,2022,3243,26.61301,-80.02262,20.72639934,395.480226,24.52031694,1,0,1,61,1,0.055578971,0,0.010761627,0.14656669,0.060568885,0,0.389837788,0.066340599,0.596973363,-0.530632765,Erosion,-0.489897766
SEFCRI,SEFCRI,SEFCRI,SEFCRI,2022,3102,26.28607,-80.06953,11.58239963,1214.689266,38.79771158,1,0,0,85,0,0.062061648,0,0,0.204232273,0,0,0.3957722,0.062061648,0.600004473,-0.537942825,Erosion,-0.496646656
SEFCRI,SEFCRI,SEFCRI,SEFCRI,2022,3224,26.02718,-80.08709,16.45919947,1779.661017,193.0967575,1,0,1,81,0,0.067922448,0,0.010761627,0.194621343,0,0,0.439144574,0.078684075,0.633765917,-0.555081841,Erosion,-0.512469964
SEFCRI,SEFCRI,SEFCRI,SEFCRI,2022,3200,26.25029,-80.06647,19.81199937,932.2033898,115.5598609,0,0,0,68,3,0,0,0,0.163385819,0.181706655,0,0.256144581,0,0.601237055,-0.601237055,Erosion,-0.555081988
SEFCRI,SEFCRI,SEFCRI,SEFCRI,2022,3219,26.00233,-80.08855,17.52599944,875.7062147,74.18653956,0,0,0,93,4,0,0,0,0.223454134,0.24227554,0,0.14310297,0,0.608832644,-0.608832644,Erosion,-0.562094487
SEFCRI,SEFCRI,SEFCRI,SEFCRI,2022,3197,25.99696,-80.08924,19.96439937,1242.937853,70.51872759,1,0,0,78,0,0.067922448,0,0,0.187413145,0,0,0.50667641,0.067922448,0.694089555,-0.626167107,Erosion,-0.578098238
SEFCRI,SEFCRI,SEFCRI,SEFCRI,2022,3215,26.717,-80.01835,16.76399946,451.9774011,34.46150284,0,0,1,79,2,0,0,0.010761627,0.189815878,0.12113777,0,0.32607004,0.010761627,0.637023688,-0.62626206,Erosion,-0.578185902
SEFCRI,SEFCRI,SEFCRI,SEFCRI,2022,3114,26.07019,-80.09157,17.67839943,847.4576271,52.72175952,2,0,1,63,3,0.12350142,0,0.010761627,0.151372156,0.181706655,0,0.4389618,0.134263047,0.772040611,-0.637777564,Erosion,-0.588817397
SEFCRI,SEFCRI,SEFCRI,SEFCRI,2022,3130,25.98282,-80.11306,6.55319979,367.2316384,27.47835674,0,1,0,98,0,0,0.002402733,0,0.235467798,0,0,0.407515029,0.002402733,0.642982827,-0.640580094,Erosion,-0.591404786
SEFCRI,SEFCRI,SEFCRI,SEFCRI,2022,3060,26.17592,-80.08735,6.095999805,960.4519774,55.81619598,1,0,0,85,0,0.047783834,0,0,0.204232273,0,0,0.534332897,0.047783834,0.73856517,-0.690781336,Erosion,-0.637752237
SEFCRI,SEFCRI,SEFCRI,SEFCRI,2022,3071,25.98997,-80.10258,10.05839968,3333.333333,151.4232269,1,0,2,73,1,0.062061648,0,0.021523254,0.175399482,0.060568885,0,0.545977804,0.083584903,0.781946171,-0.698361268,Erosion,-0.644750282
SEFCRI,SEFCRI,SEFCRI,SEFCRI,2022,3190,26.03054,-80.08906,16.61159947,1045.19774,61.9871843,0,0,0,97,0,0,0,0,0.233065065,0,0,0.53063091,0,0.763695975,-0.763695975,Erosion,-0.70506945
SEFCRI,SEFCRI,SEFCRI,SEFCRI,2022,3277,26.3531,-80.05419,24.9935992,649.7175141,58.36232065,0,0,0,76,0,0,0,0,0.18260768,0,0,0.65790049,0,0.84050817,-0.84050817,Erosion,-0.775985016
SEFCRI,SEFCRI,SEFCRI,SEFCRI,2022,3273,26.20817,-80.06941,25.60319918,1101.694915,118.9947222,0,0,0,64,6,0,0,0,0.153774888,0.36341331,0,0.4607053,0,0.977893498,-0.977893498,Erosion,-0.902823707
SEFCRI,SEFCRI,SEFCRI,SEFCRI,2022,3220,26.22934,-80.06863,18.28799942,3192.090395,349.4320256,2,0,1,65,1,0.120648413,0,0.010761627,0.156177621,0.060568885,0,1.952780985,0.131410041,2.169527491,-2.03811745,Erosion,-1.881657619
SEFCRI,SEFCRI,SEFCRI,SEFCRI,2022,3074,25.89657,-80.10129,11.58239963,3870.056497,200.1929284,2,0,0,87,1,0.193725427,0,0,0.209037739,0.060568885,0,2.13445892,0.193725427,2.404065544,-2.210340117,Erosion,-2.040659296
SEFCRI,SEFCRI,SEFCRI,SEFCRI,2022,3193,25.97243,-80.08979,16.00199949,988.700565,244.1564015,0,0,1,79,0,0,0,0.010761627,0.189815878,0,0,4.062774753,0.010761627,4.252590631,-4.241829003,Erosion,-3.916197205
SEFCRI,SEFCRI,SEFCRI,SEFCRI,2024,3139,26.03373,-80.09947,9.448799698,1553.672316,27.78432296,6,0,0,75,0,0.533646812,0,0,0.180204947,0,0,0.185683482,0.533646812,0.365888429,0.167758382,Stasis,0.154880102
SEFCRI,SEFCRI,SEFCRI,SEFCRI,2024,3089,25.82868,-80.11147,5.63879982,28.24858757,0.022888572,3,0,0,91,0,0.414182391,0,0,0.218648669,0,0.037357641,0,0.414182391,0.25600631,0.158176081,Stasis,0.146033403
SEFCRI,SEFCRI,SEFCRI,SEFCRI,2024,3104,25.7915,-80.10098,9.601199693,734.4632768,29.9739938,4,5,2,79,0,0.265828993,0.012013663,0.021523254,0.189815878,0,0,0.017595171,0.299365911,0.207411049,0.091954862,Stasis,0.084895778
SEFCRI,SEFCRI,SEFCRI,SEFCRI,2024,3262,26.51761,-80.03006,29.87039904,282.4858757,5.043479128,3,0,0,38,0,0.157629317,0,0,0.09130384,0,0,0.003857467,0.157629317,0.095161307,0.06246801,Stasis,0.057672538
SEFCRI,SEFCRI,SEFCRI,SEFCRI,2024,3137,25.93891,-80.10891,5.791199815,197.740113,53.27261044,6,0,0,86,0,0.372246922,0,0,0.206635006,0,0,0.105928144,0.372246922,0.31256315,0.059683772,Stasis,0.055102038
SEFCRI,SEFCRI,SEFCRI,SEFCRI,2024,3110,25.89794,-80.10211,10.05839968,0,0,3,0,0,94,0,0.245476918,0,0,0.225856867,0,0,0,0.245476918,0.225856867,0.019620051,Stasis,0.018113882
SEFCRI,SEFCRI,SEFCRI,SEFCRI,2024,3274,26.14102,-80.07729,25.60319918,1610.169492,26.2194757,9,0,0,79,2,0.452378385,0,0,0.189815878,0.12113777,0,0.227313936,0.452378385,0.538267584,-0.085889199,Stasis,-0.079295757
SEFCRI,SEFCRI,SEFCRI,SEFCRI,2024,3114,26.26076,-80.07702,7.010399776,141.2429379,8.608044427,1,0,0,96,0,0.138146455,0,0,0.230662332,0,0,0.00336301,0.138146455,0.234025342,-0.095878887,Stasis,-0.088518568
SEFCRI,SEFCRI,SEFCRI,SEFCRI,2024,3240,26.26676,-80.06506,17.98319943,1271.186441,42.92303805,8,0,0,62,1,0.464512356,0,0,0.148969423,0.060568885,0,0.353360614,0.464512356,0.562898922,-0.098386566,Stasis,-0.09083374
SEFCRI,SEFCRI,SEFCRI,SEFCRI,2024,3112,26.00798,-80.10071,9.448799698,875.7062147,14.18523038,2,1,1,76,0,0.11764062,0.002402733,0.010761627,0.18260768,0,0,0.047522954,0.13080498,0.230130634,-0.099325654,Stasis,-0.091700738
SEFCRI,SEFCRI,SEFCRI,SEFCRI,2024,3136,26.0479,-80.10568,5.486399825,141.2429379,1.995553013,1,6,1,80,0,0.067922448,0.014416396,0.010761627,0.19221861,0,0,6.43E-04,0.093100471,0.19286161,-0.099761139,Stasis,-0.092102792
SEFCRI,SEFCRI,SEFCRI,SEFCRI,2024,3097,26.0563,-80.10207,5.791199815,225.9887006,3.031508959,3,3,0,91,0,0.148053241,0.007208198,0,0.218648669,0,0.037357641,6.43E-04,0.155261439,0.25664931,-0.101387871,Stasis,-0.093604645
SEFCRI,SEFCRI,SEFCRI,SEFCRI,2024,3024,27.05534,-80.0428,23.01239927,56.49717514,0.138628992,2,7,0,75,0,0.061211445,0.016819128,0,0.180204947,0,0,0,0.078030574,0.180204947,-0.102174373,Stasis,-0.09433077
SEFCRI,SEFCRI,SEFCRI,SEFCRI,2024,3080,26.11663,-80.09488,6.400799795,197.740113,0.177853191,2,0,0,96,0,0.115706282,0,0,0.230662332,0,0,0,0.115706282,0.230662332,-0.11495605,Stasis,-0.106131238
SEFCRI,SEFCRI,SEFCRI,SEFCRI,2024,3017,27.00674,-80.06639,15.08759952,0,0,3,1,0,80,0,0.066767204,0.002402733,0,0.19221861,0,0,0,0.069169937,0.19221861,-0.123048674,Stasis,-0.113602616
SEFCRI,SEFCRI,SEFCRI,SEFCRI,2024,3045,27.07567,-80.04515,22.85999927,28.24858757,3.335259075,1,1,0,48,0,0.005632474,0.002402733,0,0.115331166,0,0,0.018235649,0.008035207,0.133566815,-0.125531608,Stasis,-0.115894943
SEFCRI,SEFCRI,SEFCRI,SEFCRI,2024,3103,26.22323,-80.08333,4.571999854,282.4858757,15.20438882,1,9,0,73,0,0.067922448,0.021624594,0,0.175399482,0,0,0.040486953,0.089547042,0.215886435,-0.126339393,Stasis,-0.116640717
SEFCRI,SEFCRI,SEFCRI,SEFCRI,2024,3083,25.80307,-80.10745,6.400799795,1355.932203,24.42313417,2,4,0,72,0,0.071407303,0.009610931,0,0.172996749,0,0.037357641,0.005084382,0.081018233,0.215438772,-0.134420539,Stasis,-0.124101499
SEFCRI,SEFCRI,SEFCRI,SEFCRI,2024,3259,26.37418,-80.05256,23.46959925,367.2316384,18.38258536,3,0,0,56,0,0.157629317,0,0,0.134553027,0,0,0.16957305,0.157629317,0.304126077,-0.14649676,Stasis,-0.135250667
SEFCRI,SEFCRI,SEFCRI,SEFCRI,2024,3208,26.52946,-80.03021,22.25039929,141.2429379,1.139246272,0,0,0,61,0,0,0,0,0.14656669,0,0,6.43E-04,0,0.14720969,-0.14720969,Stasis,-0.135908868
SEFCRI,SEFCRI,SEFCRI,SEFCRI,2024,3092,25.76593,-80.09667,10.21079967,677.9661017,33.51750956,1,0,1,83,0,0.055578971,0,0.010761627,0.199426808,0,0,0.020095109,0.066340599,0.219521917,-0.153181318,Stasis,-0.141422073
SEFCRI,SEFCRI,SEFCRI,SEFCRI,2024,3296,26.54341,-80.02749,26.21279916,84.74576271,1.974907009,0,2,0,66,0,0,0.004805465,0,0.158580353,0,0,6.43E-04,0.004805465,0.159223353,-0.154417888,Stasis,-0.142563715
SEFCRI,SEFCRI,SEFCRI,SEFCRI,2024,3109,26.12623,-80.09844,5.486399824,1129.943503,34.66300063,2,0,0,89,0,0.129984097,0,0,0.213843204,0,0,0.078166573,0.129984097,0.292009777,-0.16202568,Stasis,-0.149587481
SEFCRI,SEFCRI,SEFCRI,SEFCRI,2024,3248,26.62637,-80.02329,13.71599956,2175.141243,107.1286696,2,0,1,80,0,0.129984097,0,0.010761627,0.19221861,0,0,0.115740991,0.140745724,0.307959601,-0.167213877,Stasis,-0.154377396
SEFCRI,SEFCRI,SEFCRI,SEFCRI,2024,3229,26.05896,-80.0914,18.28799941,1553.672316,44.12930664,2,0,0,87,0,0.077456481,0,0,0.209037739,0,0,0.038845104,0.077456481,0.247882843,-0.170426362,Stasis,-0.157343269
SEFCRI,SEFCRI,SEFCRI,SEFCRI,2024,3068,27.09635,-80.03387,22.25039929,0,0,0,0,0,71,0,0,0,0,0.170594017,0,0,0,0,0.170594017,-0.170594017,Stasis,-0.157498054
SEFCRI,SEFCRI,SEFCRI,SEFCRI,2024,3260,26.38785,-80.0512,25.60319918,790.960452,23.63888428,2,0,0,91,0,0.10545193,0,0,0.218648669,0,0,0.067721077,0.10545193,0.286369746,-0.180917816,Stasis,-0.167029327
SEFCRI,SEFCRI,SEFCRI,SEFCRI,2024,3217,26.22676,-80.07662,13.25879958,1242.937853,54.86118281,4,0,0,91,0,0.292771295,0,0,0.218648669,0,0.037357641,0.219493369,0.292771295,0.475499679,-0.182728384,Stasis,-0.168700904
SEFCRI,SEFCRI,SEFCRI,SEFCRI,2024,3074,26.74669,-80.01295,21.64079931,593.220339,20.0775158,0,0,1,80,0,0,0,0.010761627,0.19221861,0,0,0.010274305,0.010761627,0.202492915,-0.191731288,Stasis,-0.177012683
SEFCRI,SEFCRI,SEFCRI,SEFCRI,2024,3009,27.11145,-80.13362,6.095999805,28.24858757,0.399200911,1,1,0,85,0,0.005632474,0.002402733,0,0.204232273,0,0,6.43E-04,0.008035207,0.204875273,-0.196840067,Stasis,-0.181729278
SEFCRI,SEFCRI,SEFCRI,SEFCRI,2024,3279,25.7701,-80.08672,22.85999927,1158.19209,52.08242593,3,1,0,77,0,0.231168384,0.002402733,0,0.185010412,0,0,0.245590237,0.233571117,0.430600649,-0.197029532,Stasis,-0.181904198
SEFCRI,SEFCRI,SEFCRI,SEFCRI,2024,3105,26.11054,-80.09715,4.571999854,875.7062147,26.88087233,1,0,0,91,0,0.052725965,0,0,0.218648669,0,0,0.037873962,0.052725965,0.256522631,-0.203796666,Stasis,-0.18815184
SEFCRI,SEFCRI,SEFCRI,SEFCRI,2024,3094,25.77283,-80.11363,6.857999781,395.480226,20.16544153,0,1,0,84,0,0,0.002402733,0,0.201829541,0,0,0.006046667,0.002402733,0.207876208,-0.205473475,Stasis,-0.189699926
SEFCRI,SEFCRI,SEFCRI,SEFCRI,2024,3008,27.11544,-80.12299,8.839199717,0,0,1,0,0,89,0,0.005632474,0,0,0.213843204,0,0,0,0.005632474,0.213843204,-0.20821073,Stasis,-0.192227051
SEFCRI,SEFCRI,SEFCRI,SEFCRI,2024,3026,27.00902,-80.06889,14.32559954,0,0,0,0,0,87,0,0,0,0,0.209037739,0,0,0,0,0.209037739,-0.209037739,Stasis,-0.192990573
SEFCRI,SEFCRI,SEFCRI,SEFCRI,2024,3280,26.16532,-80.07372,26.21279916,480.2259887,68.79240353,1,2,0,70,0,0.062061648,0.004805465,0,0.168191284,0,0,0.111772011,0.066867114,0.279963295,-0.213096181,Stasis,-0.196737461
SEFCRI,SEFCRI,SEFCRI,SEFCRI,2024,3081,25.86403,-80.10303,8.229599737,819.2090395,11.77727312,0,1,0,87,0,0,0.002402733,0,0.209037739,0,0,0.007672651,0.002402733,0.21671039,-0.214307657,Stasis,-0.197855936
SEFCRI,SEFCRI,SEFCRI,SEFCRI,2024,3030,26.95575,-80.0114,22.25039929,197.740113,0.989627598,1,2,0,95,0,0.005632474,0.004805465,0,0.2282596,0,0,6.43E-04,0.010437939,0.2289026,-0.21846466,Stasis,-0.201693819
SEFCRI,SEFCRI,SEFCRI,SEFCRI,2024,3117,26.32536,-80.07225,3.047999902,0,0,0,4,0,96,0,0,0.009610931,0,0.230662332,0,0,0,0.009610931,0.230662332,-0.221051402,Stasis,-0.204081985
SEFCRI,SEFCRI,SEFCRI,SEFCRI,2024,3087,25.83195,-80.10823,7.467599761,790.960452,3.926714514,0,0,1,97,0,0,0,0.010761627,0.233065065,0,0,6.43E-04,0.010761627,0.233708065,-0.222946438,Stasis,-0.205831545
SEFCRI,SEFCRI,SEFCRI,SEFCRI,2024,3266,26.58933,-80.02337,25.29839919,112.9943503,1.711041467,0,0,0,92,0,0,0,0,0.221051402,0,0,0.001928734,0,0.222980136,-0.222980136,Stasis,-0.205862656
SEFCRI,SEFCRI,SEFCRI,SEFCRI,2024,3121,26.68302,-80.03149,4.876799844,0,0,2,0,0,98,0,0.011188233,0,0,0.235467798,0,0,0,0.011188233,0.235467798,-0.224279565,Stasis,-0.207062332
SEFCRI,SEFCRI,SEFCRI,SEFCRI,2024,3185,25.96606,-80.09734,12.80159959,28.24858757,2.707323483,0,0,0,94,0,0,0,0,0.225856867,0,0,1.92E-04,0,0.226048867,-0.226048867,Stasis,-0.20869581
SEFCRI,SEFCRI,SEFCRI,SEFCRI,2024,3014,26.72505,-80.01681,22.55519928,282.4858757,2.360755546,0,0,0,94,0,0,0,0,0.225856867,0,0,8.04E-04,0,0.226660867,-0.226660867,Stasis,-0.209260829
SEFCRI,SEFCRI,SEFCRI,SEFCRI,2024,3220,26.13679,-80.08316,19.50719938,932.2033898,18.16011755,0,5,0,92,0,0,0.012013663,0,0.221051402,0,0,0.01812613,0.012013663,0.239177532,-0.227163869,Stasis,-0.209725217
SEFCRI,SEFCRI,SEFCRI,SEFCRI,2024,3010,27.14622,-80.13689,7.467599761,28.24858757,0.399200911,1,0,0,98,0,0.005632474,0,0,0.235467798,0,0,6.43E-04,0.005632474,0.236110798,-0.230478324,Stasis,-0.212785232
SEFCRI,SEFCRI,SEFCRI,SEFCRI,2024,3309,27.10731,-80.12154,5.181599834,0,0,2,3,1,83,1,0.011188233,0.007208198,0.010761627,0.199426808,0.060568885,0,0,0.029158058,0.259995693,-0.230837635,Stasis,-0.21311696
SEFCRI,SEFCRI,SEFCRI,SEFCRI,2024,3034,26.84751,-79.99739,29.26079906,0,0,0,0,0,97,0,0,0,0,0.233065065,0,0,0,0,0.233065065,-0.233065065,Stasis,-0.215173397
SEFCRI,SEFCRI,SEFCRI,SEFCRI,2024,3043,26.92665,-80.01046,23.46959925,0,0,0,0,0,97,0,0,0,0,0.233065065,0,0,0,0,0.233065065,-0.233065065,Stasis,-0.215173397
SEFCRI,SEFCRI,SEFCRI,SEFCRI,2024,3254,25.97808,-80.08732,27.73679911,593.220339,36.19137584,0,1,0,91,0,0,0.002402733,0,0.218648669,0,0,0.019049201,0.002402733,0.23769787,-0.235295138,Stasis,-0.217232274
SEFCRI,SEFCRI,SEFCRI,SEFCRI,2024,3023,26.8361,-80.01176,23.16479926,0,0,0,0,0,99,0,0,0,0,0.23787053,0,0,0,0,0.23787053,-0.23787053,Stasis,-0.219609962
SEFCRI,SEFCRI,SEFCRI,SEFCRI,2024,3031,26.86302,-79.99618,27.73679911,0,0,0,0,0,99,0,0,0,0,0.23787053,0,0,0,0,0.23787053,-0.23787053,Stasis,-0.219609962
SEFCRI,SEFCRI,SEFCRI,SEFCRI,2024,3037,26.85149,-80.00089,26.21279916,0,0,0,0,0,99,0,0,0,0,0.23787053,0,0,0,0,0.23787053,-0.23787053,Stasis,-0.219609962
SEFCRI,SEFCRI,SEFCRI,SEFCRI,2024,3001,26.72276,-80.02931,9.753599688,84.74576271,0.875555786,0,1,0,99,0,0,0.002402733,0,0.23787053,0,0,0.002453607,0.002402733,0.240324137,-0.237921405,Stasis,-0.219656931
SEFCRI,SEFCRI,SEFCRI,SEFCRI,2024,3160,26.71672,-80.03111,3.962399873,0,0,0,0,0,100,0,0,0,0,0.240273263,0,0,0,0,0.240273263,-0.240273263,Stasis,-0.221828244
SEFCRI,SEFCRI,SEFCRI,SEFCRI,2024,3041,26.92876,-80.03519,22.25039929,56.49717514,10.04013805,0,0,0,99,0,0,0,0,0.23787053,0,0,0.002868552,0,0.240739082,-0.240739082,Stasis,-0.222258304
SEFCRI,SEFCRI,SEFCRI,SEFCRI,2024,3155,26.71013,-80.02963,3.962399873,28.24858757,2.756925546,0,0,0,100,0,0,0,0,0.240273263,0,0,0.001466694,0,0.241739957,-0.241739957,Stasis,-0.223182345
SEFCRI,SEFCRI,SEFCRI,SEFCRI,2024,3127,26.08652,-80.10408,5.181599834,649.7175141,17.4371061,0,0,0,98,0,0,0,0,0.235467798,0,0,0.017355732,0,0.25282353,-0.25282353,Stasis,-0.233415067
SEFCRI,SEFCRI,SEFCRI,SEFCRI,2024,3207,26.6913,-80.01792,16.15439948,536.7231638,43.39060035,1,0,0,93,1,0.067922448,0,0,0.223454134,0.060568885,0,0.046092895,0.067922448,0.330115914,-0.262193466,Stasis,-0.242065703
SEFCRI,SEFCRI,SEFCRI,SEFCRI,2024,3244,26.32641,-80.05788,21.33599932,1129.943503,33.23939629,0,7,0,84,0,0,0.016819128,0,0.201829541,0,0,0.079226708,0.016819128,0.281056249,-0.26423712,Stasis,-0.243952472
SEFCRI,SEFCRI,SEFCRI,SEFCRI,2024,3275,26.21113,-80.06898,27.43199912,1299.435028,25.00129271,0,0,0,83.56164383,0,0,0,0,0.200776288,0,0,0.068735421,0,0.269511709,-0.269511709,Stasis,-0.248822147
SEFCRI,SEFCRI,SEFCRI,SEFCRI,2024,3267,26.61282,-80.02115,25.90799917,28.24858757,0.905096285,0,0,0,95,1,0,0,0,0.2282596,0.060568885,0,6.43E-04,0,0.289471485,-0.289471485,Stasis,-0.267249675
SEFCRI,SEFCRI,SEFCRI,SEFCRI,2024,3098,26.07464,-80.10737,5.791199815,169.4915254,66.93926114,0,0,0,99,0,0,0,0,0.23787053,0,0.037357641,0.016446989,0,0.29167516,-0.29167516,Stasis,-0.26928418
SEFCRI,SEFCRI,SEFCRI,SEFCRI,2024,3011,27.15846,-80.14436,3.962399873,56.49717514,1.835876274,0,0,0,83,1,0,0,0,0.199426808,0.060568885,0.037357641,3.76E-04,0,0.297729334,-0.297729334,Stasis,-0.274873595
SEFCRI,SEFCRI,SEFCRI,SEFCRI,2024,3257,25.92603,-80.08734,26.51759915,1412.429379,47.08304064,0,0,0,93,0,0,0,0,0.223454134,0,0,0.119956765,0,0.343410899,-0.343410899,Stasis,-0.31704833
SEFCRI,SEFCRI,SEFCRI,SEFCRI,2024,3295,26.47324,-80.04184,20.11679936,1214.689266,28.70419317,1,0,0,80,2,0.062061648,0,0,0.19221861,0.12113777,0,0.097379786,0.062061648,0.410736166,-0.348674518,Stasis,-0.321907878
SEFCRI,SEFCRI,SEFCRI,SEFCRI,2024,3201,26.30045,-80.06761,13.41119957,282.4858757,29.64671971,0,0,0,98,2,0,0,0,0.235467798,0.12113777,0,0.008407524,0,0.365013092,-0.365013092,Stasis,-0.336992191
SEFCRI,SEFCRI,SEFCRI,SEFCRI,2024,3163,26.02185,-80.0884,16.61159947,762.7118644,33.32725259,2,0,0,87,2,0.12350142,0,0,0.209037739,0.12113777,0,0.161052805,0.12350142,0.491228314,-0.367726894,Stasis,-0.339497663
SEFCRI,SEFCRI,SEFCRI,SEFCRI,2024,3270,25.89832,-80.08783,19.50719938,367.2316384,21.91806044,0,0,0,96,0,0,0,0,0.230662332,0,0,0.137770705,0,0.368433037,-0.368433037,Stasis,-0.340149598
SEFCRI,SEFCRI,SEFCRI,SEFCRI,2024,3269,26.24874,-80.06343,29.41319906,451.9774011,15.85888072,1,0,0,86,0,0.006049577,0,0,0.206635006,0,0,0.172004111,0.006049577,0.378639117,-0.37258954,Stasis,-0.343987019
SEFCRI,SEFCRI,SEFCRI,SEFCRI,2024,3276,26.03602,-80.08573,24.07919923,988.700565,50.99490587,0,0,0,92,0,0,0,0,0.221051402,0,0,0.155315255,0,0.376366657,-0.376366657,Stasis,-0.347474179
SEFCRI,SEFCRI,SEFCRI,SEFCRI,2024,3096,25.79128,-80.10105,6.857999781,367.2316384,11.31293733,0,0,0,99,0,0,0,0,0.23787053,0,0,0.152607342,0,0.390477872,-0.390477872,Stasis,-0.360502121
SEFCRI,SEFCRI,SEFCRI,SEFCRI,2024,3195,25.88826,-80.1002,12.95399959,1610.169492,41.6794313,0,0,0,92,0,0,0,0,0.221051402,0,0,0.189545552,0,0.410596954,-0.410596954,Stasis,-0.379076724
SEFCRI,SEFCRI,SEFCRI,SEFCRI,2024,3253,25.8516,-80.08635,27.43199912,677.9661017,47.97663143,2,5,0,75,3,0.027927087,0.012013663,0,0.180204947,0.181706655,0,0.100676181,0.03994075,0.462587783,-0.422647033,Stasis,-0.390201757
SEFCRI,SEFCRI,SEFCRI,SEFCRI,2024,3101,26.03708,-80.10421,8.229599737,1553.672316,79.41654619,2,0,0,95,0,0.120648413,0,0,0.2282596,0,0,0.317963073,0.120648413,0.546222673,-0.425574259,Stasis,-0.392904269
SEFCRI,SEFCRI,SEFCRI,SEFCRI,2024,3130,26.2157,-80.08181,9.143999708,2033.898305,59.79031326,3,0,0,87,1,0.240556175,0,0,0.209037739,0.060568885,0,0.399839175,0.240556175,0.669445799,-0.428889623,Stasis,-0.395965123
SEFCRI,SEFCRI,SEFCRI,SEFCRI,2024,3193,25.83752,-80.09352,14.63039953,1186.440678,14.75541467,0,0,0,91,0,0,0,0,0.218648669,0,0,0.217201422,0,0.435850091,-0.435850091,Stasis,-0.402391258
SEFCRI,SEFCRI,SEFCRI,SEFCRI,2024,3126,26.01965,-80.10033,8.077199742,2005.649718,72.79441441,3,1,2,78,0,0.163862522,0.002402733,0.021523254,0.187413145,0,0,0.447344684,0.187788509,0.634757829,-0.44696932,Stasis,-0.412656899
SEFCRI,SEFCRI,SEFCRI,SEFCRI,2024,3006,26.71763,-80.0297,6.705599785,225.9887006,23.564626,1,0,0,98,1,0.005632474,0,0,0.235467798,0.060568885,0,0.157144519,0.005632474,0.453181202,-0.447548728,Stasis,-0.413191828
SEFCRI,SEFCRI,SEFCRI,SEFCRI,2024,3299,26.68345,-80.01765,17.98319943,1242.937853,13.17368808,1,0,1,80,2,0.005632474,0,0.010761627,0.19221861,0.12113777,0,0.176268552,0.016394101,0.489624932,-0.473230831,Stasis,-0.436902397
SEFCRI,SEFCRI,SEFCRI,SEFCRI,2024,3174,25.99955,-80.10034,11.12519965,1045.19774,51.47026184,1,0,0,83,0,0.067922448,0,0,0.199426808,0,0,0.358525848,0.067922448,0.557952656,-0.490030208,Stasis,-0.452412139
SEFCRI,SEFCRI,SEFCRI,SEFCRI,2024,3125,26.03987,-80.09932,8.229599737,2175.141243,138.0179587,2,3,0,84,0,0.11764062,0.007208198,0,0.201829541,0,0,0.417727358,0.124848818,0.619556899,-0.494708081,Stasis,-0.456730906
SEFCRI,SEFCRI,SEFCRI,SEFCRI,2024,3241,26.2714,-80.07071,10.66799966,1412.429379,45.56509654,1,0,0,95,0,0.067922448,0,0,0.2282596,0,0,0.351532524,0.067922448,0.579792124,-0.511869675,Erosion,-0.472575059
SEFCRI,SEFCRI,SEFCRI,SEFCRI,2024,3115,26.38085,-80.0615,9.448799698,480.2259887,28.29298416,2,0,2,82,1,0.092474269,0,0.021523254,0.197024075,0.060568885,0,0.385953996,0.113997524,0.643546956,-0.529549433,Erosion,-0.488897598
SEFCRI,SEFCRI,SEFCRI,SEFCRI,2024,3107,25.90954,-80.10121,10.82039966,1525.423729,48.13546221,1,0,0,84,0,0.052725965,0,0,0.201829541,0,0,0.385185043,0.052725965,0.587014584,-0.534288619,Erosion,-0.493272971
SEFCRI,SEFCRI,SEFCRI,SEFCRI,2024,3168,25.98118,-80.09122,19.35479939,593.220339,158.0096162,0,6,0,66,0,0,0.014416396,0,0.158580353,0,0,0.390387915,0.014416396,0.548968268,-0.534551873,Erosion,-0.493516016
SEFCRI,SEFCRI,SEFCRI,SEFCRI,2024,3224,26.23462,-80.07491,12.03959962,1553.672316,60.4263279,4,6,0,70,0,0.251038533,0.014416396,0,0.168191284,0,0.037357641,0.626632911,0.265454928,0.832181836,-0.566726908,Erosion,-0.523221076
SEFCRI,SEFCRI,SEFCRI,SEFCRI,2024,3223,26.24906,-80.06511,16.45919947,1299.435028,39.62066846,0,0,0,70,0,0,0,0,0.168191284,0,0,0.41738375,0,0.585575034,-0.585575034,Erosion,-0.540622291
SEFCRI,SEFCRI,SEFCRI,SEFCRI,2024,3206,26.62038,-80.02285,14.63039953,1355.932203,43.00104825,0,0,0,69,0,0,0,0,0.165788551,0,0,0.509431933,0,0.675220484,-0.675220484,Erosion,-0.623385943
SEFCRI,SEFCRI,SEFCRI,SEFCRI,2024,3271,26.18335,-80.07188,22.85999927,988.700565,105.3440253,1,0,0,87,0,0.062061648,0,0,0.209037739,0,0,0.551342772,0.062061648,0.760380511,-0.698318862,Erosion,-0.644711131
SEFCRI,SEFCRI,SEFCRI,SEFCRI,2024,3084,25.9111,-80.10266,9.143999707,677.9661017,38.81942617,0,0,0,82,0,0,0,0,0.197024075,0,0,0.527244139,0,0.724268214,-0.724268214,Erosion,-0.668668434
SEFCRI,SEFCRI,SEFCRI,SEFCRI,2024,3200,26.26413,-80.07208,12.19199961,1384.180791,185.7086114,4,1,2,85,0,0.251038533,0.002402733,0.021523254,0.204232273,0,0,0.837589614,0.27496452,1.041821887,-0.766857368,Erosion,-0.707988153
SEFCRI,SEFCRI,SEFCRI,SEFCRI,2024,3015,26.86834,-80.0174,22.25039929,621.4689266,69.34790765,0,1,0,98,0,0,0.002402733,0,0.235467798,0,0,0.536797106,0.002402733,0.772264904,-0.769862171,Erosion,-0.710762287
SEFCRI,SEFCRI,SEFCRI,SEFCRI,2024,3099,26.04503,-80.10264,7.315199766,1807.909605,107.7419113,2,0,0,93,0,0.124098703,0,0,0.223454134,0,0,0.715428216,0.124098703,0.93888235,-0.814783647,Erosion,-0.752235283
SEFCRI,SEFCRI,SEFCRI,SEFCRI,2024,3289,26.2927,-80.06012,23.62199925,2203.389831,280.4038569,0,0,0,96,0,0,0,0,0.230662332,0,0,0.59853627,0,0.829198602,-0.829198602,Erosion,-0.765543648
SEFCRI,SEFCRI,SEFCRI,SEFCRI,2024,3178,26.04935,-80.09799,10.05839968,1242.937853,79.10891788,2,0,0,91,0,0.061211445,0,0,0.218648669,0,0,0.763320281,0.061211445,0.98196895,-0.920757505,Erosion,-0.850073863
SEFCRI,SEFCRI,SEFCRI,SEFCRI,2024,3209,26.42367,-80.05003,16.15439948,564.9717514,39.11178234,1,0,0,52,6,0.062061648,0,0,0.124942097,0.36341331,0,0.533307344,0.062061648,1.021662751,-0.959601102,Erosion,-0.88593556
SEFCRI,SEFCRI,SEFCRI,SEFCRI,2024,3132,26.177,-80.09333,3.809999878,1384.180791,67.40724473,3,17,0,77,0,0.120837191,0.040846455,0,0.185010412,0,0,0.938942439,0.161683646,1.123952851,-0.962269205,Erosion,-0.888398841
SEFCRI,SEFCRI,SEFCRI,SEFCRI,2024,3249,26.46692,-80.04383,18.8975994,2372.881356,85.46460174,3,0,0,75,4,0.18577843,0,0,0.180204947,0.24227554,0,0.749303643,0.18577843,1.17178413,-0.9860057,Erosion,-0.910313161
SEFCRI,SEFCRI,SEFCRI,SEFCRI,2024,3189,25.99497,-80.09942,11.58239963,1186.440678,50.41759981,0,0,0,97,0,0,0,0,0.233065065,0,0,0.773437872,0,1.006502937,-1.006502937,Erosion,-0.92923689
SEFCRI,SEFCRI,SEFCRI,SEFCRI,2024,3226,26.15603,-80.08165,18.44039941,2316.384181,258.8178831,0,1,0,86,0,0,0.002402733,0,0.206635006,0,0.037357641,0.980315053,0.002402733,1.2243077,-1.221904967,Erosion,-1.128103187
SEFCRI,SEFCRI,SEFCRI,SEFCRI,2024,3243,26.37471,-80.0546,16.15439948,790.960452,70.37902211,0,0,0,77,6,0,0,0,0.185010412,0.36341331,0,0.731812086,0,1.280235808,-1.280235808,Erosion,-1.181956154
SEFCRI,SEFCRI,SEFCRI,SEFCRI,2024,3237,26.17644,-80.07409,20.57399935,875.7062147,61.24041697,0,0,0,94,2,0,0,0,0.225856867,0.12113777,NA,0.9689832,0,1.315977837,-1.315977837,Erosion,-1.21495438
SEFCRI,SEFCRI,SEFCRI,SEFCRI,2024,3213,26.04499,-80.09395,14.32559954,875.7062147,103.6493085,1,0,0,96,0,0.067922448,0,0,0.230662332,0,0,1.270891543,0.067922448,1.501553875,-1.433631427,Erosion,-1.323576076
SEFCRI,SEFCRI,SEFCRI,SEFCRI,2024,3128,26.02873,-80.10092,7.619999756,2768.361582,241.2338162,2,0,0,77,0,0.073554922,0,0,0.185010412,0,0,1.360821126,0.073554922,1.545831538,-1.472276616,Erosion,-1.359254596
SEFCRI,SEFCRI,SEFCRI,SEFCRI,2024,3142,25.87473,-80.10097,9.448799698,5508.474576,98.17870955,0,2,0,88,1,0,0.004805465,0,0.211440471,0.060568885,0,1.262612905,0.004805465,1.534622261,-1.529816796,Erosion,-1.412377599
SEFCRI,SEFCRI,SEFCRI,SEFCRI,2024,3152,26.38195,-80.06116,10.05839968,169.4915254,10.12156299,1,0,0,77,21,0.062061648,0,0,0.185010412,1.271946585,0,0.175625641,0.062061648,1.632582638,-1.57052099,Erosion,-1.44995706
SEFCRI,SEFCRI,SEFCRI,SEFCRI,2024,3135,26.06551,-80.09974,8.077199742,1186.440678,108.7355306,0,0,0,97,0,0,0,0,0.233065065,0,0,1.7946679,0,2.027732965,-2.027732965,Erosion,-1.872070318
SEFCRI,SEFCRI,SEFCRI,SEFCRI,2024,3246,26.52139,-80.03164,19.65959938,2429.378531,259.9084609,2,0,0,88,0,0.120648413,0,0,0.211440471,0,0,2.514097987,0.120648413,2.725538458,-2.604890045,Erosion,-2.404920874
SEFCRI,SEFCRI,SEFCRI,SEFCRI,2024,3151,26.31862,-80.06701,10.66799966,762.7118644,159.5239427,1,1,0,74,5,0.052725965,0.002402733,0,0.177802214,0.302844425,0,2.570761361,0.055128698,3.051408,-2.996279303,Erosion,-2.766264417
