,REGION,SUB_REGION,SUB_REGION_2,HABITAT_TYPE,YEAR,PRIMARY_SAMPLE_UNIT,LAT_DEGREES,LON_DEGREES,CORAL_NCRMP_CODE,CORAL_REEFBUDGET_CODE,CORAL_ID,CORAL_MORPHOLOGY,PERCENT_COVER
0,DRTO,DryTortugas,DRTO,Forereef,2016,2069,24.7025184,-82.77184887,AGA AGAR,AGA,Agaricia agaricites,encrusting,1.0
1,DRTO,DryTortugas,DRTO,Forereef,2016,2069,24.7025184,-82.77184887,MAD FORM,MDF,Madracis formosa,branching,1.0
2,DRTO,DryTortugas,DRTO,Forereef,2016,2069,24.7025184,-82.77184887,MON CAVE,MOC,Montastraea cavernosa,massive,1.0
3,DRTO,DryTortugas,DRTO,Forereef,2016,2069,24.7025184,-82.77184887,STE INTE,STI,Stephanocoenia intersepta,submassive,1.0
4,DRTO,DryTortugas,DRTO,Forereef,2016,2072,24.72435,-82.8107,AGA AGAR,AGA,Agaricia agaricites,encrusting,1.0
5,DRTO,DryTortugas,DRTO,Forereef,2016,2072,24.72435,-82.8107,COL NATA,CON,Colpophyllia natans,massive,4.0
6,DRTO,DryTortugas,DRTO,Forereef,2016,2072,24.72435,-82.8107,DIP LABY,DIL,Diploria labyrinthiformis,massive,2.0
7,DRTO,DryTortugas,DRTO,Forereef,2016,2072,24.72435,-82.8107,MON CAVE,MOC,Montastraea cavernosa,massive,4.0
8,DRTO,DryTortugas,DRTO,Forereef,2016,2072,24.72435,-82.8107,ORB FRAN,ORFR,Orbicella franksi,massive,12.0
9,DRTO,DryTortugas,DRTO,Forereef,2016,2072,24.72435,-82.8107,POR ASTR,POA,Porites astreoides,submassive,1.0
10,DRTO,DryTortugas,DRTO,Forereef,2016,2072,24.72435,-82.8107,POR FURC,POF,Porites furcata,branching,1.0
11,DRTO,DryTortugas,DRTO,Forereef,2016,2073,24.60679,-82.8719,MAD DECA,MDD,Madracis decactis,encrusting,1.0
12,DRTO,DryTortugas,DRTO,Forereef,2016,2073,24.60679,-82.8719,MON CAVE,MOC,Montastraea cavernosa,massive,3.0
13,DRTO,DryTortugas,DRTO,Forereef,2016,2073,24.60679,-82.8719,ORB FRAN,ORFR,Orbicella franksi,massive,3.0
14,DRTO,DryTortugas,DRTO,Forereef,2016,2073,24.60679,-82.8719,POR ASTR,POA,Porites astreoides,submassive,2.0
15,DRTO,DryTortugas,DRTO,Forereef,2016,2073,24.60679,-82.8719,SID SIDE,SIS,Siderastrea siderea,massive,4.0
16,DRTO,DryTortugas,DRTO,Forereef,2016,2073,24.60679,-82.8719,STE INTE,STI,Stephanocoenia intersepta,submassive,3.0
17,DRTO,DryTortugas,DRTO,Forereef,2016,2078,24.65183,-82.95745,MON CAVE,MOC,Montastraea cavernosa,massive,12.0
18,DRTO,DryTortugas,DRTO,Forereef,2016,2078,24.65183,-82.95745,ORB FRAN,ORFR,Orbicella franksi,massive,4.0
19,DRTO,DryTortugas,DRTO,Forereef,2016,2078,24.65183,-82.95745,POR ASTR,POA,Porites astreoides,submassive,2.0
20,DRTO,DryTortugas,DRTO,Forereef,2016,2078,24.65183,-82.95745,SID SIDE,SIS,Siderastrea siderea,massive,2.0
21,DRTO,DryTortugas,DRTO,Forereef,2016,2078,24.65183,-82.95745,STE INTE,STI,Stephanocoenia intersepta,submassive,4.0
22,DRTO,DryTortugas,DRTO,Forereef,2016,2081,24.69691,-82.85974,MON CAVE,MOC,Montastraea cavernosa,massive,1.0
23,DRTO,DryTortugas,DRTO,Forereef,2016,2088,24.58912,-82.94318,MON CAVE,MOC,Montastraea cavernosa,massive,2.0
24,DRTO,DryTortugas,DRTO,Forereef,2016,2088,24.58912,-82.94318,ORB FAVE,ORF,Orbicella faveolata,massive,1.0
25,DRTO,DryTortugas,DRTO,Forereef,2016,2088,24.58912,-82.94318,ORB FRAN,ORFR,Orbicella franksi,massive,2.0
26,DRTO,DryTortugas,DRTO,Forereef,2016,2088,24.58912,-82.94318,POR ASTR,POA,Porites astreoides,submassive,3.0
27,DRTO,DryTortugas,DRTO,Forereef,2016,2088,24.58912,-82.94318,SID SIDE,SIS,Siderastrea siderea,massive,5.0
28,DRTO,DryTortugas,DRTO,Forereef,2016,2091,24.63534,-82.84103,SID SIDE,SIS,Siderastrea siderea,massive,2.0
29,DRTO,DryTortugas,DRTO,Forereef,2016,2091,24.63534,-82.84103,STE INTE,STI,Stephanocoenia intersepta,submassive,2.0
30,DRTO,DryTortugas,DRTO,Forereef,2016,2093,24.65625339,-82.78432198,MUS ANGU,MUA,Mussa angulosa,submassive,1.0
31,DRTO,DryTortugas,DRTO,Forereef,2016,2093,24.65625339,-82.78432198,POR ASTR,POA,Porites astreoides,submassive,2.0
32,DRTO,DryTortugas,DRTO,Forereef,2016,2093,24.65625339,-82.78432198,SID SIDE,SIS,Siderastrea siderea,massive,1.0
33,DRTO,DryTortugas,DRTO,Forereef,2016,2097,24.72367,-82.78785,MON CAVE,MOC,Montastraea cavernosa,massive,4.0
34,DRTO,DryTortugas,DRTO,Forereef,2016,2097,24.72367,-82.78785,ORB FRAN,ORFR,Orbicella franksi,massive,2.0
35,DRTO,DryTortugas,DRTO,Forereef,2016,2097,24.72367,-82.78785,POR ASTR,POA,Porites astreoides,submassive,2.0
36,DRTO,DryTortugas,DRTO,Forereef,2016,2097,24.72367,-82.78785,STE INTE,STI,Stephanocoenia intersepta,submassive,4.0
37,DRTO,DryTortugas,DRTO,Forereef,2016,2098,24.72343,-82.83911,MAD DECA,MDD,Madracis decactis,encrusting,1.0
38,DRTO,DryTortugas,DRTO,Forereef,2016,2098,24.72343,-82.83911,MON CAVE,MOC,Montastraea cavernosa,massive,1.0
39,DRTO,DryTortugas,DRTO,Forereef,2016,2098,24.72343,-82.83911,POR ASTR,POA,Porites astreoides,submassive,1.0
40,DRTO,DryTortugas,DRTO,Forereef,2016,2098,24.72343,-82.83911,STE INTE,STI,Stephanocoenia intersepta,submassive,2.0
41,DRTO,DryTortugas,DRTO,Forereef,2016,2099,24.72701,-82.81797,MON CAVE,MOC,Montastraea cavernosa,massive,4.597701149
42,DRTO,DryTortugas,DRTO,Forereef,2016,2099,24.72701,-82.81797,ORB FAVE,ORF,Orbicella faveolata,massive,2.298850575
43,DRTO,DryTortugas,DRTO,Forereef,2016,2099,24.72701,-82.81797,ORB FRAN,ORFR,Orbicella franksi,massive,6.896551724
44,DRTO,DryTortugas,DRTO,Forereef,2016,2099,24.72701,-82.81797,POR ASTR,POA,Porites astreoides,submassive,1.149425287
45,DRTO,DryTortugas,DRTO,Forereef,2016,2099,24.72701,-82.81797,STE INTE,STI,Stephanocoenia intersepta,submassive,1.149425287
46,DRTO,DryTortugas,DRTO,Forereef,2016,2101,24.72773502,-82.77866436,MAD DECA,MDD,Madracis decactis,encrusting,1.0
47,DRTO,DryTortugas,DRTO,Forereef,2016,2101,24.72773502,-82.77866436,MON CAVE,MOC,Montastraea cavernosa,massive,4.0
48,DRTO,DryTortugas,DRTO,Forereef,2016,2101,24.72773502,-82.77866436,POR ASTR,POA,Porites astreoides,submassive,1.0
49,DRTO,DryTortugas,DRTO,Forereef,2016,2101,24.72773502,-82.77866436,SID SIDE,SIS,Siderastrea siderea,massive,1.0
50,DRTO,DryTortugas,DRTO,Forereef,2016,2103,24.63315,-82.96631,SID SIDE,SIS,Siderastrea siderea,massive,2.0
51,DRTO,DryTortugas,DRTO,Lagoon,2016,2106,24.66313,-82.85821,COL NATA,CON,Colpophyllia natans,massive,2.0
52,DRTO,DryTortugas,DRTO,Forereef,2016,2112,24.72623,-82.80449,,,,,0.0
53,DRTO,DryTortugas,DRTO,Forereef,2016,2114,24.56779,-82.94888,MON CAVE,MOC,Montastraea cavernosa,massive,1.0
54,DRTO,DryTortugas,DRTO,Forereef,2016,2114,24.56779,-82.94888,ORB FRAN,ORFR,Orbicella franksi,massive,1.0
55,DRTO,DryTortugas,DRTO,Forereef,2016,2114,24.56779,-82.94888,SID SIDE,SIS,Siderastrea siderea,massive,5.0
56,DRTO,DryTortugas,DRTO,Forereef,2016,2114,24.56779,-82.94888,STE INTE,STI,Stephanocoenia intersepta,submassive,1.0
57,DRTO,DryTortugas,DRTO,Lagoon,2016,2116,24.58163,-82.92727,COL NATA,CON,Colpophyllia natans,massive,1.0
58,DRTO,DryTortugas,DRTO,Lagoon,2016,2116,24.58163,-82.92727,MON CAVE,MOC,Montastraea cavernosa,massive,2.0
59,DRTO,DryTortugas,DRTO,Lagoon,2016,2126,24.61373,-82.92942,MON CAVE,MOC,Montastraea cavernosa,massive,2.0
60,DRTO,DryTortugas,DRTO,Lagoon,2016,2126,24.61373,-82.92942,ORB FRAN,ORFR,Orbicella franksi,massive,4.0
61,DRTO,DryTortugas,DRTO,Lagoon,2016,2126,24.61373,-82.92942,POR ASTR,POA,Porites astreoides,submassive,1.0
62,DRTO,DryTortugas,DRTO,Lagoon,2016,2126,24.61373,-82.92942,PSE STRI,PSS,Pseudodiploria strigosa,massive,1.0
63,DRTO,DryTortugas,DRTO,Lagoon,2016,2126,24.61373,-82.92942,SID SIDE,SIS,Siderastrea siderea,massive,5.0
64,DRTO,DryTortugas,DRTO,Forereef,2016,2134,24.62085,-82.86258,MON CAVE,MOC,Montastraea cavernosa,massive,1.0
65,DRTO,DryTortugas,DRTO,Forereef,2016,2134,24.62085,-82.86258,ORB FAVE,ORF,Orbicella faveolata,massive,2.0
66,DRTO,DryTortugas,DRTO,Forereef,2016,2134,24.62085,-82.86258,POR PORI,POP,Porites porites,branching,1.0
67,DRTO,DryTortugas,DRTO,Forereef,2016,2134,24.62085,-82.86258,SID SIDE,SIS,Siderastrea siderea,massive,1.0
68,DRTO,DryTortugas,DRTO,Forereef,2016,2134,24.62085,-82.86258,STE INTE,STI,Stephanocoenia intersepta,submassive,1.0
69,DRTO,DryTortugas,DRTO,Forereef,2016,2138,24.63125,-82.85759,MON CAVE,MOC,Montastraea cavernosa,massive,4.0
70,DRTO,DryTortugas,DRTO,Forereef,2016,2138,24.63125,-82.85759,SID RADI,SIR,Siderastrea radians,encrusting,1.0
71,DRTO,DryTortugas,DRTO,Forereef,2016,2138,24.63125,-82.85759,SID SIDE,SIS,Siderastrea siderea,massive,1.0
72,DRTO,DryTortugas,DRTO,Forereef,2016,2141,24.60046,-82.87341,MON CAVE,MOC,Montastraea cavernosa,massive,2.0
73,DRTO,DryTortugas,DRTO,Forereef,2016,2141,24.60046,-82.87341,SOL BOUR,SOB,Solenastrea bournoni,massive,1.0
74,DRTO,DryTortugas,DRTO,Forereef,2016,2141,24.60046,-82.87341,STE INTE,STI,Stephanocoenia intersepta,submassive,1.0
75,DRTO,DryTortugas,DRTO,Forereef,2016,2147,24.59145,-82.87435,ORB FAVE,ORF,Orbicella faveolata,massive,2.0
76,DRTO,DryTortugas,DRTO,Forereef,2016,2147,24.59145,-82.87435,ORB FRAN,ORFR,Orbicella franksi,massive,1.0
77,DRTO,DryTortugas,DRTO,Forereef,2016,2147,24.59145,-82.87435,SID RADI,SIR,Siderastrea radians,encrusting,2.0
78,DRTO,DryTortugas,DRTO,Forereef,2016,2147,24.59145,-82.87435,STE INTE,STI,Stephanocoenia intersepta,submassive,1.0
79,DRTO,DryTortugas,DRTO,Forereef,2016,2149,24.63844,-82.79448,ACR CERV,ACC,Acropora cervicornis,branching,3.0
80,DRTO,DryTortugas,DRTO,Forereef,2016,2150,24.68187042,-82.77555275,POR ASTR,POA,Porites astreoides,submassive,1.0
81,DRTO,DryTortugas,DRTO,Forereef,2016,2150,24.68187042,-82.77555275,SID SIDE,SIS,Siderastrea siderea,massive,2.0
82,DRTO,DryTortugas,DRTO,Forereef,2016,2150,24.68187042,-82.77555275,STE INTE,STI,Stephanocoenia intersepta,submassive,1.0
83,DRTO,DryTortugas,DRTO,Forereef,2016,2156,24.71759,-82.80542,STE INTE,STI,Stephanocoenia intersepta,submassive,1.0
84,DRTO,DryTortugas,DRTO,Forereef,2016,2157,24.71971,-82.81462,SID SIDE,SIS,Siderastrea siderea,massive,1.0
85,DRTO,DryTortugas,DRTO,Forereef,2016,2160,24.72118,-82.80761,MON CAVE,MOC,Montastraea cavernosa,massive,5.0
86,DRTO,DryTortugas,DRTO,Forereef,2016,2160,24.72118,-82.80761,ORB FRAN,ORFR,Orbicella franksi,massive,3.0
87,DRTO,DryTortugas,DRTO,Forereef,2016,2160,24.72118,-82.80761,POR ASTR,POA,Porites astreoides,submassive,1.0
88,DRTO,DryTortugas,DRTO,Forereef,2016,2160,24.72118,-82.80761,SID RADI,SIR,Siderastrea radians,encrusting,2.0
89,DRTO,DryTortugas,DRTO,Forereef,2016,2161,24.62953,-82.94263,,,,,0.0
90,DRTO,DryTortugas,DRTO,Forereef,2016,2164,24.64292,-82.93114,MON CAVE,MOC,Montastraea cavernosa,massive,1.0
91,DRTO,DryTortugas,DRTO,Forereef,2016,2164,24.64292,-82.93114,POR ASTR,POA,Porites astreoides,submassive,2.0
92,DRTO,DryTortugas,DRTO,Forereef,2016,2164,24.64292,-82.93114,SID SIDE,SIS,Siderastrea siderea,massive,3.0
93,DRTO,DryTortugas,DRTO,Forereef,2016,2166,24.58933,-82.8846,COL NATA,CON,Colpophyllia natans,massive,1.0
94,DRTO,DryTortugas,DRTO,Forereef,2016,2166,24.58933,-82.8846,DIP LABY,DIL,Diploria labyrinthiformis,massive,1.0
95,DRTO,DryTortugas,DRTO,Forereef,2016,2166,24.58933,-82.8846,HEL CUCU,HLC,Helioceris cucullata,plating,1.0
96,DRTO,DryTortugas,DRTO,Forereef,2016,2166,24.58933,-82.8846,MON CAVE,MOC,Montastraea cavernosa,massive,4.0
97,DRTO,DryTortugas,DRTO,Forereef,2016,2166,24.58933,-82.8846,POR ASTR,POA,Porites astreoides,submassive,2.0
98,DRTO,DryTortugas,DRTO,Forereef,2016,2166,24.58933,-82.8846,PSE STRI,PSS,Pseudodiploria strigosa,massive,2.0
99,DRTO,DryTortugas,DRTO,Forereef,2016,2166,24.58933,-82.8846,SID RADI,SIR,Siderastrea radians,encrusting,2.0
100,DRTO,DryTortugas,DRTO,Forereef,2016,2166,24.58933,-82.8846,SID SIDE,SIS,Siderastrea siderea,massive,12.0
101,DRTO,DryTortugas,DRTO,Forereef,2016,2166,24.58933,-82.8846,STE INTE,STI,Stephanocoenia intersepta,submassive,2.0
102,DRTO,DryTortugas,DRTO,Forereef,2016,2178,24.62725,-82.82698,SID SIDE,SIS,Siderastrea siderea,massive,2.0
103,DRTO,DryTortugas,DRTO,Lagoon,2016,2193,24.64112,-82.81892,MON CAVE,MOC,Montastraea cavernosa,massive,2.02020202
104,DRTO,DryTortugas,DRTO,Lagoon,2016,2193,24.64112,-82.81892,STE INTE,STI,Stephanocoenia intersepta,submassive,1.01010101
105,DRTO,DryTortugas,DRTO,Lagoon,2016,2205,24.62035,-82.92306,MEA MEAN,MEM,Meandrina meandrites,massive,1.0
106,DRTO,DryTortugas,DRTO,Lagoon,2016,2205,24.62035,-82.92306,MON CAVE,MOC,Montastraea cavernosa,massive,1.0
107,DRTO,DryTortugas,DRTO,Lagoon,2016,2205,24.62035,-82.92306,ORB FAVE,ORF,Orbicella faveolata,massive,3.0
108,DRTO,DryTortugas,DRTO,Lagoon,2016,2205,24.62035,-82.92306,POR ASTR,POA,Porites astreoides,submassive,1.0
109,DRTO,DryTortugas,DRTO,Lagoon,2016,2205,24.62035,-82.92306,SID SIDE,SIS,Siderastrea siderea,massive,1.0
110,DRTO,DryTortugas,DRTO,Lagoon,2016,2205,24.62035,-82.92306,SOL BOUR,SOB,Solenastrea bournoni,massive,1.0
111,DRTO,DryTortugas,DRTO,Lagoon,2016,2206,24.62184,-82.90118,SID SIDE,SIS,Siderastrea siderea,massive,1.0
112,DRTO,DryTortugas,DRTO,Forereef,2016,2207,24.63338,-82.93345,SID SIDE,SIS,Siderastrea siderea,massive,1.0
113,DRTO,DryTortugas,DRTO,Forereef,2016,2209,24.6875,-82.88503,PSE STRI,PSS,Pseudodiploria strigosa,massive,1.0
114,DRTO,DryTortugas,DRTO,Forereef,2016,2209,24.6875,-82.88503,SID SIDE,SIS,Siderastrea siderea,massive,1.0
115,DRTO,DryTortugas,DRTO,Forereef,2016,2210,24.55088,-82.9284,POR ASTR,POA,Porites astreoides,submassive,1.0
116,DRTO,DryTortugas,DRTO,Forereef,2016,2210,24.55088,-82.9284,SID SIDE,SIS,Siderastrea siderea,massive,1.0
117,DRTO,DryTortugas,DRTO,Forereef,2016,2210,24.55088,-82.9284,STE INTE,STI,Stephanocoenia intersepta,submassive,1.0
118,DRTO,DryTortugas,DRTO,Forereef,2016,2211,24.56519,-82.94097,MON CAVE,MOC,Montastraea cavernosa,massive,1.0
119,DRTO,DryTortugas,DRTO,Forereef,2016,2211,24.56519,-82.94097,ORB FAVE,ORF,Orbicella faveolata,massive,4.0
120,DRTO,DryTortugas,DRTO,Forereef,2016,2211,24.56519,-82.94097,ORB FRAN,ORFR,Orbicella franksi,massive,1.0
121,DRTO,DryTortugas,DRTO,Forereef,2016,2212,24.57709,-82.90421,,,,,0.0
122,DRTO,DryTortugas,DRTO,Forereef,2016,2220,24.64482,-82.94013,DIC STOK,DCS,Dichocoenia stokesii,massive,1.0
123,DRTO,DryTortugas,DRTO,Forereef,2016,2220,24.64482,-82.94013,FAV FRAG,FVF,Favia fragum,submassive,1.0
124,DRTO,DryTortugas,DRTO,Forereef,2016,2220,24.64482,-82.94013,ORB FAVE,ORF,Orbicella faveolata,massive,1.0
125,DRTO,DryTortugas,DRTO,Forereef,2016,2220,24.64482,-82.94013,ORB FRAN,ORFR,Orbicella franksi,massive,2.0
126,DRTO,DryTortugas,DRTO,Forereef,2016,2220,24.64482,-82.94013,SID SIDE,SIS,Siderastrea siderea,massive,1.0
127,DRTO,DryTortugas,DRTO,Forereef,2016,2222,24.69668786,-82.92490502,AGA AGAR,AGA,Agaricia agaricites,encrusting,1.0
128,DRTO,DryTortugas,DRTO,Forereef,2016,2222,24.69668786,-82.92490502,DIC STOK,DCS,Dichocoenia stokesii,massive,1.0
129,DRTO,DryTortugas,DRTO,Forereef,2016,2222,24.69668786,-82.92490502,ORB FAVE,ORF,Orbicella faveolata,massive,12.0
130,DRTO,DryTortugas,DRTO,Forereef,2016,2226,24.71857,-82.85067,MON CAVE,MOC,Montastraea cavernosa,massive,2.0
131,DRTO,DryTortugas,DRTO,Forereef,2016,2226,24.71857,-82.85067,POR ASTR,POA,Porites astreoides,submassive,1.0
132,DRTO,DryTortugas,DRTO,Forereef,2016,2226,24.71857,-82.85067,POR PORI,POP,Porites porites,branching,1.0
133,DRTO,DryTortugas,DRTO,Forereef,2016,2226,24.71857,-82.85067,SID SIDE,SIS,Siderastrea siderea,massive,2.0
134,DRTO,DryTortugas,DRTO,Forereef,2016,2226,24.71857,-82.85067,STE INTE,STI,Stephanocoenia intersepta,submassive,1.0
135,DRTO,DryTortugas,DRTO,Forereef,2016,2229,24.57847,-82.97454,MON CAVE,MOC,Montastraea cavernosa,massive,3.0
136,DRTO,DryTortugas,DRTO,Forereef,2016,2229,24.57847,-82.97454,ORB FRAN,ORFR,Orbicella franksi,massive,2.0
137,DRTO,DryTortugas,DRTO,Forereef,2016,2229,24.57847,-82.97454,POR ASTR,POA,Porites astreoides,submassive,3.0
138,DRTO,DryTortugas,DRTO,Forereef,2016,2229,24.57847,-82.97454,SID SIDE,SIS,Siderastrea siderea,massive,7.0
139,DRTO,DryTortugas,DRTO,Lagoon,2016,2236,24.65709,-82.86862,COL NATA,CON,Colpophyllia natans,massive,2.0
140,DRTO,DryTortugas,DRTO,Lagoon,2016,2236,24.65709,-82.86862,MON CAVE,MOC,Montastraea cavernosa,massive,1.0
141,DRTO,DryTortugas,DRTO,Lagoon,2016,2236,24.65709,-82.86862,MYC ALIC,MYA,Mycetophyllia aliciae,plating,1.0
142,DRTO,DryTortugas,DRTO,Lagoon,2016,2236,24.65709,-82.86862,ORB FAVE,ORF,Orbicella faveolata,massive,4.0
143,DRTO,DryTortugas,DRTO,Lagoon,2016,2236,24.65709,-82.86862,POR FURC,POF,Porites furcata,branching,1.0
144,DRTO,DryTortugas,DRTO,Lagoon,2016,2236,24.65709,-82.86862,SID SIDE,SIS,Siderastrea siderea,massive,3.0
145,DRTO,DryTortugas,DRTO,Lagoon,2016,2236,24.65709,-82.86862,STE INTE,STI,Stephanocoenia intersepta,submassive,1.0
146,DRTO,DryTortugas,DRTO,Forereef,2016,2237,24.546,-82.95488,MEA MEAN,MEM,Meandrina meandrites,massive,1.0
147,DRTO,DryTortugas,DRTO,Forereef,2016,2238,24.54199,-82.94307,MON CAVE,MOC,Montastraea cavernosa,massive,1.0
148,DRTO,DryTortugas,DRTO,Forereef,2016,2238,24.54199,-82.94307,ORB FAVE,ORF,Orbicella faveolata,massive,2.0
149,DRTO,DryTortugas,DRTO,Forereef,2016,2238,24.54199,-82.94307,ORB FRAN,ORFR,Orbicella franksi,massive,3.0
150,DRTO,DryTortugas,DRTO,Forereef,2016,2238,24.54199,-82.94307,SID SIDE,SIS,Siderastrea siderea,massive,1.0
151,DRTO,DryTortugas,DRTO,Lagoon,2016,2249,24.68833,-82.84195,DIP LABY,DIL,Diploria labyrinthiformis,massive,1.0
152,DRTO,DryTortugas,DRTO,Lagoon,2016,2249,24.68833,-82.84195,POR ASTR,POA,Porites astreoides,submassive,1.0
153,DRTO,DryTortugas,DRTO,Lagoon,2016,2249,24.68833,-82.84195,SID SIDE,SIS,Siderastrea siderea,massive,1.0
154,DRTO,DryTortugas,DRTO,Forereef,2016,2250,24.60877,-82.93293,ORB FAVE,ORF,Orbicella faveolata,massive,4.0
155,DRTO,DryTortugas,DRTO,Forereef,2016,2250,24.60877,-82.93293,ORB FRAN,ORFR,Orbicella franksi,massive,8.0
156,DRTO,DryTortugas,DRTO,Forereef,2016,2250,24.60877,-82.93293,POR ASTR,POA,Porites astreoides,submassive,1.0
157,DRTO,DryTortugas,DRTO,Forereef,2016,2250,24.60877,-82.93293,POR PORI,POP,Porites porites,branching,5.0
158,DRTO,DryTortugas,DRTO,Forereef,2016,2250,24.60877,-82.93293,SID SIDE,SIS,Siderastrea siderea,massive,6.0
159,DRTO,DryTortugas,DRTO,Forereef,2016,2253,24.63216,-82.94773,MAD DECA,MDD,Madracis decactis,encrusting,1.0
160,DRTO,DryTortugas,DRTO,Forereef,2016,2253,24.63216,-82.94773,MON CAVE,MOC,Montastraea cavernosa,massive,12.0
161,DRTO,DryTortugas,DRTO,Forereef,2016,2253,24.63216,-82.94773,SID SIDE,SIS,Siderastrea siderea,massive,1.0
162,DRTO,DryTortugas,DRTO,Forereef,2016,2253,24.63216,-82.94773,STE INTE,STI,Stephanocoenia intersepta,submassive,3.0
163,DRTO,DryTortugas,DRTO,Lagoon,2016,2254,24.64221,-82.85604,COL NATA,CON,Colpophyllia natans,massive,5.0
164,DRTO,DryTortugas,DRTO,Lagoon,2016,2254,24.64221,-82.85604,MON CAVE,MOC,Montastraea cavernosa,massive,4.0
165,DRTO,DryTortugas,DRTO,Lagoon,2016,2254,24.64221,-82.85604,ORB FAVE,ORF,Orbicella faveolata,massive,1.0
166,DRTO,DryTortugas,DRTO,Lagoon,2016,2254,24.64221,-82.85604,POR ASTR,POA,Porites astreoides,submassive,1.0
167,DRTO,DryTortugas,DRTO,Lagoon,2016,2254,24.64221,-82.85604,PSE STRI,PSS,Pseudodiploria strigosa,massive,2.0
168,DRTO,DryTortugas,DRTO,Lagoon,2016,2254,24.64221,-82.85604,SID SIDE,SIS,Siderastrea siderea,massive,5.0
169,DRTO,DryTortugas,DRTO,Forereef,2016,2255,24.66092882,-82.93717822,AGA LAMA,AGL,Agaricia lamarcki,plating,5.0
170,DRTO,DryTortugas,DRTO,Forereef,2016,2255,24.66092882,-82.93717822,MON CAVE,MOC,Montastraea cavernosa,massive,7.0
171,DRTO,DryTortugas,DRTO,Forereef,2016,2255,24.66092882,-82.93717822,POR ASTR,POA,Porites astreoides,submassive,1.0
172,DRTO,DryTortugas,DRTO,Forereef,2016,2255,24.66092882,-82.93717822,POR PORI,POP,Porites porites,branching,2.0
173,DRTO,DryTortugas,DRTO,Forereef,2016,2255,24.66092882,-82.93717822,SID SIDE,SIS,Siderastrea siderea,massive,2.0
174,DRTO,DryTortugas,DRTO,Lagoon,2016,2257,24.66716,-82.87287,MON CAVE,MOC,Montastraea cavernosa,massive,1.0
175,DRTO,DryTortugas,DRTO,Lagoon,2016,2257,24.66716,-82.87287,SID SIDE,SIS,Siderastrea siderea,massive,1.0
176,DRTO,DryTortugas,DRTO,Lagoon,2016,2257,24.66716,-82.87287,SOL BOUR,SOB,Solenastrea bournoni,massive,4.0
177,DRTO,DryTortugas,DRTO,Forereef,2016,2260,24.61995,-82.96973,MON CAVE,MOC,Montastraea cavernosa,massive,2.0
178,DRTO,DryTortugas,DRTO,Forereef,2016,2260,24.61995,-82.96973,MYC ALIC,MYA,Mycetophyllia aliciae,plating,1.0
179,DRTO,DryTortugas,DRTO,Forereef,2016,2260,24.61995,-82.96973,POR ASTR,POA,Porites astreoides,submassive,1.0
180,DRTO,DryTortugas,DRTO,Forereef,2016,2260,24.61995,-82.96973,SID RADI,SIR,Siderastrea radians,encrusting,1.0
181,DRTO,DryTortugas,DRTO,Forereef,2016,2260,24.61995,-82.96973,SID SIDE,SIS,Siderastrea siderea,massive,3.0
182,DRTO,DryTortugas,DRTO,Forereef,2016,2261,24.62957,-82.96538,MON CAVE,MOC,Montastraea cavernosa,massive,4.0
183,DRTO,DryTortugas,DRTO,Forereef,2016,2261,24.62957,-82.96538,ORB FRAN,ORFR,Orbicella franksi,massive,4.0
184,DRTO,DryTortugas,DRTO,Forereef,2016,2261,24.62957,-82.96538,POR ASTR,POA,Porites astreoides,submassive,9.0
185,DRTO,DryTortugas,DRTO,Forereef,2016,2261,24.62957,-82.96538,SID SIDE,SIS,Siderastrea siderea,massive,3.0
186,DRTO,DryTortugas,DRTO,Forereef,2016,2261,24.62957,-82.96538,STE INTE,STI,Stephanocoenia intersepta,submassive,1.0
187,DRTO,DryTortugas,DRTO,Forereef,2016,2262,24.64763,-82.95693,,,,,0.0
188,DRTO,DryTortugas,DRTO,Bank,2016,2266,24.61279205,-83.03517767,ORB FAVE,ORF,Orbicella faveolata,massive,6.0
189,DRTO,DryTortugas,DRTO,Bank,2016,2266,24.61279205,-83.03517767,POR ASTR,POA,Porites astreoides,submassive,1.0
190,DRTO,DryTortugas,DRTO,Bank,2016,2266,24.61279205,-83.03517767,SID SIDE,SIS,Siderastrea siderea,massive,1.0
191,DRTO,DryTortugas,DRTO,Bank,2016,2266,24.61279205,-83.03517767,STE INTE,STI,Stephanocoenia intersepta,submassive,1.0
192,DRTO,DryTortugas,DRTO,Bank,2016,2268,24.62397795,-83.09949344,,,,,0.0
193,DRTO,DryTortugas,DRTO,Bank,2016,2270,24.64895711,-83.102595,AGA LAMA,AGL,Agaricia lamarcki,plating,1.0
194,DRTO,DryTortugas,DRTO,Bank,2016,2270,24.64895711,-83.102595,MON CAVE,MOC,Montastraea cavernosa,massive,1.0
195,DRTO,DryTortugas,DRTO,Bank,2016,2270,24.64895711,-83.102595,ORB FAVE,ORF,Orbicella faveolata,massive,1.0
196,DRTO,DryTortugas,DRTO,Bank,2016,2278,24.68256,-83.01213,MON CAVE,MOC,Montastraea cavernosa,massive,1.0
197,DRTO,DryTortugas,DRTO,Bank,2016,2278,24.68256,-83.01213,ORB FAVE,ORF,Orbicella faveolata,massive,1.0
198,DRTO,DryTortugas,DRTO,Bank,2016,2288,24.65600688,-83.08527463,,,,,0.0
199,DRTO,DryTortugas,DRTO,Bank,2016,2295,24.67969,-83.02558,COL NATA,CON,Colpophyllia natans,massive,2.0
200,DRTO,DryTortugas,DRTO,Bank,2016,2295,24.67969,-83.02558,MON CAVE,MOC,Montastraea cavernosa,massive,1.0
201,DRTO,DryTortugas,DRTO,Bank,2016,2295,24.67969,-83.02558,ORB FRAN,ORFR,Orbicella franksi,massive,5.0
202,DRTO,DryTortugas,DRTO,Bank,2016,2295,24.67969,-83.02558,POR ASTR,POA,Porites astreoides,submassive,2.0
203,DRTO,DryTortugas,DRTO,Bank,2016,2295,24.67969,-83.02558,POR FURC,POF,Porites furcata,branching,1.0
204,DRTO,DryTortugas,DRTO,Bank,2016,2295,24.67969,-83.02558,PSE STRI,PSS,Pseudodiploria strigosa,massive,2.0
205,DRTO,DryTortugas,DRTO,Bank,2016,2295,24.67969,-83.02558,SID RADI,SIR,Siderastrea radians,encrusting,2.0
206,DRTO,DryTortugas,DRTO,Bank,2016,2305,24.70013,-83.00943,SID SIDE,SIS,Siderastrea siderea,massive,1.204819277
207,DRTO,DryTortugas,DRTO,Bank,2016,2309,24.6767857,-83.08162767,AGA AGAR,AGA,Agaricia agaricites,encrusting,1.0
208,DRTO,DryTortugas,DRTO,Bank,2016,2309,24.6767857,-83.08162767,MON CAVE,MOC,Montastraea cavernosa,massive,2.0
209,DRTO,DryTortugas,DRTO,Bank,2016,2309,24.6767857,-83.08162767,POR ASTR,POA,Porites astreoides,submassive,1.0
210,DRTO,DryTortugas,DRTO,Bank,2016,2311,24.70403,-83.04774,AGA AGAR,AGA,Agaricia agaricites,encrusting,2.0
211,DRTO,DryTortugas,DRTO,Bank,2016,2311,24.70403,-83.04774,AGA FRAG,AGF,Agaricia fragilis,plating,1.0
212,DRTO,DryTortugas,DRTO,Bank,2016,2311,24.70403,-83.04774,MON CAVE,MOC,Montastraea cavernosa,massive,1.0
213,DRTO,DryTortugas,DRTO,Bank,2016,2311,24.70403,-83.04774,ORB FAVE,ORF,Orbicella faveolata,massive,11.0
214,DRTO,DryTortugas,DRTO,Bank,2016,2325,24.66665014,-83.06764757,,,,,0.0
215,DRTO,DryTortugas,DRTO,Bank,2016,2328,24.6984,-82.99718,,,,,0.0
216,DRTO,DryTortugas,DRTO,Bank,2016,2329,24.71494,-82.98818,POR ASTR,POA,Porites astreoides,submassive,2.0
217,DRTO,DryTortugas,DRTO,Bank,2016,2333,24.66155,-83.0244,FAV FRAG,FVF,Favia fragum,submassive,1.0
218,DRTO,DryTortugas,DRTO,Bank,2016,2333,24.66155,-83.0244,MON CAVE,MOC,Montastraea cavernosa,massive,1.0
219,DRTO,DryTortugas,DRTO,Bank,2016,2333,24.66155,-83.0244,ORB FAVE,ORF,Orbicella faveolata,massive,1.0
220,DRTO,DryTortugas,DRTO,Bank,2016,2333,24.66155,-83.0244,SID RADI,SIR,Siderastrea radians,encrusting,1.0
221,DRTO,DryTortugas,DRTO,Bank,2016,2334,24.65450342,-83.03464081,COL NATA,CON,Colpophyllia natans,massive,5.0
222,DRTO,DryTortugas,DRTO,Bank,2016,2334,24.65450342,-83.03464081,MON CAVE,MOC,Montastraea cavernosa,massive,4.0
223,DRTO,DryTortugas,DRTO,Bank,2016,2334,24.65450342,-83.03464081,MYC FERO,MYF,Mycetophyllia ferox,plating,2.0
224,DRTO,DryTortugas,DRTO,Bank,2016,2334,24.65450342,-83.03464081,ORB FAVE,ORF,Orbicella faveolata,massive,2.0
225,DRTO,DryTortugas,DRTO,Bank,2016,2334,24.65450342,-83.03464081,POR ASTR,POA,Porites astreoides,submassive,1.0
226,DRTO,DryTortugas,DRTO,Bank,2016,2339,24.69092,-83.05819,AGA AGAR,AGA,Agaricia agaricites,encrusting,2.0
227,DRTO,DryTortugas,DRTO,Bank,2016,2339,24.69092,-83.05819,COL NATA,CON,Colpophyllia natans,massive,1.0
228,DRTO,DryTortugas,DRTO,Bank,2016,2339,24.69092,-83.05819,MON CAVE,MOC,Montastraea cavernosa,massive,1.0
229,DRTO,DryTortugas,DRTO,Bank,2016,2339,24.69092,-83.05819,ORB FAVE,ORF,Orbicella faveolata,massive,23.0
230,DRTO,DryTortugas,DRTO,Bank,2016,2339,24.69092,-83.05819,ORB FRAN,ORFR,Orbicella franksi,massive,2.0
231,DRTO,DryTortugas,DRTO,Bank,2016,2339,24.69092,-83.05819,POR ASTR,POA,Porites astreoides,submassive,5.0
232,DRTO,DryTortugas,DRTO,Bank,2016,2358,24.6933,-82.98184,MON CAVE,MOC,Montastraea cavernosa,massive,1.0
233,DRTO,DryTortugas,DRTO,Bank,2016,2362,24.70549,-83.01248,ORB FRAN,ORFR,Orbicella franksi,massive,1.0
234,DRTO,DryTortugas,DRTO,Bank,2016,2362,24.70549,-83.01248,STE INTE,STI,Stephanocoenia intersepta,submassive,2.0
235,DRTO,DryTortugas,DRTO,Bank,2016,2365,24.64244203,-83.02132825,MON CAVE,MOC,Montastraea cavernosa,massive,2.0
236,DRTO,DryTortugas,DRTO,Bank,2016,2365,24.64244203,-83.02132825,MYC ALIC,MYA,Mycetophyllia aliciae,plating,1.0
237,DRTO,DryTortugas,DRTO,Bank,2016,2365,24.64244203,-83.02132825,ORB FAVE,ORF,Orbicella faveolata,massive,3.0
238,DRTO,DryTortugas,DRTO,Bank,2016,2365,24.64244203,-83.02132825,POR ASTR,POA,Porites astreoides,submassive,1.0
239,DRTO,DryTortugas,DRTO,Bank,2016,2365,24.64244203,-83.02132825,SID SIDE,SIS,Siderastrea siderea,massive,2.0
240,DRTO,DryTortugas,DRTO,Bank,2016,2365,24.64244203,-83.02132825,STE INTE,STI,Stephanocoenia intersepta,submassive,3.0
241,DRTO,DryTortugas,DRTO,Bank,2016,2368,24.64973797,-83.01889842,MAD CARM,MDC,Madracis carmabi,branching,1.0
242,DRTO,DryTortugas,DRTO,Bank,2016,2368,24.64973797,-83.01889842,MAD DECA,MDD,Madracis decactis,encrusting,1.0
243,DRTO,DryTortugas,DRTO,Bank,2016,2368,24.64973797,-83.01889842,MON CAVE,MOC,Montastraea cavernosa,massive,9.0
244,DRTO,DryTortugas,DRTO,Bank,2016,2368,24.64973797,-83.01889842,ORB FAVE,ORF,Orbicella faveolata,massive,11.0
245,DRTO,DryTortugas,DRTO,Bank,2016,2368,24.64973797,-83.01889842,POR ASTR,POA,Porites astreoides,submassive,1.0
246,DRTO,DryTortugas,DRTO,Bank,2016,2370,24.66657,-83.02176,AGA AGAR,AGA,Agaricia agaricites,encrusting,2.0
247,DRTO,DryTortugas,DRTO,Bank,2016,2370,24.66657,-83.02176,AGA LAMA,AGL,Agaricia lamarcki,plating,5.0
248,DRTO,DryTortugas,DRTO,Bank,2016,2370,24.66657,-83.02176,DIP LABY,DIL,Diploria labyrinthiformis,massive,3.0
249,DRTO,DryTortugas,DRTO,Bank,2016,2370,24.66657,-83.02176,MON CAVE,MOC,Montastraea cavernosa,massive,6.0
250,DRTO,DryTortugas,DRTO,Bank,2016,2370,24.66657,-83.02176,ORB FRAN,ORFR,Orbicella franksi,massive,5.0
251,DRTO,DryTortugas,DRTO,Bank,2016,2370,24.66657,-83.02176,SID SIDE,SIS,Siderastrea siderea,massive,4.0
252,DRTO,DryTortugas,DRTO,Bank,2016,2370,24.66657,-83.02176,STE INTE,STI,Stephanocoenia intersepta,submassive,2.0
253,DRTO,DryTortugas,DRTO,Bank,2016,2372,24.68183,-82.99274,MON CAVE,MOC,Montastraea cavernosa,massive,4.0
254,DRTO,DryTortugas,DRTO,Bank,2016,2372,24.68183,-82.99274,ORB FAVE,ORF,Orbicella faveolata,massive,5.0
255,DRTO,DryTortugas,DRTO,Bank,2016,2372,24.68183,-82.99274,SID RADI,SIR,Siderastrea radians,encrusting,5.0
256,DRTO,DryTortugas,DRTO,Bank,2016,2373,24.6789,-82.99505,MEA MEAN,MEM,Meandrina meandrites,massive,1.0
257,DRTO,DryTortugas,DRTO,Bank,2016,2373,24.6789,-82.99505,MON CAVE,MOC,Montastraea cavernosa,massive,1.0
258,DRTO,DryTortugas,DRTO,Bank,2016,2373,24.6789,-82.99505,ORB FRAN,ORFR,Orbicella franksi,massive,1.0
259,DRTO,DryTortugas,DRTO,Bank,2016,2375,24.69744,-82.99547,MEA MEAN,MEM,Meandrina meandrites,massive,1.0
260,DRTO,DryTortugas,DRTO,Bank,2016,2375,24.69744,-82.99547,MON CAVE,MOC,Montastraea cavernosa,massive,1.0
261,DRTO,DryTortugas,DRTO,Bank,2016,2375,24.69744,-82.99547,MYC ALIC,MYA,Mycetophyllia aliciae,plating,1.0
262,DRTO,DryTortugas,DRTO,Bank,2016,2375,24.69744,-82.99547,MYC FERO,MYF,Mycetophyllia ferox,plating,1.0
263,DRTO,DryTortugas,DRTO,Bank,2016,2375,24.69744,-82.99547,ORB FRAN,ORFR,Orbicella franksi,massive,1.0
264,DRTO,DryTortugas,DRTO,Bank,2016,2375,24.69744,-82.99547,SID RADI,SIR,Siderastrea radians,encrusting,2.0
265,DRTO,DryTortugas,DRTO,Bank,2016,2375,24.69744,-82.99547,STE INTE,STI,Stephanocoenia intersepta,submassive,1.0
266,DRTO,DryTortugas,DRTO,Forereef,2016,2548,24.71864,-82.88831,MON CAVE,MOC,Montastraea cavernosa,massive,4.0
267,DRTO,DryTortugas,DRTO,Forereef,2016,2548,24.71864,-82.88831,STE INTE,STI,Stephanocoenia intersepta,submassive,1.0
268,DRTO,DryTortugas,DRTO,Forereef,2016,2549,24.72291,-82.8532,ORB FRAN,ORFR,Orbicella franksi,massive,1.0
269,DRTO,DryTortugas,DRTO,Forereef,2016,2550,24.57066,-82.92463,COL NATA,CON,Colpophyllia natans,massive,1.0
270,DRTO,DryTortugas,DRTO,Forereef,2016,2550,24.57066,-82.92463,ORB FRAN,ORFR,Orbicella franksi,massive,1.0
271,DRTO,DryTortugas,DRTO,Forereef,2016,2550,24.57066,-82.92463,POR ASTR,POA,Porites astreoides,submassive,1.0
272,DRTO,DryTortugas,DRTO,Forereef,2016,2550,24.57066,-82.92463,SID SIDE,SIS,Siderastrea siderea,massive,2.0
273,DRTO,DryTortugas,DRTO,Forereef,2016,2551,24.58288,-82.88835,MON CAVE,MOC,Montastraea cavernosa,massive,3.0
274,DRTO,DryTortugas,DRTO,Forereef,2016,2551,24.58288,-82.88835,SID RADI,SIR,Siderastrea radians,encrusting,1.0
275,DRTO,DryTortugas,DRTO,Forereef,2016,2551,24.58288,-82.88835,SOL BOUR,SOB,Solenastrea bournoni,massive,3.0
276,DRTO,DryTortugas,DRTO,Forereef,2016,2551,24.58288,-82.88835,STE INTE,STI,Stephanocoenia intersepta,submassive,1.0
277,DRTO,DryTortugas,DRTO,Forereef,2016,2552,24.60271,-82.97823,AGA AGAR,AGA,Agaricia agaricites,encrusting,1.0
278,DRTO,DryTortugas,DRTO,Forereef,2016,2552,24.60271,-82.97823,PSE STRI,PSS,Pseudodiploria strigosa,massive,1.0
279,DRTO,DryTortugas,DRTO,Forereef,2016,2552,24.60271,-82.97823,SID SIDE,SIS,Siderastrea siderea,massive,1.0
280,DRTO,DryTortugas,DRTO,Forereef,2016,2556,24.72403,-82.80654,SID SIDE,SIS,Siderastrea siderea,massive,1.0
281,DRTO,DryTortugas,DRTO,Forereef,2016,2556,24.72403,-82.80654,SOL BOUR,SOB,Solenastrea bournoni,massive,1.0
282,DRTO,DryTortugas,DRTO,Forereef,2016,2556,24.72403,-82.80654,STE INTE,STI,Stephanocoenia intersepta,submassive,1.0
283,DRTO,DryTortugas,DRTO,Lagoon,2016,2570,24.61438,-82.90212,POR ASTR,POA,Porites astreoides,submassive,3.0
284,DRTO,DryTortugas,DRTO,Lagoon,2016,2570,24.61438,-82.90212,POR FURC,POF,Porites furcata,branching,1.0
285,DRTO,DryTortugas,DRTO,Lagoon,2016,2570,24.61438,-82.90212,SID SIDE,SIS,Siderastrea siderea,massive,1.0
286,DRTO,DryTortugas,DRTO,Forereef,2016,2576,24.59865,-82.87169,POR ASTR,POA,Porites astreoides,submassive,1.0
287,DRTO,DryTortugas,DRTO,Forereef,2016,2576,24.59865,-82.87169,SID SIDE,SIS,Siderastrea siderea,massive,2.0
288,DRTO,DryTortugas,DRTO,Forereef,2016,2576,24.59865,-82.87169,STE INTE,STI,Stephanocoenia intersepta,submassive,1.0
289,DRTO,DryTortugas,DRTO,Forereef,2016,2581,24.61007,-82.87096,MON CAVE,MOC,Montastraea cavernosa,massive,1.0
290,DRTO,DryTortugas,DRTO,Forereef,2016,2581,24.61007,-82.87096,ORB FRAN,ORFR,Orbicella franksi,massive,8.0
291,DRTO,DryTortugas,DRTO,Forereef,2016,2581,24.61007,-82.87096,POR ASTR,POA,Porites astreoides,submassive,1.0
292,DRTO,DryTortugas,DRTO,Forereef,2016,2581,24.61007,-82.87096,SID RADI,SIR,Siderastrea radians,encrusting,5.0
293,DRTO,DryTortugas,DRTO,Forereef,2016,2581,24.61007,-82.87096,STE INTE,STI,Stephanocoenia intersepta,submassive,1.0
294,DRTO,DryTortugas,DRTO,Forereef,2016,2597,24.7132,-82.844,ACR CERV,ACC,Acropora cervicornis,branching,3.0
295,DRTO,DryTortugas,DRTO,Lagoon,2016,2598,24.60734,-82.90277,ORB FRAN,ORFR,Orbicella franksi,massive,1.0
296,DRTO,DryTortugas,DRTO,Lagoon,2016,2598,24.60734,-82.90277,POR PORI,POP,Porites porites,branching,1.0
297,DRTO,DryTortugas,DRTO,Lagoon,2016,2608,24.65349,-82.8324,DIC STOK,DCS,Dichocoenia stokesii,massive,1.0
298,DRTO,DryTortugas,DRTO,Lagoon,2016,2608,24.65349,-82.8324,SID SIDE,SIS,Siderastrea siderea,massive,1.0
299,DRTO,DryTortugas,DRTO,Lagoon,2016,2610,24.66101,-82.80141,SID SIDE,SIS,Siderastrea siderea,massive,1.0
300,DRTO,DryTortugas,DRTO,Lagoon,2016,2611,24.66871,-82.81084,POR ASTR,POA,Porites astreoides,submassive,1.0
301,DRTO,DryTortugas,DRTO,Lagoon,2016,2611,24.66871,-82.81084,STE INTE,STI,Stephanocoenia intersepta,submassive,1.0
302,DRTO,DryTortugas,DRTO,Forereef,2016,2636,24.58943,-82.95677,,,,,0.0
303,DRTO,DryTortugas,DRTO,Bank,2016,2665,24.6772,-82.99448,DIP LABY,DIL,Diploria labyrinthiformis,massive,3.0
304,DRTO,DryTortugas,DRTO,Bank,2016,2665,24.6772,-82.99448,MON CAVE,MOC,Montastraea cavernosa,massive,11.0
305,DRTO,DryTortugas,DRTO,Bank,2016,2665,24.6772,-82.99448,ORB FRAN,ORFR,Orbicella franksi,massive,6.0
306,DRTO,DryTortugas,DRTO,Bank,2016,2665,24.6772,-82.99448,SID SIDE,SIS,Siderastrea siderea,massive,1.0
307,DRTO,DryTortugas,DRTO,Bank,2016,2665,24.6772,-82.99448,STE INTE,STI,Stephanocoenia intersepta,submassive,1.0
308,DRTO,DryTortugas,DRTO,Bank,2016,2678,24.72227,-82.98708,ORB FRAN,ORFR,Orbicella franksi,massive,1.0
309,DRTO,DryTortugas,DRTO,Bank,2016,2678,24.72227,-82.98708,POR ASTR,POA,Porites astreoides,submassive,1.0
310,DRTO,DryTortugas,DRTO,Bank,2016,2678,24.72227,-82.98708,POR PORI,POP,Porites porites,branching,1.0
311,DRTO,DryTortugas,DRTO,Bank,2016,2678,24.72227,-82.98708,SID RADI,SIR,Siderastrea radians,encrusting,1.0
312,DRTO,DryTortugas,DRTO,Bank,2016,2678,24.72227,-82.98708,SID SIDE,SIS,Siderastrea siderea,massive,1.0
313,DRTO,DryTortugas,DRTO,Bank,2016,2687,24.67824,-83.01801,COL NATA,CON,Colpophyllia natans,massive,3.0
314,DRTO,DryTortugas,DRTO,Bank,2016,2687,24.67824,-83.01801,DIP LABY,DIL,Diploria labyrinthiformis,massive,2.0
315,DRTO,DryTortugas,DRTO,Bank,2016,2687,24.67824,-83.01801,MON CAVE,MOC,Montastraea cavernosa,massive,1.0
316,DRTO,DryTortugas,DRTO,Bank,2016,2687,24.67824,-83.01801,ORB FAVE,ORF,Orbicella faveolata,massive,6.0
317,DRTO,DryTortugas,DRTO,Bank,2016,2687,24.67824,-83.01801,SID RADI,SIR,Siderastrea radians,encrusting,1.0
318,DRTO,DryTortugas,DRTO,Bank,2016,2691,24.69374,-83.01121,ORB FRAN,ORFR,Orbicella franksi,massive,3.0
319,DRTO,DryTortugas,DRTO,Bank,2016,2695,24.70196871,-83.0334847,MON CAVE,MOC,Montastraea cavernosa,massive,1.0
320,DRTO,DryTortugas,DRTO,Bank,2016,2695,24.70196871,-83.0334847,MYC ALIC,MYA,Mycetophyllia aliciae,plating,2.0
321,DRTO,DryTortugas,DRTO,Bank,2016,2695,24.70196871,-83.0334847,ORB FAVE,ORF,Orbicella faveolata,massive,7.0
322,DRTO,DryTortugas,DRTO,Bank,2016,2695,24.70196871,-83.0334847,ORB FRAN,ORFR,Orbicella franksi,massive,1.0
323,DRTO,DryTortugas,DRTO,Bank,2016,2695,24.70196871,-83.0334847,POR FURC,POF,Porites furcata,branching,1.0
324,DRTO,DryTortugas,DRTO,Bank,2016,2695,24.70196871,-83.0334847,SID SIDE,SIS,Siderastrea siderea,massive,1.0
325,DRTO,DryTortugas,DRTO,Bank,2016,2695,24.70196871,-83.0334847,STE INTE,STI,Stephanocoenia intersepta,submassive,4.0
326,DRTO,DryTortugas,DRTO,Bank,2018,2002,24.64455,-83.07517,POR ASTR,POA,Porites astreoides,submassive,1.0
327,DRTO,DryTortugas,DRTO,Bank,2018,2003,24.60941,-83.09611,,,,,0.0
328,DRTO,DryTortugas,DRTO,Bank,2018,2004,24.63611,-83.04633,SID SIDE,SIS,Siderastrea siderea,massive,1.0
329,DRTO,DryTortugas,DRTO,Bank,2018,2006,24.63453,-83.10352,MAD DECA,MDD,Madracis decactis,encrusting,1.0
330,DRTO,DryTortugas,DRTO,Bank,2018,2006,24.63453,-83.10352,MON CAVE,MOC,Montastraea cavernosa,massive,2.0
331,DRTO,DryTortugas,DRTO,Bank,2018,2006,24.63453,-83.10352,PSE STRI,PSS,Pseudodiploria strigosa,massive,1.0
332,DRTO,DryTortugas,DRTO,Bank,2018,2006,24.63453,-83.10352,SID SIDE,SIS,Siderastrea siderea,massive,3.0
333,DRTO,DryTortugas,DRTO,Bank,2018,2006,24.63453,-83.10352,STE INTE,STI,Stephanocoenia intersepta,submassive,1.0
334,DRTO,DryTortugas,DRTO,Bank,2018,2008,24.61273,-83.09866,POR ASTR,POA,Porites astreoides,submassive,2.0
335,DRTO,DryTortugas,DRTO,Bank,2018,2008,24.61273,-83.09866,SID SIDE,SIS,Siderastrea siderea,massive,1.0
336,DRTO,DryTortugas,DRTO,Bank,2018,2008,24.61273,-83.09866,STE INTE,STI,Stephanocoenia intersepta,submassive,1.0
337,DRTO,DryTortugas,DRTO,Bank,2018,2014,24.63819,-83.06826,,,,,0.0
338,DRTO,DryTortugas,DRTO,Bank,2018,2026,24.63196,-83.03745,SID SIDE,SIS,Siderastrea siderea,massive,1.0
339,DRTO,DryTortugas,DRTO,Bank,2018,2033,24.61077,-83.03641,AGA AGAR,AGA,Agaricia agaricites,encrusting,1.0
340,DRTO,DryTortugas,DRTO,Bank,2018,2033,24.61077,-83.03641,POR ASTR,POA,Porites astreoides,submassive,1.0
341,DRTO,DryTortugas,DRTO,Bank,2018,2036,24.63184,-83.10139,,,,,0.0
342,DRTO,DryTortugas,DRTO,Bank,2018,2041,24.6337,-83.0702,,,,,0.0
343,DRTO,DryTortugas,DRTO,Bank,2018,2044,24.62884,-83.02582,,,,,0.0
344,DRTO,DryTortugas,DRTO,Bank,2018,2047,24.63935,-83.02288,MON CAVE,MOC,Montastraea cavernosa,massive,2.0
345,DRTO,DryTortugas,DRTO,Bank,2018,2047,24.63935,-83.02288,ORB FAVE,ORF,Orbicella faveolata,massive,1.0
346,DRTO,DryTortugas,DRTO,Bank,2018,2047,24.63935,-83.02288,SID RADI,SIR,Siderastrea radians,encrusting,2.0
347,DRTO,DryTortugas,DRTO,Bank,2018,2058,24.71938,-82.98569,AGA AGAR,AGA,Agaricia agaricites,encrusting,1.0
348,DRTO,DryTortugas,DRTO,Bank,2018,2058,24.71938,-82.98569,ORB FRAN,ORFR,Orbicella franksi,massive,1.0
349,DRTO,DryTortugas,DRTO,Bank,2018,2058,24.71938,-82.98569,POR ASTR,POA,Porites astreoides,submassive,2.0
350,DRTO,DryTortugas,DRTO,Bank,2018,2058,24.71938,-82.98569,POR PORI,POP,Porites porites,branching,1.0
351,DRTO,DryTortugas,DRTO,Bank,2018,2058,24.71938,-82.98569,SID SIDE,SIS,Siderastrea siderea,massive,1.0
352,DRTO,DryTortugas,DRTO,Bank,2018,2062,24.70194,-83.02931,AGA AGAR,AGA,Agaricia agaricites,encrusting,1.0
353,DRTO,DryTortugas,DRTO,Bank,2018,2062,24.70194,-83.02931,MON CAVE,MOC,Montastraea cavernosa,massive,1.0
354,DRTO,DryTortugas,DRTO,Bank,2018,2062,24.70194,-83.02931,ORB FRAN,ORFR,Orbicella franksi,massive,2.0
355,DRTO,DryTortugas,DRTO,Bank,2018,2062,24.70194,-83.02931,POR ASTR,POA,Porites astreoides,submassive,1.0
356,DRTO,DryTortugas,DRTO,Bank,2018,2066,24.71351,-83.02954,MON CAVE,MOC,Montastraea cavernosa,massive,2.0
357,DRTO,DryTortugas,DRTO,Bank,2018,2066,24.71351,-83.02954,ORB FAVE,ORF,Orbicella faveolata,massive,4.0
358,DRTO,DryTortugas,DRTO,Bank,2018,2066,24.71351,-83.02954,ORB FRAN,ORFR,Orbicella franksi,massive,2.0
359,DRTO,DryTortugas,DRTO,Bank,2018,2066,24.71351,-83.02954,POR PORI,POP,Porites porites,branching,2.0
360,DRTO,DryTortugas,DRTO,Bank,2018,2066,24.71351,-83.02954,SID SIDE,SIS,Siderastrea siderea,massive,4.0
361,DRTO,DryTortugas,DRTO,Bank,2018,2068,24.69101,-83.06484,AGA AGAR,AGA,Agaricia agaricites,encrusting,1.0
362,DRTO,DryTortugas,DRTO,Bank,2018,2068,24.69101,-83.06484,MON CAVE,MOC,Montastraea cavernosa,massive,1.0
363,DRTO,DryTortugas,DRTO,Bank,2018,2068,24.69101,-83.06484,ORB FAVE,ORF,Orbicella faveolata,massive,4.0
364,DRTO,DryTortugas,DRTO,Bank,2018,2068,24.69101,-83.06484,ORB FRAN,ORFR,Orbicella franksi,massive,4.0
365,DRTO,DryTortugas,DRTO,Bank,2018,2068,24.69101,-83.06484,POR ASTR,POA,Porites astreoides,submassive,5.0
366,DRTO,DryTortugas,DRTO,Bank,2018,2068,24.69101,-83.06484,SID SIDE,SIS,Siderastrea siderea,massive,1.0
367,DRTO,DryTortugas,DRTO,Bank,2018,2072,24.67825,-83.01815,COL NATA,CON,Colpophyllia natans,massive,3.0
368,DRTO,DryTortugas,DRTO,Bank,2018,2072,24.67825,-83.01815,MEA MEAN,MEM,Meandrina meandrites,massive,1.0
369,DRTO,DryTortugas,DRTO,Bank,2018,2072,24.67825,-83.01815,MON CAVE,MOC,Montastraea cavernosa,massive,3.0
370,DRTO,DryTortugas,DRTO,Bank,2018,2072,24.67825,-83.01815,ORB FRAN,ORFR,Orbicella franksi,massive,8.0
371,DRTO,DryTortugas,DRTO,Bank,2018,2072,24.67825,-83.01815,SID SIDE,SIS,Siderastrea siderea,massive,1.0
372,DRTO,DryTortugas,DRTO,Bank,2018,2073,24.70249,-83.03658,AGA AGAR,AGA,Agaricia agaricites,encrusting,1.0
373,DRTO,DryTortugas,DRTO,Bank,2018,2073,24.70249,-83.03658,AGA LAMA,AGL,Agaricia lamarcki,plating,3.0
374,DRTO,DryTortugas,DRTO,Bank,2018,2073,24.70249,-83.03658,MYC ALIC,MYA,Mycetophyllia aliciae,plating,2.0
375,DRTO,DryTortugas,DRTO,Bank,2018,2073,24.70249,-83.03658,ORB FAVE,ORF,Orbicella faveolata,massive,2.0
376,DRTO,DryTortugas,DRTO,Bank,2018,2073,24.70249,-83.03658,ORB FRAN,ORFR,Orbicella franksi,massive,2.0
377,DRTO,DryTortugas,DRTO,Bank,2018,2073,24.70249,-83.03658,SID SIDE,SIS,Siderastrea siderea,massive,2.0
378,DRTO,DryTortugas,DRTO,Bank,2018,2074,24.71924,-82.98492,AGA AGAR,AGA,Agaricia agaricites,encrusting,1.0
379,DRTO,DryTortugas,DRTO,Bank,2018,2074,24.71924,-82.98492,ORB FRAN,ORFR,Orbicella franksi,massive,5.0
380,DRTO,DryTortugas,DRTO,Bank,2018,2074,24.71924,-82.98492,POR ASTR,POA,Porites astreoides,submassive,1.0
381,DRTO,DryTortugas,DRTO,Bank,2018,2074,24.71924,-82.98492,SID SIDE,SIS,Siderastrea siderea,massive,4.0
382,DRTO,DryTortugas,DRTO,Bank,2018,2074,24.71924,-82.98492,STE INTE,STI,Stephanocoenia intersepta,submassive,1.0
383,DRTO,DryTortugas,DRTO,Bank,2018,2075,24.67758,-83.0847,MON CAVE,MOC,Montastraea cavernosa,massive,1.0
384,DRTO,DryTortugas,DRTO,Bank,2018,2075,24.67758,-83.0847,ORB FAVE,ORF,Orbicella faveolata,massive,7.0
385,DRTO,DryTortugas,DRTO,Bank,2018,2075,24.67758,-83.0847,POR ASTR,POA,Porites astreoides,submassive,1.0
386,DRTO,DryTortugas,DRTO,Bank,2018,2075,24.67758,-83.0847,PSE STRI,PSS,Pseudodiploria strigosa,massive,2.0
387,DRTO,DryTortugas,DRTO,Bank,2018,2075,24.67758,-83.0847,SID RADI,SIR,Siderastrea radians,encrusting,1.0
388,DRTO,DryTortugas,DRTO,Bank,2018,2075,24.67758,-83.0847,STE INTE,STI,Stephanocoenia intersepta,submassive,1.0
389,DRTO,DryTortugas,DRTO,Bank,2018,2076,24.71168,-83.02719,ORB FAVE,ORF,Orbicella faveolata,massive,2.0
390,DRTO,DryTortugas,DRTO,Bank,2018,2076,24.71168,-83.02719,ORB FRAN,ORFR,Orbicella franksi,massive,3.0
391,DRTO,DryTortugas,DRTO,Bank,2018,2076,24.71168,-83.02719,STE INTE,STI,Stephanocoenia intersepta,submassive,1.0
392,DRTO,DryTortugas,DRTO,Bank,2018,2079,24.64686,-83.07667,,,,,0.0
393,DRTO,DryTortugas,DRTO,Bank,2018,2085,24.66307,-83.06039,COL NATA,CON,Colpophyllia natans,massive,1.0
394,DRTO,DryTortugas,DRTO,Bank,2018,2085,24.66307,-83.06039,POR ASTR,POA,Porites astreoides,submassive,1.0
395,DRTO,DryTortugas,DRTO,Bank,2018,2085,24.66307,-83.06039,SID RADI,SIR,Siderastrea radians,encrusting,1.0
396,DRTO,DryTortugas,DRTO,Bank,2018,2087,24.66427,-83.01035,SID SIDE,SIS,Siderastrea siderea,massive,1.0
397,DRTO,DryTortugas,DRTO,Bank,2018,2087,24.66427,-83.01035,STE INTE,STI,Stephanocoenia intersepta,submassive,1.0
398,DRTO,DryTortugas,DRTO,Bank,2018,2092,24.67935,-83.06744,AGA AGAR,AGA,Agaricia agaricites,encrusting,1.0
399,DRTO,DryTortugas,DRTO,Bank,2018,2092,24.67935,-83.06744,ORB FAVE,ORF,Orbicella faveolata,massive,2.0
400,DRTO,DryTortugas,DRTO,Bank,2018,2092,24.67935,-83.06744,ORB FRAN,ORFR,Orbicella franksi,massive,1.0
401,DRTO,DryTortugas,DRTO,Bank,2018,2092,24.67935,-83.06744,POR ASTR,POA,Porites astreoides,submassive,1.0
402,DRTO,DryTortugas,DRTO,Bank,2018,2093,24.64863,-83.07517,MON CAVE,MOC,Montastraea cavernosa,massive,1.0
403,DRTO,DryTortugas,DRTO,Bank,2018,2093,24.64863,-83.07517,POR PORI,POP,Porites porites,branching,1.0
404,DRTO,DryTortugas,DRTO,Bank,2018,2093,24.64863,-83.07517,SID SIDE,SIS,Siderastrea siderea,massive,1.0
405,DRTO,DryTortugas,DRTO,Bank,2018,2106,24.70845,-82.98426,MON CAVE,MOC,Montastraea cavernosa,massive,3.0
406,DRTO,DryTortugas,DRTO,Bank,2018,2106,24.70845,-82.98426,POR ASTR,POA,Porites astreoides,submassive,1.0
407,DRTO,DryTortugas,DRTO,Bank,2018,2106,24.70845,-82.98426,SID SIDE,SIS,Siderastrea siderea,massive,1.0
408,DRTO,DryTortugas,DRTO,Bank,2018,2106,24.70845,-82.98426,STE INTE,STI,Stephanocoenia intersepta,submassive,2.0
409,DRTO,DryTortugas,DRTO,Bank,2018,2109,24.7132,-83.04003,AGA AGAR,AGA,Agaricia agaricites,encrusting,1.0
410,DRTO,DryTortugas,DRTO,Bank,2018,2109,24.7132,-83.04003,AGA LAMA,AGL,Agaricia lamarcki,plating,3.0
411,DRTO,DryTortugas,DRTO,Bank,2018,2109,24.7132,-83.04003,ORB FAVE,ORF,Orbicella faveolata,massive,8.0
412,DRTO,DryTortugas,DRTO,Bank,2018,2109,24.7132,-83.04003,ORB FRAN,ORFR,Orbicella franksi,massive,7.0
413,DRTO,DryTortugas,DRTO,Bank,2018,2109,24.7132,-83.04003,POR ASTR,POA,Porites astreoides,submassive,1.0
414,DRTO,DryTortugas,DRTO,Bank,2018,2109,24.7132,-83.04003,POR PORI,POP,Porites porites,branching,2.0
415,DRTO,DryTortugas,DRTO,Bank,2018,2109,24.7132,-83.04003,SID SIDE,SIS,Siderastrea siderea,massive,4.0
416,DRTO,DryTortugas,DRTO,Bank,2018,2109,24.7132,-83.04003,STE INTE,STI,Stephanocoenia intersepta,submassive,1.0
417,DRTO,DryTortugas,DRTO,Bank,2018,2112,24.65976,-83.02388,DIC STOK,DCS,Dichocoenia stokesii,massive,1.0
418,DRTO,DryTortugas,DRTO,Bank,2018,2112,24.65976,-83.02388,MEA MEAN,MEM,Meandrina meandrites,massive,1.0
419,DRTO,DryTortugas,DRTO,Bank,2018,2112,24.65976,-83.02388,PSE STRI,PSS,Pseudodiploria strigosa,massive,2.0
420,DRTO,DryTortugas,DRTO,Bank,2018,2112,24.65976,-83.02388,SID SIDE,SIS,Siderastrea siderea,massive,1.0
421,DRTO,DryTortugas,DRTO,Bank,2018,2119,24.67235,-83.06731,COL NATA,CON,Colpophyllia natans,massive,3.0
422,DRTO,DryTortugas,DRTO,Bank,2018,2119,24.67235,-83.06731,POR ASTR,POA,Porites astreoides,submassive,2.0
423,DRTO,DryTortugas,DRTO,Bank,2018,2119,24.67235,-83.06731,SID SIDE,SIS,Siderastrea siderea,massive,2.0
424,DRTO,DryTortugas,DRTO,Bank,2018,2122,24.70992,-82.9819,MAD DECA,MDD,Madracis decactis,encrusting,1.0
425,DRTO,DryTortugas,DRTO,Bank,2018,2122,24.70992,-82.9819,MON CAVE,MOC,Montastraea cavernosa,massive,1.0
426,DRTO,DryTortugas,DRTO,Bank,2018,2122,24.70992,-82.9819,POR ASTR,POA,Porites astreoides,submassive,1.0
427,DRTO,DryTortugas,DRTO,Bank,2018,2122,24.70992,-82.9819,SID SIDE,SIS,Siderastrea siderea,massive,1.0
428,DRTO,DryTortugas,DRTO,Bank,2018,2127,24.67831,-83.06504,MON CAVE,MOC,Montastraea cavernosa,massive,4.0
429,DRTO,DryTortugas,DRTO,Bank,2018,2127,24.67831,-83.06504,POR ASTR,POA,Porites astreoides,submassive,2.0
430,DRTO,DryTortugas,DRTO,Bank,2018,2127,24.67831,-83.06504,STE INTE,STI,Stephanocoenia intersepta,submassive,1.0
431,DRTO,DryTortugas,DRTO,Bank,2018,2129,24.67079,-83.06887,AGA AGAR,AGA,Agaricia agaricites,encrusting,1.0
432,DRTO,DryTortugas,DRTO,Bank,2018,2129,24.67079,-83.06887,COL NATA,CON,Colpophyllia natans,massive,3.0
433,DRTO,DryTortugas,DRTO,Bank,2018,2129,24.67079,-83.06887,ORB FAVE,ORF,Orbicella faveolata,massive,1.0
434,DRTO,DryTortugas,DRTO,Bank,2018,2129,24.67079,-83.06887,POR ASTR,POA,Porites astreoides,submassive,1.0
435,DRTO,DryTortugas,DRTO,Bank,2018,2129,24.67079,-83.06887,SID SIDE,SIS,Siderastrea siderea,massive,1.0
436,DRTO,DryTortugas,DRTO,Bank,2018,2131,24.66044,-83.07842,MYC LAMA,MYL,Mycetophyllia lamarckiana,submassive,2.0
437,DRTO,DryTortugas,DRTO,Bank,2018,2140,24.69919,-83.00007,MON CAVE,MOC,Montastraea cavernosa,massive,3.0
438,DRTO,DryTortugas,DRTO,Bank,2018,2140,24.69919,-83.00007,ORB FRAN,ORFR,Orbicella franksi,massive,2.0
439,DRTO,DryTortugas,DRTO,Bank,2018,2140,24.69919,-83.00007,POR ASTR,POA,Porites astreoides,submassive,1.0
440,DRTO,DryTortugas,DRTO,Bank,2018,2140,24.69919,-83.00007,SID SIDE,SIS,Siderastrea siderea,massive,2.0
441,DRTO,DryTortugas,DRTO,Bank,2018,2141,24.69705,-83.0024,AGA LAMA,AGL,Agaricia lamarcki,plating,1.0
442,DRTO,DryTortugas,DRTO,Bank,2018,2141,24.69705,-83.0024,MON CAVE,MOC,Montastraea cavernosa,massive,2.0
443,DRTO,DryTortugas,DRTO,Bank,2018,2141,24.69705,-83.0024,ORB FRAN,ORFR,Orbicella franksi,massive,3.0
444,DRTO,DryTortugas,DRTO,Bank,2018,2141,24.69705,-83.0024,STE INTE,STI,Stephanocoenia intersepta,submassive,1.0
445,DRTO,DryTortugas,DRTO,Bank,2018,2142,24.65213,-83.01417,COL NATA,CON,Colpophyllia natans,massive,2.0
446,DRTO,DryTortugas,DRTO,Bank,2018,2142,24.65213,-83.01417,MON CAVE,MOC,Montastraea cavernosa,massive,3.0
447,DRTO,DryTortugas,DRTO,Bank,2018,2142,24.65213,-83.01417,ORB FAVE,ORF,Orbicella faveolata,massive,1.0
448,DRTO,DryTortugas,DRTO,Bank,2018,2142,24.65213,-83.01417,ORB FRAN,ORFR,Orbicella franksi,massive,1.0
449,DRTO,DryTortugas,DRTO,Bank,2018,2142,24.65213,-83.01417,POR ASTR,POA,Porites astreoides,submassive,2.0
450,DRTO,DryTortugas,DRTO,Forereef,2018,2149,24.72209,-82.82615,COL NATA,CON,Colpophyllia natans,massive,2.0
451,DRTO,DryTortugas,DRTO,Forereef,2018,2149,24.72209,-82.82615,ORB ANNU,ORA,Orbicella annularis,massive,1.0
452,DRTO,DryTortugas,DRTO,Forereef,2018,2149,24.72209,-82.82615,ORB FRAN,ORFR,Orbicella franksi,massive,5.0
453,DRTO,DryTortugas,DRTO,Forereef,2018,2149,24.72209,-82.82615,SID SIDE,SIS,Siderastrea siderea,massive,1.0
454,DRTO,DryTortugas,DRTO,Forereef,2018,2153,24.73097,-82.79692,ORB FAVE,ORF,Orbicella faveolata,massive,3.0
455,DRTO,DryTortugas,DRTO,Forereef,2018,2153,24.73097,-82.79692,ORB FRAN,ORFR,Orbicella franksi,massive,2.0
456,DRTO,DryTortugas,DRTO,Forereef,2018,2153,24.73097,-82.79692,STE INTE,STI,Stephanocoenia intersepta,submassive,1.0
457,DRTO,DryTortugas,DRTO,Forereef,2018,2155,24.57364,-82.92619,AGA AGAR,AGA,Agaricia agaricites,encrusting,1.0
458,DRTO,DryTortugas,DRTO,Forereef,2018,2155,24.57364,-82.92619,ORB FAVE,ORF,Orbicella faveolata,massive,1.0
459,DRTO,DryTortugas,DRTO,Forereef,2018,2155,24.57364,-82.92619,ORB FRAN,ORFR,Orbicella franksi,massive,1.0
460,DRTO,DryTortugas,DRTO,Forereef,2018,2155,24.57364,-82.92619,POR ASTR,POA,Porites astreoides,submassive,3.0
461,DRTO,DryTortugas,DRTO,Forereef,2018,2155,24.57364,-82.92619,POR PORI,POP,Porites porites,branching,2.0
462,DRTO,DryTortugas,DRTO,Forereef,2018,2155,24.57364,-82.92619,PSE STRI,PSS,Pseudodiploria strigosa,massive,1.0
463,DRTO,DryTortugas,DRTO,Forereef,2018,2155,24.57364,-82.92619,SID SIDE,SIS,Siderastrea siderea,massive,5.0
464,DRTO,DryTortugas,DRTO,Forereef,2018,2159,24.72226,-82.82856,AGA LAMA,AGL,Agaricia lamarcki,plating,2.0
465,DRTO,DryTortugas,DRTO,Forereef,2018,2159,24.72226,-82.82856,COL NATA,CON,Colpophyllia natans,massive,4.0
466,DRTO,DryTortugas,DRTO,Forereef,2018,2159,24.72226,-82.82856,MON CAVE,MOC,Montastraea cavernosa,massive,1.0
467,DRTO,DryTortugas,DRTO,Forereef,2018,2159,24.72226,-82.82856,ORB FRAN,ORFR,Orbicella franksi,massive,16.0
468,DRTO,DryTortugas,DRTO,Forereef,2018,2159,24.72226,-82.82856,POR ASTR,POA,Porites astreoides,submassive,2.0
469,DRTO,DryTortugas,DRTO,Forereef,2018,2159,24.72226,-82.82856,SID SIDE,SIS,Siderastrea siderea,massive,2.0
470,DRTO,DryTortugas,DRTO,Forereef,2018,2165,24.62478,-82.83515,ACR CERV,ACC,Acropora cervicornis,branching,1.0
471,DRTO,DryTortugas,DRTO,Forereef,2018,2165,24.62478,-82.83515,POR ASTR,POA,Porites astreoides,submassive,1.0
472,DRTO,DryTortugas,DRTO,Forereef,2018,2168,24.70755,-82.79465,STE INTE,STI,Stephanocoenia intersepta,submassive,1.0
473,DRTO,DryTortugas,DRTO,Forereef,2018,2171,24.7109,-82.84072,SID SIDE,SIS,Siderastrea siderea,massive,2.0
474,DRTO,DryTortugas,DRTO,Forereef,2018,2172,24.57586,-82.90272,MAD DECA,MDD,Madracis decactis,encrusting,1.0
475,DRTO,DryTortugas,DRTO,Forereef,2018,2172,24.57586,-82.90272,MON CAVE,MOC,Montastraea cavernosa,massive,1.0
476,DRTO,DryTortugas,DRTO,Forereef,2018,2172,24.57586,-82.90272,ORB FAVE,ORF,Orbicella faveolata,massive,3.0
477,DRTO,DryTortugas,DRTO,Forereef,2018,2172,24.57586,-82.90272,ORB FRAN,ORFR,Orbicella franksi,massive,1.0
478,DRTO,DryTortugas,DRTO,Forereef,2018,2172,24.57586,-82.90272,SID SIDE,SIS,Siderastrea siderea,massive,4.0
479,DRTO,DryTortugas,DRTO,Forereef,2018,2172,24.57586,-82.90272,STE INTE,STI,Stephanocoenia intersepta,submassive,1.0
480,DRTO,DryTortugas,DRTO,Forereef,2018,2173,24.57588,-82.9232,ACR CERV,ACC,Acropora cervicornis,branching,2.0
481,DRTO,DryTortugas,DRTO,Forereef,2018,2173,24.57588,-82.9232,POR ASTR,POA,Porites astreoides,submassive,1.0
482,DRTO,DryTortugas,DRTO,Forereef,2018,2175,24.560667,-82.915026,ORB FRAN,ORFR,Orbicella franksi,massive,1.0
483,DRTO,DryTortugas,DRTO,Forereef,2018,2175,24.560667,-82.915026,POR ASTR,POA,Porites astreoides,submassive,1.0
484,DRTO,DryTortugas,DRTO,Forereef,2018,2175,24.560667,-82.915026,SID SIDE,SIS,Siderastrea siderea,massive,1.0
485,DRTO,DryTortugas,DRTO,Forereef,2018,2177,24.5668,-82.92746,POR ASTR,POA,Porites astreoides,submassive,1.0
486,DRTO,DryTortugas,DRTO,Lagoon,2018,2179,24.57989,-82.90841,PSE STRI,PSS,Pseudodiploria strigosa,massive,1.0
487,DRTO,DryTortugas,DRTO,Lagoon,2018,2179,24.57989,-82.90841,SCO SPE.,SCLS,Scolymia spp,freeliving,1.0
488,DRTO,DryTortugas,DRTO,Lagoon,2018,2179,24.57989,-82.90841,SID SIDE,SIS,Siderastrea siderea,massive,2.0
489,DRTO,DryTortugas,DRTO,Forereef,2018,2189,24.58264,-82.89167,MON CAVE,MOC,Montastraea cavernosa,massive,3.0
490,DRTO,DryTortugas,DRTO,Forereef,2018,2189,24.58264,-82.89167,SID SIDE,SIS,Siderastrea siderea,massive,1.0
491,DRTO,DryTortugas,DRTO,Forereef,2018,2191,24.73051,-82.79893,MEA MEAN,MEM,Meandrina meandrites,massive,1.0
492,DRTO,DryTortugas,DRTO,Forereef,2018,2191,24.73051,-82.79893,POR ASTR,POA,Porites astreoides,submassive,1.0
493,DRTO,DryTortugas,DRTO,Forereef,2018,2191,24.73051,-82.79893,SID SIDE,SIS,Siderastrea siderea,massive,4.0
494,DRTO,DryTortugas,DRTO,Forereef,2018,2191,24.73051,-82.79893,STE INTE,STI,Stephanocoenia intersepta,submassive,1.0
495,DRTO,DryTortugas,DRTO,Forereef,2018,2192,24.72239,-82.7893,MON CAVE,MOC,Montastraea cavernosa,massive,3.0
496,DRTO,DryTortugas,DRTO,Forereef,2018,2192,24.72239,-82.7893,ORB FRAN,ORFR,Orbicella franksi,massive,5.0
497,DRTO,DryTortugas,DRTO,Forereef,2018,2192,24.72239,-82.7893,POR ASTR,POA,Porites astreoides,submassive,2.0
498,DRTO,DryTortugas,DRTO,Forereef,2018,2192,24.72239,-82.7893,PSE STRI,PSS,Pseudodiploria strigosa,massive,1.0
499,DRTO,DryTortugas,DRTO,Forereef,2018,2192,24.72239,-82.7893,SID SIDE,SIS,Siderastrea siderea,massive,4.0
500,DRTO,DryTortugas,DRTO,Forereef,2018,2192,24.72239,-82.7893,SOL BOUR,SOB,Solenastrea bournoni,massive,1.0
501,DRTO,DryTortugas,DRTO,Forereef,2018,2193,24.72085,-82.81997,SID SIDE,SIS,Siderastrea siderea,massive,1.0
502,DRTO,DryTortugas,DRTO,Forereef,2018,2193,24.72085,-82.81997,STE INTE,STI,Stephanocoenia intersepta,submassive,2.0
503,DRTO,DryTortugas,DRTO,Forereef,2018,2194,24.7317,-82.78209,POR ASTR,POA,Porites astreoides,submassive,1.0
504,DRTO,DryTortugas,DRTO,Forereef,2018,2194,24.7317,-82.78209,SID SIDE,SIS,Siderastrea siderea,massive,4.0
505,DRTO,DryTortugas,DRTO,Forereef,2018,2194,24.7317,-82.78209,STE INTE,STI,Stephanocoenia intersepta,submassive,2.0
506,DRTO,DryTortugas,DRTO,Forereef,2018,2196,24.68704,-82.77881,PSE CLIV,PSC,Pseudodiploria clivosa,massive,5.0
507,DRTO,DryTortugas,DRTO,Forereef,2018,2196,24.68704,-82.77881,SID RADI,SIR,Siderastrea radians,encrusting,1.0
508,DRTO,DryTortugas,DRTO,Forereef,2018,2200,24.70144,-82.77231,MON CAVE,MOC,Montastraea cavernosa,massive,2.0
509,DRTO,DryTortugas,DRTO,Forereef,2018,2200,24.70144,-82.77231,SID SIDE,SIS,Siderastrea siderea,massive,2.0
510,DRTO,DryTortugas,DRTO,Forereef,2018,2200,24.70144,-82.77231,STE INTE,STI,Stephanocoenia intersepta,submassive,1.0
511,DRTO,DryTortugas,DRTO,Forereef,2018,2201,24.71911,-82.83219,STE INTE,STI,Stephanocoenia intersepta,submassive,1.0
512,DRTO,DryTortugas,DRTO,Forereef,2018,2205,24.72535,-82.80071,ORB FRAN,ORFR,Orbicella franksi,massive,1.0
513,DRTO,DryTortugas,DRTO,Forereef,2018,2205,24.72535,-82.80071,SID SIDE,SIS,Siderastrea siderea,massive,2.0
514,DRTO,DryTortugas,DRTO,Lagoon,2018,2206,24.59505,-82.91354,SID SIDE,SIS,Siderastrea siderea,massive,1.0
515,DRTO,DryTortugas,DRTO,Lagoon,2018,2206,24.59505,-82.91354,STE INTE,STI,Stephanocoenia intersepta,submassive,1.0
516,DRTO,DryTortugas,DRTO,Forereef,2018,2212,24.70959,-82.78907,POR ASTR,POA,Porites astreoides,submassive,1.0
517,DRTO,DryTortugas,DRTO,Forereef,2018,2212,24.70959,-82.78907,POR PORI,POP,Porites porites,branching,1.0
518,DRTO,DryTortugas,DRTO,Forereef,2018,2212,24.70959,-82.78907,STE INTE,STI,Stephanocoenia intersepta,submassive,1.0
519,DRTO,DryTortugas,DRTO,Forereef,2018,2226,24.58221,-82.97905,MON CAVE,MOC,Montastraea cavernosa,massive,3.0
520,DRTO,DryTortugas,DRTO,Forereef,2018,2226,24.58221,-82.97905,STE INTE,STI,Stephanocoenia intersepta,submassive,1.0
521,DRTO,DryTortugas,DRTO,Forereef,2018,2227,24.71707,-82.79037,,,,,0.0
522,DRTO,DryTortugas,DRTO,Forereef,2018,2231,24.59838,-82.95029,MON CAVE,MOC,Montastraea cavernosa,massive,14.0
523,DRTO,DryTortugas,DRTO,Forereef,2018,2231,24.59838,-82.95029,ORB FRAN,ORFR,Orbicella franksi,massive,4.0
524,DRTO,DryTortugas,DRTO,Forereef,2018,2238,24.63762,-82.8067,POR ASTR,POA,Porites astreoides,submassive,1.0
525,DRTO,DryTortugas,DRTO,Forereef,2018,2246,24.63071,-82.81331,POR PORI,POP,Porites porites,branching,1.0
526,DRTO,DryTortugas,DRTO,Forereef,2018,2250,24.58439,-82.96993,MON CAVE,MOC,Montastraea cavernosa,massive,1.0
527,DRTO,DryTortugas,DRTO,Forereef,2018,2251,24.58765,-82.96849,MON CAVE,MOC,Montastraea cavernosa,massive,4.0
528,DRTO,DryTortugas,DRTO,Forereef,2018,2251,24.58765,-82.96849,SID SIDE,SIS,Siderastrea siderea,massive,2.0
529,DRTO,DryTortugas,DRTO,Forereef,2018,2251,24.58765,-82.96849,STE INTE,STI,Stephanocoenia intersepta,submassive,1.0
530,DRTO,DryTortugas,DRTO,Forereef,2018,2254,24.568373,-82.947721,MEA MEAN,MEM,Meandrina meandrites,massive,1.0
531,DRTO,DryTortugas,DRTO,Forereef,2018,2254,24.568373,-82.947721,ORB FRAN,ORFR,Orbicella franksi,massive,1.0
532,DRTO,DryTortugas,DRTO,Forereef,2018,2254,24.568373,-82.947721,SID SIDE,SIS,Siderastrea siderea,massive,2.0
533,DRTO,DryTortugas,DRTO,Lagoon,2018,2255,24.66476,-82.81311,POR ASTR,POA,Porites astreoides,submassive,1.0
534,DRTO,DryTortugas,DRTO,Lagoon,2018,2255,24.66476,-82.81311,POR PORI,POP,Porites porites,branching,4.0
535,DRTO,DryTortugas,DRTO,Lagoon,2018,2256,24.58288,-82.93204,COL NATA,CON,Colpophyllia natans,massive,2.0
536,DRTO,DryTortugas,DRTO,Lagoon,2018,2256,24.58288,-82.93204,MON CAVE,MOC,Montastraea cavernosa,massive,2.0
537,DRTO,DryTortugas,DRTO,Lagoon,2018,2256,24.58288,-82.93204,POR ASTR,POA,Porites astreoides,submassive,1.0
538,DRTO,DryTortugas,DRTO,Lagoon,2018,2256,24.58288,-82.93204,SID SIDE,SIS,Siderastrea siderea,massive,1.0
539,DRTO,DryTortugas,DRTO,Forereef,2018,2259,24.58351,-82.96638,DIC STOK,DCS,Dichocoenia stokesii,massive,1.0
540,DRTO,DryTortugas,DRTO,Forereef,2018,2259,24.58351,-82.96638,MON CAVE,MOC,Montastraea cavernosa,massive,3.0
541,DRTO,DryTortugas,DRTO,Forereef,2018,2260,24.6201,-82.86237,MAD DECA,MDD,Madracis decactis,encrusting,1.0
542,DRTO,DryTortugas,DRTO,Forereef,2018,2260,24.6201,-82.86237,MON CAVE,MOC,Montastraea cavernosa,massive,19.0
543,DRTO,DryTortugas,DRTO,Forereef,2018,2260,24.6201,-82.86237,ORB FRAN,ORFR,Orbicella franksi,massive,7.0
544,DRTO,DryTortugas,DRTO,Forereef,2018,2260,24.6201,-82.86237,POR ASTR,POA,Porites astreoides,submassive,2.0
545,DRTO,DryTortugas,DRTO,Forereef,2018,2260,24.6201,-82.86237,SID SIDE,SIS,Siderastrea siderea,massive,6.0
546,DRTO,DryTortugas,DRTO,Lagoon,2018,2262,24.64747,-82.83515,MAN AREO,MAE,Manicina areolata,freeliving,1.0
547,DRTO,DryTortugas,DRTO,Lagoon,2018,2262,24.64747,-82.83515,SID SIDE,SIS,Siderastrea siderea,massive,1.0
548,DRTO,DryTortugas,DRTO,Forereef,2018,2264,24.61679,-82.86564,MAD DECA,MDD,Madracis decactis,encrusting,2.0
549,DRTO,DryTortugas,DRTO,Forereef,2018,2264,24.61679,-82.86564,MON CAVE,MOC,Montastraea cavernosa,massive,5.0
550,DRTO,DryTortugas,DRTO,Forereef,2018,2264,24.61679,-82.86564,SCO CUBE,SCC,Scolymia cubensis,freeliving,1.0
551,DRTO,DryTortugas,DRTO,Forereef,2018,2264,24.61679,-82.86564,STE INTE,STI,Stephanocoenia intersepta,submassive,1.0
552,DRTO,DryTortugas,DRTO,Forereef,2018,2267,24.71567,-82.84341,POR PORI,POP,Porites porites,branching,1.0
553,DRTO,DryTortugas,DRTO,Forereef,2018,2271,24.68799,-82.77191,DIP LABY,DIL,Diploria labyrinthiformis,massive,1.0
554,DRTO,DryTortugas,DRTO,Forereef,2018,2271,24.68799,-82.77191,MON CAVE,MOC,Montastraea cavernosa,massive,1.0
555,DRTO,DryTortugas,DRTO,Forereef,2018,2271,24.68799,-82.77191,ORB FAVE,ORF,Orbicella faveolata,massive,1.0
556,DRTO,DryTortugas,DRTO,Forereef,2018,2271,24.68799,-82.77191,ORB FRAN,ORFR,Orbicella franksi,massive,2.0
557,DRTO,DryTortugas,DRTO,Forereef,2018,2271,24.68799,-82.77191,POR PORI,POP,Porites porites,branching,1.0
558,DRTO,DryTortugas,DRTO,Forereef,2018,2271,24.68799,-82.77191,SID SIDE,SIS,Siderastrea siderea,massive,2.0
559,DRTO,DryTortugas,DRTO,Forereef,2018,2275,24.6617,-82.93086,ORB FAVE,ORF,Orbicella faveolata,massive,2.0
560,DRTO,DryTortugas,DRTO,Forereef,2018,2275,24.6617,-82.93086,ORB FRAN,ORFR,Orbicella franksi,massive,19.0
561,DRTO,DryTortugas,DRTO,Forereef,2018,2275,24.6617,-82.93086,POR PORI,POP,Porites porites,branching,5.0
562,DRTO,DryTortugas,DRTO,Forereef,2018,2275,24.6617,-82.93086,SID SIDE,SIS,Siderastrea siderea,massive,1.0
563,DRTO,DryTortugas,DRTO,Forereef,2018,2278,24.70406,-82.86106,POR PORI,POP,Porites porites,branching,1.0
564,DRTO,DryTortugas,DRTO,Forereef,2018,2278,24.70406,-82.86106,STE INTE,STI,Stephanocoenia intersepta,submassive,2.0
565,DRTO,DryTortugas,DRTO,Forereef,2018,2279,24.71964,-82.87695,COL NATA,CON,Colpophyllia natans,massive,1.0
566,DRTO,DryTortugas,DRTO,Forereef,2018,2279,24.71964,-82.87695,MON CAVE,MOC,Montastraea cavernosa,massive,5.0
567,DRTO,DryTortugas,DRTO,Forereef,2018,2279,24.71964,-82.87695,ORB FAVE,ORF,Orbicella faveolata,massive,3.0
568,DRTO,DryTortugas,DRTO,Forereef,2018,2279,24.71964,-82.87695,SID SIDE,SIS,Siderastrea siderea,massive,3.0
569,DRTO,DryTortugas,DRTO,Forereef,2018,2281,24.66235,-82.93566,DIC STOK,DCS,Dichocoenia stokesii,massive,1.0
570,DRTO,DryTortugas,DRTO,Forereef,2018,2281,24.66235,-82.93566,MAD DECA,MDD,Madracis decactis,encrusting,2.0
571,DRTO,DryTortugas,DRTO,Forereef,2018,2281,24.66235,-82.93566,MON CAVE,MOC,Montastraea cavernosa,massive,11.0
572,DRTO,DryTortugas,DRTO,Forereef,2018,2281,24.66235,-82.93566,ORB FAVE,ORF,Orbicella faveolata,massive,8.0
573,DRTO,DryTortugas,DRTO,Forereef,2018,2281,24.66235,-82.93566,SID SIDE,SIS,Siderastrea siderea,massive,3.0
574,DRTO,DryTortugas,DRTO,Lagoon,2018,2282,24.64811,-82.85707,COL NATA,CON,Colpophyllia natans,massive,1.0
575,DRTO,DryTortugas,DRTO,Lagoon,2018,2282,24.64811,-82.85707,POR PORI,POP,Porites porites,branching,1.0
576,DRTO,DryTortugas,DRTO,Forereef,2018,2284,24.70534,-82.86513,COL NATA,CON,Colpophyllia natans,massive,1.0
577,DRTO,DryTortugas,DRTO,Forereef,2018,2284,24.70534,-82.86513,MON CAVE,MOC,Montastraea cavernosa,massive,6.0
578,DRTO,DryTortugas,DRTO,Forereef,2018,2284,24.70534,-82.86513,POR ASTR,POA,Porites astreoides,submassive,1.0
579,DRTO,DryTortugas,DRTO,Forereef,2018,2284,24.70534,-82.86513,POR PORI,POP,Porites porites,branching,1.0
580,DRTO,DryTortugas,DRTO,Forereef,2018,2287,24.6762,-82.91499,MON CAVE,MOC,Montastraea cavernosa,massive,1.0
581,DRTO,DryTortugas,DRTO,Forereef,2018,2287,24.6762,-82.91499,ORB FAVE,ORF,Orbicella faveolata,massive,1.0
582,DRTO,DryTortugas,DRTO,Forereef,2018,2287,24.6762,-82.91499,ORB FRAN,ORFR,Orbicella franksi,massive,1.0
583,DRTO,DryTortugas,DRTO,Forereef,2018,2287,24.6762,-82.91499,POR ASTR,POA,Porites astreoides,submassive,1.0
584,DRTO,DryTortugas,DRTO,Forereef,2018,2287,24.6762,-82.91499,POR PORI,POP,Porites porites,branching,1.0
585,DRTO,DryTortugas,DRTO,Forereef,2018,2287,24.6762,-82.91499,PSE STRI,PSS,Pseudodiploria strigosa,massive,2.0
586,DRTO,DryTortugas,DRTO,Lagoon,2018,2288,24.67393,-82.88635,ORB FAVE,ORF,Orbicella faveolata,massive,3.0
587,DRTO,DryTortugas,DRTO,Lagoon,2018,2288,24.67393,-82.88635,POR ASTR,POA,Porites astreoides,submassive,1.0
588,DRTO,DryTortugas,DRTO,Lagoon,2018,2288,24.67393,-82.88635,SID SIDE,SIS,Siderastrea siderea,massive,2.0
589,DRTO,DryTortugas,DRTO,Forereef,2018,2290,24.70131,-82.9042,SID SIDE,SIS,Siderastrea siderea,massive,1.0
590,DRTO,DryTortugas,DRTO,Forereef,2018,2291,24.71199,-82.85766,MON CAVE,MOC,Montastraea cavernosa,massive,3.0
591,DRTO,DryTortugas,DRTO,Forereef,2018,2291,24.71199,-82.85766,SID SIDE,SIS,Siderastrea siderea,massive,1.0
592,DRTO,DryTortugas,DRTO,Forereef,2018,2292,24.63454,-82.93813,COL NATA,CON,Colpophyllia natans,massive,1.0
593,DRTO,DryTortugas,DRTO,Forereef,2018,2292,24.63454,-82.93813,POR ASTR,POA,Porites astreoides,submassive,1.0
594,DRTO,DryTortugas,DRTO,Forereef,2018,2292,24.63454,-82.93813,SID SIDE,SIS,Siderastrea siderea,massive,2.0
595,DRTO,DryTortugas,DRTO,Forereef,2018,2295,24.71583,-82.88182,MON CAVE,MOC,Montastraea cavernosa,massive,3.0
596,DRTO,DryTortugas,DRTO,Forereef,2018,2295,24.71583,-82.88182,ORB FAVE,ORF,Orbicella faveolata,massive,1.0
597,DRTO,DryTortugas,DRTO,Forereef,2018,2295,24.71583,-82.88182,ORB FRAN,ORFR,Orbicella franksi,massive,2.0
598,DRTO,DryTortugas,DRTO,Forereef,2018,2295,24.71583,-82.88182,PSE STRI,PSS,Pseudodiploria strigosa,massive,1.0
599,DRTO,DryTortugas,DRTO,Forereef,2018,2295,24.71583,-82.88182,SID SIDE,SIS,Siderastrea siderea,massive,3.0
600,DRTO,DryTortugas,DRTO,Forereef,2018,2297,24.70942,-82.87023,COL NATA,CON,Colpophyllia natans,massive,11.0
601,DRTO,DryTortugas,DRTO,Forereef,2018,2297,24.70942,-82.87023,MON CAVE,MOC,Montastraea cavernosa,massive,3.0
602,DRTO,DryTortugas,DRTO,Forereef,2018,2297,24.70942,-82.87023,SID SIDE,SIS,Siderastrea siderea,massive,2.0
603,DRTO,DryTortugas,DRTO,Forereef,2018,2297,24.70942,-82.87023,STE INTE,STI,Stephanocoenia intersepta,submassive,2.0
604,DRTO,DryTortugas,DRTO,Forereef,2018,2298,24.71159,-82.86465,MON CAVE,MOC,Montastraea cavernosa,massive,10.0
605,DRTO,DryTortugas,DRTO,Forereef,2018,2298,24.71159,-82.86465,SID SIDE,SIS,Siderastrea siderea,massive,1.0
606,DRTO,DryTortugas,DRTO,Forereef,2018,2301,24.65616303,-82.95004603,COL NATA,CON,Colpophyllia natans,massive,1.0
607,DRTO,DryTortugas,DRTO,Forereef,2018,2301,24.65616303,-82.95004603,MON CAVE,MOC,Montastraea cavernosa,massive,5.0
608,DRTO,DryTortugas,DRTO,Forereef,2018,2301,24.65616303,-82.95004603,SID SIDE,SIS,Siderastrea siderea,massive,1.0
609,DRTO,DryTortugas,DRTO,Forereef,2018,2301,24.65616303,-82.95004603,STE INTE,STI,Stephanocoenia intersepta,submassive,4.0
610,DRTO,DryTortugas,DRTO,Forereef,2018,2307,24.64905,-82.92287,POR ASTR,POA,Porites astreoides,submassive,1.0
611,DRTO,DryTortugas,DRTO,Forereef,2018,2307,24.64905,-82.92287,POR PORI,POP,Porites porites,branching,2.0
612,DRTO,DryTortugas,DRTO,Forereef,2018,2308,24.67929,-82.89694,POR ASTR,POA,Porites astreoides,submassive,3.0
613,DRTO,DryTortugas,DRTO,Forereef,2018,2310,24.65586,-82.92618,ORB FRAN,ORFR,Orbicella franksi,massive,5.0
614,DRTO,DryTortugas,DRTO,Forereef,2018,2310,24.65586,-82.92618,POR ASTR,POA,Porites astreoides,submassive,1.0
615,DRTO,DryTortugas,DRTO,Forereef,2018,2310,24.65586,-82.92618,SID SIDE,SIS,Siderastrea siderea,massive,2.0
616,DRTO,DryTortugas,DRTO,Forereef,2018,2312,24.72466,-82.82048,STE INTE,STI,Stephanocoenia intersepta,submassive,2.0
617,DRTO,DryTortugas,DRTO,Forereef,2018,2315,24.64001,-82.9602,MON CAVE,MOC,Montastraea cavernosa,massive,5.0
618,DRTO,DryTortugas,DRTO,Forereef,2018,2315,24.64001,-82.9602,ORB FAVE,ORF,Orbicella faveolata,massive,1.0
619,DRTO,DryTortugas,DRTO,Forereef,2018,2315,24.64001,-82.9602,ORB FRAN,ORFR,Orbicella franksi,massive,2.0
620,DRTO,DryTortugas,DRTO,Forereef,2018,2315,24.64001,-82.9602,POR ASTR,POA,Porites astreoides,submassive,1.0
621,DRTO,DryTortugas,DRTO,Forereef,2018,2315,24.64001,-82.9602,STE INTE,STI,Stephanocoenia intersepta,submassive,2.0
622,DRTO,DryTortugas,DRTO,Forereef,2018,2316,24.63982,-82.96483,AGA AGAR,AGA,Agaricia agaricites,encrusting,1.0
623,DRTO,DryTortugas,DRTO,Forereef,2018,2316,24.63982,-82.96483,MON CAVE,MOC,Montastraea cavernosa,massive,14.0
624,DRTO,DryTortugas,DRTO,Forereef,2018,2316,24.63982,-82.96483,MYC ALIC,MYA,Mycetophyllia aliciae,plating,1.0
625,DRTO,DryTortugas,DRTO,Forereef,2018,2319,24.68343,-82.92562,AGA AGAR,AGA,Agaricia agaricites,encrusting,1.0
626,DRTO,DryTortugas,DRTO,Forereef,2018,2319,24.68343,-82.92562,MAD DECA,MDD,Madracis decactis,encrusting,1.0
627,DRTO,DryTortugas,DRTO,Forereef,2018,2319,24.68343,-82.92562,MYC LAMA,MYL,Mycetophyllia lamarckiana,submassive,1.0
628,DRTO,DryTortugas,DRTO,Forereef,2018,2319,24.68343,-82.92562,ORB FRAN,ORFR,Orbicella franksi,massive,3.0
629,DRTO,DryTortugas,DRTO,Forereef,2018,2319,24.68343,-82.92562,POR ASTR,POA,Porites astreoides,submassive,1.0
630,DRTO,DryTortugas,DRTO,Forereef,2018,2319,24.68343,-82.92562,SID SIDE,SIS,Siderastrea siderea,massive,5.0
631,DRTO,DryTortugas,DRTO,Forereef,2018,2319,24.68343,-82.92562,STE INTE,STI,Stephanocoenia intersepta,submassive,3.0
632,DRTO,DryTortugas,DRTO,Forereef,2018,2320,24.60634,-82.96397,MYC ALIC,MYA,Mycetophyllia aliciae,plating,1.0
633,DRTO,DryTortugas,DRTO,Forereef,2018,2320,24.60634,-82.96397,POR ASTR,POA,Porites astreoides,submassive,1.0
634,DRTO,DryTortugas,DRTO,Forereef,2018,2320,24.60634,-82.96397,SID SIDE,SIS,Siderastrea siderea,massive,1.0
635,DRTO,DryTortugas,DRTO,Forereef,2018,2320,24.60634,-82.96397,STE INTE,STI,Stephanocoenia intersepta,submassive,1.0
636,DRTO,DryTortugas,DRTO,Forereef,2018,2324,24.60725,-82.95513,,,,,0.0
637,DRTO,DryTortugas,DRTO,Lagoon,2018,2328,24.668606,-82.875175,POR ASTR,POA,Porites astreoides,submassive,2.0
638,DRTO,DryTortugas,DRTO,Lagoon,2018,2328,24.668606,-82.875175,POR PORI,POP,Porites porites,branching,1.0
639,DRTO,DryTortugas,DRTO,Lagoon,2018,2328,24.668606,-82.875175,SID SIDE,SIS,Siderastrea siderea,massive,2.0
640,DRTO,DryTortugas,DRTO,Lagoon,2018,2331,24.67445,-82.87765,,,,,0.0
641,DRTO,DryTortugas,DRTO,Forereef,2018,2332,24.60759,-82.93583,MON CAVE,MOC,Montastraea cavernosa,massive,6.0
642,DRTO,DryTortugas,DRTO,Forereef,2018,2332,24.60759,-82.93583,POR DIVA,POD,Porites divaricata,branching,2.0
643,DRTO,DryTortugas,DRTO,Forereef,2018,2332,24.60759,-82.93583,POR PORI,POP,Porites porites,branching,1.0
644,DRTO,DryTortugas,DRTO,Forereef,2018,2332,24.60759,-82.93583,SID SIDE,SIS,Siderastrea siderea,massive,6.0
645,DRTO,DryTortugas,DRTO,Forereef,2018,2332,24.60759,-82.93583,STE INTE,STI,Stephanocoenia intersepta,submassive,1.0
646,DRTO,DryTortugas,DRTO,Forereef,2018,2337,24.59526,-82.88601,ORB FAVE,ORF,Orbicella faveolata,massive,3.0
647,DRTO,DryTortugas,DRTO,Forereef,2018,2337,24.59526,-82.88601,STE INTE,STI,Stephanocoenia intersepta,submassive,1.0
648,DRTO,DryTortugas,DRTO,Forereef,2018,2341,24.59551,-82.88401,ORB FAVE,ORF,Orbicella faveolata,massive,1.0
649,DRTO,DryTortugas,DRTO,Forereef,2018,2341,24.59551,-82.88401,POR ASTR,POA,Porites astreoides,submassive,1.0
650,DRTO,DryTortugas,DRTO,Forereef,2018,2341,24.59551,-82.88401,SID SIDE,SIS,Siderastrea siderea,massive,1.0
651,DRTO,DryTortugas,DRTO,Forereef,2018,2342,24.64871,-82.92396,AGA AGAR,AGA,Agaricia agaricites,encrusting,1.0
652,DRTO,DryTortugas,DRTO,Forereef,2018,2342,24.64871,-82.92396,POR PORI,POP,Porites porites,branching,3.0
653,DRTO,DryTortugas,DRTO,Forereef,2018,2342,24.64871,-82.92396,SID SIDE,SIS,Siderastrea siderea,massive,1.0
654,DRTO,DryTortugas,DRTO,Forereef,2018,2349,24.63609,-82.95874,COL NATA,CON,Colpophyllia natans,massive,7.0
655,DRTO,DryTortugas,DRTO,Forereef,2018,2349,24.63609,-82.95874,MON CAVE,MOC,Montastraea cavernosa,massive,9.0
656,DRTO,DryTortugas,DRTO,Forereef,2018,2349,24.63609,-82.95874,ORB FRAN,ORFR,Orbicella franksi,massive,2.0
657,DRTO,DryTortugas,DRTO,Forereef,2018,2349,24.63609,-82.95874,POR ASTR,POA,Porites astreoides,submassive,1.0
658,DRTO,DryTortugas,DRTO,Forereef,2018,2349,24.63609,-82.95874,SID SIDE,SIS,Siderastrea siderea,massive,1.0
659,DRTO,DryTortugas,DRTO,Forereef,2018,2349,24.63609,-82.95874,STE INTE,STI,Stephanocoenia intersepta,submassive,2.0
660,DRTO,DryTortugas,DRTO,Forereef,2018,2350,24.60692,-82.93263,COL NATA,CON,Colpophyllia natans,massive,2.0
661,DRTO,DryTortugas,DRTO,Forereef,2018,2350,24.60692,-82.93263,ORB FAVE,ORF,Orbicella faveolata,massive,8.0
662,DRTO,DryTortugas,DRTO,Forereef,2018,2356,24.61198,-82.93323,COL NATA,CON,Colpophyllia natans,massive,11.0
663,DRTO,DryTortugas,DRTO,Forereef,2018,2356,24.61198,-82.93323,MON CAVE,MOC,Montastraea cavernosa,massive,9.0
664,DRTO,DryTortugas,DRTO,Forereef,2018,2356,24.61198,-82.93323,MYC ALIC,MYA,Mycetophyllia aliciae,plating,1.0
665,DRTO,DryTortugas,DRTO,Forereef,2018,2356,24.61198,-82.93323,ORB FRAN,ORFR,Orbicella franksi,massive,3.0
666,DRTO,DryTortugas,DRTO,Forereef,2018,2356,24.61198,-82.93323,POR ASTR,POA,Porites astreoides,submassive,1.0
667,DRTO,DryTortugas,DRTO,Forereef,2018,2356,24.61198,-82.93323,PSE STRI,PSS,Pseudodiploria strigosa,massive,2.0
668,DRTO,DryTortugas,DRTO,Forereef,2018,2356,24.61198,-82.93323,SID SIDE,SIS,Siderastrea siderea,massive,4.0
669,DRTO,DryTortugas,DRTO,Forereef,2018,2356,24.61198,-82.93323,STE INTE,STI,Stephanocoenia intersepta,submassive,5.0
670,DRTO,DryTortugas,DRTO,Forereef,2018,2360,24.65789,-82.92172,POR PORI,POP,Porites porites,branching,3.0
671,DRTO,DryTortugas,DRTO,Bank,2018,2561,24.72012,-82.98758,AGA AGAR,AGA,Agaricia agaricites,encrusting,1.0
672,DRTO,DryTortugas,DRTO,Bank,2018,2561,24.72012,-82.98758,ORB FAVE,ORF,Orbicella faveolata,massive,4.0
673,DRTO,DryTortugas,DRTO,Bank,2018,2561,24.72012,-82.98758,ORB FRAN,ORFR,Orbicella franksi,massive,4.0
674,DRTO,DryTortugas,DRTO,Bank,2018,2561,24.72012,-82.98758,POR PORI,POP,Porites porites,branching,1.0
675,DRTO,DryTortugas,DRTO,Bank,2018,2561,24.72012,-82.98758,SID SIDE,SIS,Siderastrea siderea,massive,3.0
676,DRTO,DryTortugas,DRTO,Bank,2018,2565,24.68981,-83.06761,ORB ANNU,ORA,Orbicella annularis,massive,3.0
677,DRTO,DryTortugas,DRTO,Bank,2018,2565,24.68981,-83.06761,ORB FAVE,ORF,Orbicella faveolata,massive,2.0
678,DRTO,DryTortugas,DRTO,Bank,2018,2574,24.70117,-83.03439,COL NATA,CON,Colpophyllia natans,massive,6.0
679,DRTO,DryTortugas,DRTO,Bank,2018,2574,24.70117,-83.03439,MON CAVE,MOC,Montastraea cavernosa,massive,6.0
680,DRTO,DryTortugas,DRTO,Bank,2018,2574,24.70117,-83.03439,ORB FRAN,ORFR,Orbicella franksi,massive,12.0
681,DRTO,DryTortugas,DRTO,Bank,2018,2574,24.70117,-83.03439,POR ASTR,POA,Porites astreoides,submassive,1.0
682,DRTO,DryTortugas,DRTO,Bank,2018,2574,24.70117,-83.03439,POR PORI,POP,Porites porites,branching,3.0
683,DRTO,DryTortugas,DRTO,Bank,2018,2574,24.70117,-83.03439,SID RADI,SIR,Siderastrea radians,encrusting,1.0
684,DRTO,DryTortugas,DRTO,Bank,2018,2574,24.70117,-83.03439,SID SIDE,SIS,Siderastrea siderea,massive,2.0
685,DRTO,DryTortugas,DRTO,Bank,2018,2574,24.70117,-83.03439,STE INTE,STI,Stephanocoenia intersepta,submassive,1.0
686,DRTO,DryTortugas,DRTO,Bank,2018,2606,24.6954,-82.98131,MAD DECA,MDD,Madracis decactis,encrusting,1.0
687,DRTO,DryTortugas,DRTO,Bank,2018,2606,24.6954,-82.98131,ORB FRAN,ORFR,Orbicella franksi,massive,2.0
688,DRTO,DryTortugas,DRTO,Bank,2018,2606,24.6954,-82.98131,STE INTE,STI,Stephanocoenia intersepta,submassive,2.0
689,DRTO,DryTortugas,DRTO,Bank,2018,2639,24.66274,-82.99051,AGA AGAR,AGA,Agaricia agaricites,encrusting,2.0
690,DRTO,DryTortugas,DRTO,Bank,2018,2639,24.66274,-82.99051,MON CAVE,MOC,Montastraea cavernosa,massive,11.0
691,DRTO,DryTortugas,DRTO,Bank,2018,2639,24.66274,-82.99051,ORB FAVE,ORF,Orbicella faveolata,massive,6.0
692,DRTO,DryTortugas,DRTO,Bank,2018,2639,24.66274,-82.99051,SID SIDE,SIS,Siderastrea siderea,massive,5.0
693,DRTO,DryTortugas,DRTO,Forereef,2018,2662,24.706853,-82.77395,COL NATA,CON,Colpophyllia natans,massive,6.0
694,DRTO,DryTortugas,DRTO,Forereef,2018,2662,24.706853,-82.77395,ORB FRAN,ORFR,Orbicella franksi,massive,6.0
695,DRTO,DryTortugas,DRTO,Forereef,2018,2662,24.706853,-82.77395,PSE STRI,PSS,Pseudodiploria strigosa,massive,2.0
696,DRTO,DryTortugas,DRTO,Forereef,2018,2662,24.706853,-82.77395,STE INTE,STI,Stephanocoenia intersepta,submassive,1.0
697,DRTO,DryTortugas,DRTO,Forereef,2018,2663,24.69132,-82.78541,POR PORI,POP,Porites porites,branching,2.0
698,DRTO,DryTortugas,DRTO,Forereef,2018,2666,24.64725,-82.7927,POR ASTR,POA,Porites astreoides,submassive,1.0
699,DRTO,DryTortugas,DRTO,Forereef,2018,2685,24.72252,-82.81532,COL NATA,CON,Colpophyllia natans,massive,4.0
700,DRTO,DryTortugas,DRTO,Forereef,2018,2685,24.72252,-82.81532,ORB FRAN,ORFR,Orbicella franksi,massive,3.0
701,DRTO,DryTortugas,DRTO,Forereef,2018,2685,24.72252,-82.81532,SID SIDE,SIS,Siderastrea siderea,massive,1.0
702,DRTO,DryTortugas,DRTO,Forereef,2018,2685,24.72252,-82.81532,STE INTE,STI,Stephanocoenia intersepta,submassive,1.0
703,DRTO,DryTortugas,DRTO,Forereef,2018,2688,24.73305,-82.78907,MON CAVE,MOC,Montastraea cavernosa,massive,5.0
704,DRTO,DryTortugas,DRTO,Forereef,2018,2688,24.73305,-82.78907,ORB FAVE,ORF,Orbicella faveolata,massive,1.0
705,DRTO,DryTortugas,DRTO,Forereef,2018,2688,24.73305,-82.78907,POR ASTR,POA,Porites astreoides,submassive,1.0
706,DRTO,DryTortugas,DRTO,Forereef,2018,2688,24.73305,-82.78907,SID SIDE,SIS,Siderastrea siderea,massive,1.0
707,DRTO,DryTortugas,DRTO,Forereef,2018,2688,24.73305,-82.78907,STE INTE,STI,Stephanocoenia intersepta,submassive,1.0
708,DRTO,DryTortugas,DRTO,Forereef,2018,2703,24.71418,-82.77647,MAD DECA,MDD,Madracis decactis,encrusting,1.0
709,DRTO,DryTortugas,DRTO,Forereef,2018,2703,24.71418,-82.77647,SID SIDE,SIS,Siderastrea siderea,massive,5.0
710,DRTO,DryTortugas,DRTO,Forereef,2018,2703,24.71418,-82.77647,STE INTE,STI,Stephanocoenia intersepta,submassive,2.0
711,DRTO,DryTortugas,DRTO,Forereef,2018,2706,24.56737,-82.94956,ORB FAVE,ORF,Orbicella faveolata,massive,3.0
712,DRTO,DryTortugas,DRTO,Forereef,2018,2706,24.56737,-82.94956,PSE STRI,PSS,Pseudodiploria strigosa,massive,2.0
713,DRTO,DryTortugas,DRTO,Forereef,2018,2706,24.56737,-82.94956,SID SIDE,SIS,Siderastrea siderea,massive,1.0
714,DRTO,DryTortugas,DRTO,Forereef,2018,2755,24.72138,-82.79869,MON CAVE,MOC,Montastraea cavernosa,massive,1.0
715,DRTO,DryTortugas,DRTO,Forereef,2018,2755,24.72138,-82.79869,ORB FAVE,ORF,Orbicella faveolata,massive,5.0
716,DRTO,DryTortugas,DRTO,Forereef,2018,2755,24.72138,-82.79869,ORB FRAN,ORFR,Orbicella franksi,massive,2.0
717,DRTO,DryTortugas,DRTO,Forereef,2018,2755,24.72138,-82.79869,SID SIDE,SIS,Siderastrea siderea,massive,1.0
718,DRTO,DryTortugas,DRTO,Forereef,2018,2769,24.70512,-82.78852,,,,,0.0
719,DRTO,DryTortugas,DRTO,Forereef,2018,2777,24.66252,-82.92735,ORB FAVE,ORF,Orbicella faveolata,massive,7.0
720,DRTO,DryTortugas,DRTO,Forereef,2018,2777,24.66252,-82.92735,ORB FRAN,ORFR,Orbicella franksi,massive,28.0
721,DRTO,DryTortugas,DRTO,Forereef,2018,2777,24.66252,-82.92735,SID SIDE,SIS,Siderastrea siderea,massive,1.0
722,DRTO,DryTortugas,DRTO,Forereef,2018,2791,24.69874,-82.90954,,,,,0.0
723,DRTO,DryTortugas,DRTO,Forereef,2018,2802,24.71069,-82.9112,MON CAVE,MOC,Montastraea cavernosa,massive,6.0
724,DRTO,DryTortugas,DRTO,Forereef,2018,2802,24.71069,-82.9112,ORB FRAN,ORFR,Orbicella franksi,massive,3.0
725,DRTO,DryTortugas,DRTO,Forereef,2018,2802,24.71069,-82.9112,POR ASTR,POA,Porites astreoides,submassive,2.0
726,DRTO,DryTortugas,DRTO,Forereef,2018,2802,24.71069,-82.9112,STE INTE,STI,Stephanocoenia intersepta,submassive,2.0
727,DRTO,DryTortugas,DRTO,Forereef,2018,2815,24.6062,-82.94888,COL NATA,CON,Colpophyllia natans,massive,4.0
728,DRTO,DryTortugas,DRTO,Forereef,2018,2815,24.6062,-82.94888,MON CAVE,MOC,Montastraea cavernosa,massive,2.0
729,DRTO,DryTortugas,DRTO,Forereef,2018,2815,24.6062,-82.94888,ORB FRAN,ORFR,Orbicella franksi,massive,8.0
730,DRTO,DryTortugas,DRTO,Forereef,2018,2815,24.6062,-82.94888,POR PORI,POP,Porites porites,branching,2.0
731,DRTO,DryTortugas,DRTO,Forereef,2018,2815,24.6062,-82.94888,SID SIDE,SIS,Siderastrea siderea,massive,5.0
732,DRTO,DryTortugas,DRTO,Forereef,2018,2815,24.6062,-82.94888,STE INTE,STI,Stephanocoenia intersepta,submassive,2.0
733,DRTO,DryTortugas,DRTO,Lagoon,2018,2854,24.66364,-82.87767,MYC FERO,MYF,Mycetophyllia ferox,plating,1.0
734,DRTO,DryTortugas,DRTO,Lagoon,2018,2854,24.66364,-82.87767,ORB FAVE,ORF,Orbicella faveolata,massive,2.0
735,DRTO,DryTortugas,DRTO,Lagoon,2018,2854,24.66364,-82.87767,PSE STRI,PSS,Pseudodiploria strigosa,massive,1.0
736,DRTO,DryTortugas,DRTO,Lagoon,2018,2854,24.66364,-82.87767,SID SIDE,SIS,Siderastrea siderea,massive,3.0
737,FLK,UpperKeys,Upper Keys,Inshore,2014,1118,25.06823333,-80.39251667,DIC STOK,DCS,Dichocoenia stokesii,massive,1.0
738,FLK,UpperKeys,Upper Keys,Inshore,2014,1118,25.06823333,-80.39251667,OCU DIFF,OCD,Oculina diffusa,branching,1.0
739,FLK,UpperKeys,Upper Keys,Inshore,2014,1118,25.06823333,-80.39251667,SID SIDE,SIS,Siderastrea siderea,massive,5.0
740,FLK,UpperKeys,Upper Keys,Inshore,2014,1118,25.06823333,-80.39251667,SOL BOUR,SOB,Solenastrea bournoni,massive,6.0
741,FLK,UpperKeys,Upper Keys,Inshore,2014,1119,25.12785,-80.33425,POR ASTR,POA,Porites astreoides,submassive,2.0
742,FLK,UpperKeys,Upper Keys,Inshore,2014,1119,25.12785,-80.33425,POR PORI,POP,Porites porites,branching,1.0
743,FLK,UpperKeys,Upper Keys,Inshore,2014,1119,25.12785,-80.33425,SID SIDE,SIS,Siderastrea siderea,massive,7.0
744,FLK,UpperKeys,Upper Keys,Inshore,2014,1119,25.12785,-80.33425,STE INTE,STI,Stephanocoenia intersepta,submassive,1.0
745,FLK,UpperKeys,Upper Keys,Inshore,2014,1121,25.12965,-80.32056667,DIC STOK,DCS,Dichocoenia stokesii,massive,3.0
746,FLK,UpperKeys,Upper Keys,Inshore,2014,1121,25.12965,-80.32056667,MEA MEAN,MEM,Meandrina meandrites,massive,1.0
747,FLK,UpperKeys,Upper Keys,Inshore,2014,1121,25.12965,-80.32056667,ORB FAVE,ORF,Orbicella faveolata,massive,4.0
748,FLK,UpperKeys,Upper Keys,Inshore,2014,1121,25.12965,-80.32056667,ORB FRAN,ORFR,Orbicella franksi,massive,5.0
749,FLK,UpperKeys,Upper Keys,Inshore,2014,1121,25.12965,-80.32056667,POR ASTR,POA,Porites astreoides,submassive,1.0
750,FLK,UpperKeys,Upper Keys,Inshore,2014,1121,25.12965,-80.32056667,SID RADI,SIR,Siderastrea radians,encrusting,1.0
751,FLK,UpperKeys,Upper Keys,Inshore,2014,1121,25.12965,-80.32056667,SID SIDE,SIS,Siderastrea siderea,massive,6.0
752,FLK,UpperKeys,Upper Keys,Inshore,2014,1121,25.12965,-80.32056667,STE INTE,STI,Stephanocoenia intersepta,submassive,2.0
753,FLK,UpperKeys,Upper Keys,Inshore,2014,1124,25.21423333,-80.27071667,DIP LABY,DIL,Diploria labyrinthiformis,massive,1.0
754,FLK,UpperKeys,Upper Keys,Inshore,2014,1124,25.21423333,-80.27071667,ORB FAVE,ORF,Orbicella faveolata,massive,2.0
755,FLK,UpperKeys,Upper Keys,Inshore,2014,1124,25.21423333,-80.27071667,ORB FRAN,ORFR,Orbicella franksi,massive,4.0
756,FLK,UpperKeys,Upper Keys,Inshore,2014,1124,25.21423333,-80.27071667,POR ASTR,POA,Porites astreoides,submassive,1.0
757,FLK,UpperKeys,Upper Keys,Inshore,2014,1124,25.21423333,-80.27071667,POR FURC,POF,Porites furcata,branching,1.0
758,FLK,UpperKeys,Upper Keys,Inshore,2014,1124,25.21423333,-80.27071667,SID SIDE,SIS,Siderastrea siderea,massive,15.0
759,FLK,UpperKeys,Upper Keys,Inshore,2014,1124,25.21423333,-80.27071667,SOL BOUR,SOB,Solenastrea bournoni,massive,3.0
760,FLK,UpperKeys,Upper Keys,Inshore,2014,1124,25.21423333,-80.27071667,STE INTE,STI,Stephanocoenia intersepta,submassive,3.0
761,FLK,UpperKeys,Upper Keys,Inshore,2014,1126,25.23673333,-80.26733333,DIC STOK,DCS,Dichocoenia stokesii,massive,1.0
762,FLK,UpperKeys,Upper Keys,Inshore,2014,1126,25.23673333,-80.26733333,ORB ANNU,ORA,Orbicella annularis,massive,3.0
763,FLK,UpperKeys,Upper Keys,Inshore,2014,1126,25.23673333,-80.26733333,POR ASTR,POA,Porites astreoides,submassive,5.5
764,FLK,UpperKeys,Upper Keys,Inshore,2014,1126,25.23673333,-80.26733333,POR FURC,POF,Porites furcata,branching,1.5
765,FLK,UpperKeys,Upper Keys,Inshore,2014,1126,25.23673333,-80.26733333,PSE STRI,PSS,Pseudodiploria strigosa,massive,3.5
766,FLK,UpperKeys,Upper Keys,Inshore,2014,1126,25.23673333,-80.26733333,SID SIDE,SIS,Siderastrea siderea,massive,3.5
767,FLK,UpperKeys,Upper Keys,Inshore,2014,1127,25.23715,-80.25861667,DIC STOK,DCS,Dichocoenia stokesii,massive,1.0
768,FLK,UpperKeys,Upper Keys,Inshore,2014,1127,25.23715,-80.25861667,MON CAVE,MOC,Montastraea cavernosa,massive,2.0
769,FLK,UpperKeys,Upper Keys,Inshore,2014,1127,25.23715,-80.25861667,ORB ANNU,ORA,Orbicella annularis,massive,2.0
770,FLK,UpperKeys,Upper Keys,Inshore,2014,1127,25.23715,-80.25861667,ORB FAVE,ORF,Orbicella faveolata,massive,2.0
771,FLK,UpperKeys,Upper Keys,Inshore,2014,1127,25.23715,-80.25861667,POR ASTR,POA,Porites astreoides,submassive,1.0
772,FLK,UpperKeys,Upper Keys,Inshore,2014,1127,25.23715,-80.25861667,POR PORI,POP,Porites porites,branching,2.0
773,FLK,UpperKeys,Upper Keys,Inshore,2014,1127,25.23715,-80.25861667,SID SIDE,SIS,Siderastrea siderea,massive,13.5
774,FLK,UpperKeys,Upper Keys,Inshore,2014,1127,25.23715,-80.25861667,STE INTE,STI,Stephanocoenia intersepta,submassive,3.0
775,FLK,UpperKeys,Upper Keys,MidChannel,2014,1128,25.27486667,-80.2264,ORB ANNU,ORA,Orbicella annularis,massive,4.0
776,FLK,UpperKeys,Upper Keys,MidChannel,2014,1128,25.27486667,-80.2264,POR ASTR,POA,Porites astreoides,submassive,5.0
777,FLK,UpperKeys,Upper Keys,MidChannel,2014,1128,25.27486667,-80.2264,POR FURC,POF,Porites furcata,branching,2.5
778,FLK,UpperKeys,Upper Keys,MidChannel,2014,1128,25.27486667,-80.2264,POR PORI,POP,Porites porites,branching,1.0
779,FLK,UpperKeys,Upper Keys,MidChannel,2014,1128,25.27486667,-80.2264,SID SIDE,SIS,Siderastrea siderea,massive,5.0
780,FLK,UpperKeys,Upper Keys,Inshore,2014,1129,25.2788,-80.235,ORB FAVE,ORF,Orbicella faveolata,massive,33.0
781,FLK,UpperKeys,Upper Keys,Inshore,2014,1129,25.2788,-80.235,SID RADI,SIR,Siderastrea radians,encrusting,5.0
782,FLK,UpperKeys,Upper Keys,Inshore,2014,1129,25.2788,-80.235,SID SIDE,SIS,Siderastrea siderea,massive,5.0
783,FLK,UpperKeys,Upper Keys,MidChannel,2014,1131,24.98846667,-80.44008333,ACR CERV,ACC,Acropora cervicornis,branching,2.0
784,FLK,UpperKeys,Upper Keys,MidChannel,2014,1131,24.98846667,-80.44008333,POR DIVA,POD,Porites divaricata,branching,1.0
785,FLK,UpperKeys,Upper Keys,MidChannel,2014,1131,24.98846667,-80.44008333,POR FURC,POF,Porites furcata,branching,2.0
786,FLK,UpperKeys,Upper Keys,MidChannel,2014,1131,24.98846667,-80.44008333,SID SIDE,SIS,Siderastrea siderea,massive,1.0
787,FLK,UpperKeys,Upper Keys,MidChannel,2014,1131,24.98846667,-80.44008333,STE INTE,STI,Stephanocoenia intersepta,submassive,2.0
788,FLK,UpperKeys,Upper Keys,MidChannel,2014,1133,25.04431667,-80.36668333,COL NATA,CON,Colpophyllia natans,massive,1.0
789,FLK,UpperKeys,Upper Keys,MidChannel,2014,1133,25.04431667,-80.36668333,MON CAVE,MOC,Montastraea cavernosa,massive,2.0
790,FLK,UpperKeys,Upper Keys,MidChannel,2014,1133,25.04431667,-80.36668333,ORB ANNU,ORA,Orbicella annularis,massive,5.0
791,FLK,UpperKeys,Upper Keys,MidChannel,2014,1133,25.04431667,-80.36668333,POR ASTR,POA,Porites astreoides,submassive,1.0
792,FLK,UpperKeys,Upper Keys,MidChannel,2014,1133,25.04431667,-80.36668333,POR PORI,POP,Porites porites,branching,5.0
793,FLK,UpperKeys,Upper Keys,MidChannel,2014,1133,25.04431667,-80.36668333,SID SIDE,SIS,Siderastrea siderea,massive,1.5
794,FLK,UpperKeys,Upper Keys,MidChannel,2014,1134,25.05535,-80.36401667,SID SIDE,SIS,Siderastrea siderea,massive,1.0
795,FLK,UpperKeys,Upper Keys,MidChannel,2014,1135,25.06058333,-80.35911667,POR ASTR,POA,Porites astreoides,submassive,1.0
796,FLK,UpperKeys,Upper Keys,MidChannel,2014,1135,25.06058333,-80.35911667,POR PORI,POP,Porites porites,branching,3.0
797,FLK,UpperKeys,Upper Keys,MidChannel,2014,1135,25.06058333,-80.35911667,SID SIDE,SIS,Siderastrea siderea,massive,5.0
798,FLK,UpperKeys,Upper Keys,MidChannel,2014,1136,25.06988333,-80.33738333,SID RADI,SIR,Siderastrea radians,encrusting,1.0
799,FLK,UpperKeys,Upper Keys,MidChannel,2014,1137,25.1479,-80.27471667,DIC STOK,DCS,Dichocoenia stokesii,massive,1.0
800,FLK,UpperKeys,Upper Keys,MidChannel,2014,1137,25.1479,-80.27471667,MON CAVE,MOC,Montastraea cavernosa,massive,1.0
801,FLK,UpperKeys,Upper Keys,MidChannel,2014,1137,25.1479,-80.27471667,POR PORI,POP,Porites porites,branching,2.0
802,FLK,UpperKeys,Upper Keys,Offshore,2014,1138,25.17676667,-80.24105,MEA MEAN,MEM,Meandrina meandrites,massive,1.0
803,FLK,UpperKeys,Upper Keys,Offshore,2014,1138,25.17676667,-80.24105,MON CAVE,MOC,Montastraea cavernosa,massive,1.0
804,FLK,UpperKeys,Upper Keys,Offshore,2014,1138,25.17676667,-80.24105,STE INTE,STI,Stephanocoenia intersepta,submassive,1.0
805,FLK,UpperKeys,Upper Keys,MidChannel,2014,1139,25.2229,-80.23018333,ORB ANNU,ORA,Orbicella annularis,massive,5.0
806,FLK,UpperKeys,Upper Keys,MidChannel,2014,1139,25.2229,-80.23018333,POR ASTR,POA,Porites astreoides,submassive,2.0
807,FLK,UpperKeys,Upper Keys,MidChannel,2014,1139,25.2229,-80.23018333,POR PORI,POP,Porites porites,branching,3.0
808,FLK,UpperKeys,Upper Keys,MidChannel,2014,1139,25.2229,-80.23018333,SID SIDE,SIS,Siderastrea siderea,massive,3.0
809,FLK,UpperKeys,Upper Keys,Offshore,2014,1140,25.25446667,-80.20515,POR ASTR,POA,Porites astreoides,submassive,2.0
810,FLK,UpperKeys,Upper Keys,Offshore,2014,1140,25.25446667,-80.20515,POR DIVA,POD,Porites divaricata,branching,2.0
811,FLK,UpperKeys,Upper Keys,MidChannel,2014,1142,25.2932,-80.22098333,DIC STOK,DCS,Dichocoenia stokesii,massive,2.0
812,FLK,UpperKeys,Upper Keys,MidChannel,2014,1142,25.2932,-80.22098333,POR ASTR,POA,Porites astreoides,submassive,1.0
813,FLK,UpperKeys,Upper Keys,MidChannel,2014,1142,25.2932,-80.22098333,POR FURC,POF,Porites furcata,branching,1.0
814,FLK,UpperKeys,Upper Keys,MidChannel,2014,1142,25.2932,-80.22098333,SID SIDE,SIS,Siderastrea siderea,massive,2.0
815,FLK,UpperKeys,Upper Keys,MidChannel,2014,1142,25.2932,-80.22098333,STE INTE,STI,Stephanocoenia intersepta,submassive,1.0
816,FLK,UpperKeys,Upper Keys,MidChannel,2014,1144,25.10521667,-80.3074,DIC STOK,DCS,Dichocoenia stokesii,massive,1.0
817,FLK,UpperKeys,Upper Keys,MidChannel,2014,1144,25.10521667,-80.3074,POR ASTR,POA,Porites astreoides,submassive,1.0
818,FLK,UpperKeys,Upper Keys,MidChannel,2014,1144,25.10521667,-80.3074,POR PORI,POP,Porites porites,branching,1.0
819,FLK,UpperKeys,Upper Keys,MidChannel,2014,1146,25.15563333,-80.28663333,AGA AGAR,AGA,Agaricia agaricites,encrusting,1.5
820,FLK,UpperKeys,Upper Keys,MidChannel,2014,1146,25.15563333,-80.28663333,COL NATA,CON,Colpophyllia natans,massive,2.0
821,FLK,UpperKeys,Upper Keys,MidChannel,2014,1146,25.15563333,-80.28663333,DIC STOK,DCS,Dichocoenia stokesii,massive,1.0
822,FLK,UpperKeys,Upper Keys,MidChannel,2014,1146,25.15563333,-80.28663333,MON CAVE,MOC,Montastraea cavernosa,massive,1.0
823,FLK,UpperKeys,Upper Keys,MidChannel,2014,1146,25.15563333,-80.28663333,ORB FAVE,ORF,Orbicella faveolata,massive,1.0
824,FLK,UpperKeys,Upper Keys,MidChannel,2014,1146,25.15563333,-80.28663333,POR ASTR,POA,Porites astreoides,submassive,1.0
825,FLK,UpperKeys,Upper Keys,MidChannel,2014,1146,25.15563333,-80.28663333,POR PORI,POP,Porites porites,branching,1.0
826,FLK,UpperKeys,Upper Keys,MidChannel,2014,1146,25.15563333,-80.28663333,SID SIDE,SIS,Siderastrea siderea,massive,1.5
827,FLK,UpperKeys,Upper Keys,MidChannel,2014,1147,25.15986667,-80.28541667,AGA AGAR,AGA,Agaricia agaricites,encrusting,1.0
828,FLK,UpperKeys,Upper Keys,MidChannel,2014,1147,25.15986667,-80.28541667,POR ASTR,POA,Porites astreoides,submassive,1.0
829,FLK,UpperKeys,Upper Keys,MidChannel,2014,1147,25.15986667,-80.28541667,POR PORI,POP,Porites porites,branching,1.0
830,FLK,UpperKeys,Upper Keys,MidChannel,2014,1147,25.15986667,-80.28541667,SID SIDE,SIS,Siderastrea siderea,massive,1.5
831,FLK,UpperKeys,Upper Keys,MidChannel,2014,1147,25.15986667,-80.28541667,STE INTE,STI,Stephanocoenia intersepta,submassive,2.0
832,FLK,UpperKeys,Upper Keys,Offshore,2014,1149,24.98601667,-80.41505,AGA AGAR,AGA,Agaricia agaricites,encrusting,3.0
833,FLK,UpperKeys,Upper Keys,Offshore,2014,1149,24.98601667,-80.41505,POR PORI,POP,Porites porites,branching,1.0
834,FLK,UpperKeys,Upper Keys,Offshore,2014,1149,24.98601667,-80.41505,SID SIDE,SIS,Siderastrea siderea,massive,2.0
835,FLK,UpperKeys,Upper Keys,MidChannel,2014,1150,24.99485,-80.44626667,ORB FAVE,ORF,Orbicella faveolata,massive,7.5
836,FLK,UpperKeys,Upper Keys,MidChannel,2014,1150,24.99485,-80.44626667,SID SIDE,SIS,Siderastrea siderea,massive,1.5
837,FLK,UpperKeys,Upper Keys,MidChannel,2014,1150,24.99485,-80.44626667,STE INTE,STI,Stephanocoenia intersepta,submassive,2.0
838,FLK,UpperKeys,Upper Keys,MidChannel,2014,1152,25.20885,-80.2431,AGA AGAR,AGA,Agaricia agaricites,encrusting,3.0
839,FLK,UpperKeys,Upper Keys,MidChannel,2014,1152,25.20885,-80.2431,MON CAVE,MOC,Montastraea cavernosa,massive,2.0
840,FLK,UpperKeys,Upper Keys,MidChannel,2014,1152,25.20885,-80.2431,ORB ANNU,ORA,Orbicella annularis,massive,4.0
841,FLK,UpperKeys,Upper Keys,MidChannel,2014,1152,25.20885,-80.2431,POR ASTR,POA,Porites astreoides,submassive,10.5
842,FLK,UpperKeys,Upper Keys,MidChannel,2014,1152,25.20885,-80.2431,SID RADI,SIR,Siderastrea radians,encrusting,1.0
843,FLK,UpperKeys,Upper Keys,MidChannel,2014,1152,25.20885,-80.2431,SID SIDE,SIS,Siderastrea siderea,massive,1.0
844,FLK,UpperKeys,Upper Keys,MidChannel,2014,1155,25.27626667,-80.21018333,SID SIDE,SIS,Siderastrea siderea,massive,1.0
845,FLK,UpperKeys,Upper Keys,Offshore,2014,1157,25.03936667,-80.34421667,POR PORI,POP,Porites porites,branching,1.0
846,FLK,UpperKeys,Upper Keys,Offshore,2014,1159,25.13328333,-80.26426667,AGA AGAR,AGA,Agaricia agaricites,encrusting,1.0
847,FLK,UpperKeys,Upper Keys,Offshore,2014,1161,25.24091667,-80.20061667,AGA AGAR,AGA,Agaricia agaricites,encrusting,3.0
848,FLK,UpperKeys,Upper Keys,Offshore,2014,1161,25.24091667,-80.20061667,DIC STOK,DCS,Dichocoenia stokesii,massive,1.0
849,FLK,UpperKeys,Upper Keys,Offshore,2014,1161,25.24091667,-80.20061667,POR ASTR,POA,Porites astreoides,submassive,1.0
850,FLK,UpperKeys,Upper Keys,Offshore,2014,1161,25.24091667,-80.20061667,POR DIVA,POD,Porites divaricata,branching,1.0
851,FLK,UpperKeys,Upper Keys,Offshore,2014,1161,25.24091667,-80.20061667,POR FURC,POF,Porites furcata,branching,1.0
852,FLK,UpperKeys,Upper Keys,Offshore,2014,1161,25.24091667,-80.20061667,POR PORI,POP,Porites porites,branching,1.0
853,FLK,UpperKeys,Upper Keys,Offshore,2014,1161,25.24091667,-80.20061667,SID SIDE,SIS,Siderastrea siderea,massive,1.0
854,FLK,UpperKeys,Upper Keys,Offshore,2014,1164,25.07745,-80.3239,,,,,0.0
855,FLK,UpperKeys,Upper Keys,MidChannel,2014,1165,25.09331667,-80.31968333,,,,,0.0
856,FLK,UpperKeys,Upper Keys,Offshore,2014,1166,25.15958333,-80.24428333,AGA AGAR,AGA,Agaricia agaricites,encrusting,2.0
857,FLK,UpperKeys,Upper Keys,Offshore,2014,1166,25.15958333,-80.24428333,MON CAVE,MOC,Montastraea cavernosa,massive,1.0
858,FLK,UpperKeys,Upper Keys,Offshore,2014,1166,25.15958333,-80.24428333,POR ASTR,POA,Porites astreoides,submassive,1.0
859,FLK,UpperKeys,Upper Keys,Offshore,2014,1166,25.15958333,-80.24428333,SID SIDE,SIS,Siderastrea siderea,massive,1.0
860,FLK,UpperKeys,Upper Keys,Offshore,2014,1167,25.17176667,-80.242,AGA AGAR,AGA,Agaricia agaricites,encrusting,2.0
861,FLK,UpperKeys,Upper Keys,Offshore,2014,1167,25.17176667,-80.242,ORB FAVE,ORF,Orbicella faveolata,massive,2.0
862,FLK,UpperKeys,Upper Keys,Offshore,2014,1167,25.17176667,-80.242,SID SIDE,SIS,Siderastrea siderea,massive,2.0
863,FLK,UpperKeys,Upper Keys,Offshore,2014,1167,25.17176667,-80.242,STE INTE,STI,Stephanocoenia intersepta,submassive,1.0
864,FLK,UpperKeys,Upper Keys,Offshore,2014,1168,25.08708333,-80.31131667,,,,,0.0
865,FLK,UpperKeys,Upper Keys,MidChannel,2014,1170,25.15471667,-80.26898333,,,,,0.0
866,FLK,UpperKeys,Upper Keys,Offshore,2014,1171,24.99838333,-80.40056667,AGA AGAR,AGA,Agaricia agaricites,encrusting,1.0
867,FLK,UpperKeys,Upper Keys,Offshore,2014,1172,25.11553333,-80.28231667,POR ASTR,POA,Porites astreoides,submassive,1.5
868,FLK,UpperKeys,Upper Keys,Offshore,2014,1172,25.11553333,-80.28231667,POR PORI,POP,Porites porites,branching,1.0
869,FLK,UpperKeys,Upper Keys,Offshore,2014,1172,25.11553333,-80.28231667,SID SIDE,SIS,Siderastrea siderea,massive,1.0
870,FLK,UpperKeys,Upper Keys,Offshore,2014,1174,25.27713333,-80.17595,SID SIDE,SIS,Siderastrea siderea,massive,1.0
871,FLK,UpperKeys,Upper Keys,Offshore,2014,1176,24.9877,-80.41231667,POR PORI,POP,Porites porites,branching,1.0
872,FLK,UpperKeys,Upper Keys,Offshore,2014,1176,24.9877,-80.41231667,SID RADI,SIR,Siderastrea radians,encrusting,1.0
873,FLK,UpperKeys,Upper Keys,Offshore,2014,1176,24.9877,-80.41231667,SID SIDE,SIS,Siderastrea siderea,massive,2.0
874,FLK,UpperKeys,Upper Keys,Offshore,2014,1184,25.20366667,-80.22653333,AGA AGAR,AGA,Agaricia agaricites,encrusting,1.0
875,FLK,UpperKeys,Upper Keys,Offshore,2014,1184,25.20366667,-80.22653333,POR PORI,POP,Porites porites,branching,1.0
876,FLK,UpperKeys,Upper Keys,Offshore,2014,1185,25.2045,-80.22876667,POR PORI,POP,Porites porites,branching,1.5
877,FLK,UpperKeys,Upper Keys,Offshore,2014,1185,25.2045,-80.22876667,SID SIDE,SIS,Siderastrea siderea,massive,3.5
878,FLK,UpperKeys,Upper Keys,Offshore,2014,1186,25.20698333,-80.2209,AGA AGAR,AGA,Agaricia agaricites,encrusting,1.0
879,FLK,UpperKeys,Upper Keys,Offshore,2014,1186,25.20698333,-80.2209,POR ASTR,POA,Porites astreoides,submassive,2.5
880,FLK,UpperKeys,Upper Keys,Offshore,2014,1186,25.20698333,-80.2209,PSE STRI,PSS,Pseudodiploria strigosa,massive,2.0
881,FLK,UpperKeys,Upper Keys,Offshore,2014,1189,25.2201,-80.21101667,AGA AGAR,AGA,Agaricia agaricites,encrusting,1.0
882,FLK,UpperKeys,Upper Keys,Offshore,2014,1189,25.2201,-80.21101667,POR ASTR,POA,Porites astreoides,submassive,1.0
883,FLK,UpperKeys,Upper Keys,Offshore,2014,1189,25.2201,-80.21101667,SID SIDE,SIS,Siderastrea siderea,massive,1.0
884,FLK,UpperKeys,Upper Keys,Offshore,2014,1190,25.22373333,-80.2093,POR ASTR,POA,Porites astreoides,submassive,4.0
885,FLK,UpperKeys,Upper Keys,Offshore,2014,1190,25.22373333,-80.2093,SID SIDE,SIS,Siderastrea siderea,massive,5.0
886,FLK,UpperKeys,Upper Keys,Offshore,2014,1193,25.22271667,-80.2195,POR ASTR,POA,Porites astreoides,submassive,1.0
887,FLK,UpperKeys,Upper Keys,Offshore,2014,1193,25.22271667,-80.2195,POR DIVA,POD,Porites divaricata,branching,2.5
888,FLK,UpperKeys,Upper Keys,Offshore,2014,1193,25.22271667,-80.2195,POR FURC,POF,Porites furcata,branching,1.0
889,FLK,UpperKeys,Upper Keys,Offshore,2014,1193,25.22271667,-80.2195,POR PORI,POP,Porites porites,branching,1.0
890,FLK,UpperKeys,Upper Keys,Offshore,2014,1194,25.20215,-80.22315,AGA AGAR,AGA,Agaricia agaricites,encrusting,2.0
891,FLK,UpperKeys,Upper Keys,Offshore,2014,1194,25.20215,-80.22315,MON CAVE,MOC,Montastraea cavernosa,massive,1.0
892,FLK,UpperKeys,Upper Keys,Offshore,2014,1194,25.20215,-80.22315,MYC DANA,MYD,Mycetophyllia danaana,plating,1.0
893,FLK,UpperKeys,Upper Keys,Offshore,2014,1194,25.20215,-80.22315,POR ASTR,POA,Porites astreoides,submassive,1.0
894,FLK,UpperKeys,Upper Keys,Offshore,2014,1194,25.20215,-80.22315,POR FURC,POF,Porites furcata,branching,1.0
895,FLK,UpperKeys,Upper Keys,Offshore,2014,1194,25.20215,-80.22315,SID SIDE,SIS,Siderastrea siderea,massive,3.0
896,FLK,UpperKeys,Upper Keys,Offshore,2014,1197,25.14628333,-80.2574,,,,,0.0
897,FLK,UpperKeys,Upper Keys,Offshore,2014,1198,25.13998333,-80.25945,AGA AGAR,AGA,Agaricia agaricites,encrusting,1.0
898,FLK,UpperKeys,Upper Keys,Offshore,2014,1201,25.14823333,-80.25866667,,,,,0.0
899,FLK,UpperKeys,Upper Keys,MidChannel,2014,1202,25.1245,-80.3007,,,,,0.0
900,FLK,UpperKeys,Upper Keys,MidChannel,2014,1204,25.12256667,-80.29783333,AGA AGAR,AGA,Agaricia agaricites,encrusting,1.0
901,FLK,UpperKeys,Upper Keys,MidChannel,2014,1204,25.12256667,-80.29783333,ORB FAVE,ORF,Orbicella faveolata,massive,1.0
902,FLK,UpperKeys,Upper Keys,MidChannel,2014,1204,25.12256667,-80.29783333,POR ASTR,POA,Porites astreoides,submassive,2.5
903,FLK,UpperKeys,Upper Keys,MidChannel,2014,1205,25.12328333,-80.2975,MON CAVE,MOC,Montastraea cavernosa,massive,2.0
904,FLK,UpperKeys,Upper Keys,MidChannel,2014,1205,25.12328333,-80.2975,POR ASTR,POA,Porites astreoides,submassive,11.0
905,FLK,UpperKeys,Upper Keys,MidChannel,2014,1207,25.10786667,-80.3061,AGA AGAR,AGA,Agaricia agaricites,encrusting,1.0
906,FLK,UpperKeys,Upper Keys,MidChannel,2014,1207,25.10786667,-80.3061,POR ASTR,POA,Porites astreoides,submassive,1.0
907,FLK,UpperKeys,Upper Keys,MidChannel,2014,1207,25.10786667,-80.3061,POR PORI,POP,Porites porites,branching,1.0
908,FLK,UpperKeys,Upper Keys,MidChannel,2014,1207,25.10786667,-80.3061,SID SIDE,SIS,Siderastrea siderea,massive,2.0
909,FLK,UpperKeys,Upper Keys,MidChannel,2014,1208,25.11208333,-80.30316667,POR ASTR,POA,Porites astreoides,submassive,5.0
910,FLK,UpperKeys,Upper Keys,MidChannel,2014,1208,25.11208333,-80.30316667,SID SIDE,SIS,Siderastrea siderea,massive,4.0
911,FLK,UpperKeys,Upper Keys,Offshore,2014,1209,25.03803333,-80.35083333,,,,,0.0
912,FLK,UpperKeys,Upper Keys,Offshore,2014,1210,25.03375,-80.35125,AGA AGAR,AGA,Agaricia agaricites,encrusting,1.0
913,FLK,UpperKeys,Upper Keys,Offshore,2014,1211,25.03613333,-80.346,AGA AGAR,AGA,Agaricia agaricites,encrusting,1.0
914,FLK,UpperKeys,Upper Keys,Offshore,2014,1211,25.03613333,-80.346,SID SIDE,SIS,Siderastrea siderea,massive,1.0
915,FLK,UpperKeys,Upper Keys,Offshore,2014,1211,25.03613333,-80.346,STE INTE,STI,Stephanocoenia intersepta,submassive,1.0
916,FLK,UpperKeys,Upper Keys,Offshore,2014,1214,25.01423333,-80.37548333,,,,,0.0
917,FLK,UpperKeys,Upper Keys,Offshore,2014,1215,25.00858333,-80.37361667,DIC STOK,DCS,Dichocoenia stokesii,massive,1.0
918,FLK,UpperKeys,Upper Keys,Offshore,2014,1215,25.00858333,-80.37361667,MON CAVE,MOC,Montastraea cavernosa,massive,1.0
919,FLK,UpperKeys,Upper Keys,Offshore,2014,1215,25.00858333,-80.37361667,SID SIDE,SIS,Siderastrea siderea,massive,1.0
920,FLK,UpperKeys,Upper Keys,Offshore,2014,1215,25.00858333,-80.37361667,STE INTE,STI,Stephanocoenia intersepta,submassive,1.0
921,FLK,UpperKeys,Upper Keys,Offshore,2014,1216,25.0119,-80.37018333,AGA AGAR,AGA,Agaricia agaricites,encrusting,1.0
922,FLK,UpperKeys,Upper Keys,Offshore,2014,1216,25.0119,-80.37018333,POR DIVA,POD,Porites divaricata,branching,1.0
923,FLK,UpperKeys,Upper Keys,Offshore,2014,1216,25.0119,-80.37018333,POR PORI,POP,Porites porites,branching,1.0
924,FLK,UpperKeys,Upper Keys,MidChannel,2014,1222,24.93858333,-80.55133333,DIC STOK,DCS,Dichocoenia stokesii,massive,1.0
925,FLK,UpperKeys,Upper Keys,MidChannel,2014,1222,24.93858333,-80.55133333,ORB FAVE,ORF,Orbicella faveolata,massive,2.0
926,FLK,UpperKeys,Upper Keys,MidChannel,2014,1222,24.93858333,-80.55133333,POR ASTR,POA,Porites astreoides,submassive,1.0
927,FLK,UpperKeys,Upper Keys,MidChannel,2014,1222,24.93858333,-80.55133333,PSE STRI,PSS,Pseudodiploria strigosa,massive,3.5
928,FLK,UpperKeys,Upper Keys,MidChannel,2014,1222,24.93858333,-80.55133333,SID SIDE,SIS,Siderastrea siderea,massive,11.0
929,FLK,MiddleKeys,Middle Keys,MidChannel,2014,1225,24.66585,-81.10263333,MON CAVE,MOC,Montastraea cavernosa,massive,1.0
930,FLK,MiddleKeys,Middle Keys,MidChannel,2014,1225,24.66585,-81.10263333,PSE STRI,PSS,Pseudodiploria strigosa,massive,4.0
931,FLK,MiddleKeys,Middle Keys,MidChannel,2014,1225,24.66585,-81.10263333,SID SIDE,SIS,Siderastrea siderea,massive,4.0
932,FLK,MiddleKeys,Middle Keys,MidChannel,2014,1225,24.66585,-81.10263333,SOL BOUR,SOB,Solenastrea bournoni,massive,1.0
933,FLK,MiddleKeys,Middle Keys,MidChannel,2014,1225,24.66585,-81.10263333,STE INTE,STI,Stephanocoenia intersepta,submassive,2.0
934,FLK,MiddleKeys,Middle Keys,MidChannel,2014,1226,24.66811667,-81.0681,COL NATA,CON,Colpophyllia natans,massive,2.5
935,FLK,MiddleKeys,Middle Keys,MidChannel,2014,1226,24.66811667,-81.0681,DIC STOK,DCS,Dichocoenia stokesii,massive,1.0
936,FLK,MiddleKeys,Middle Keys,MidChannel,2014,1226,24.66811667,-81.0681,DIP LABY,DIL,Diploria labyrinthiformis,massive,1.0
937,FLK,MiddleKeys,Middle Keys,MidChannel,2014,1226,24.66811667,-81.0681,MON CAVE,MOC,Montastraea cavernosa,massive,9.0
938,FLK,MiddleKeys,Middle Keys,MidChannel,2014,1226,24.66811667,-81.0681,ORB FAVE,ORF,Orbicella faveolata,massive,2.0
939,FLK,MiddleKeys,Middle Keys,MidChannel,2014,1226,24.66811667,-81.0681,POR ASTR,POA,Porites astreoides,submassive,2.0
940,FLK,MiddleKeys,Middle Keys,MidChannel,2014,1226,24.66811667,-81.0681,POR PORI,POP,Porites porites,branching,2.5
941,FLK,MiddleKeys,Middle Keys,MidChannel,2014,1226,24.66811667,-81.0681,SID SIDE,SIS,Siderastrea siderea,massive,7.5
942,FLK,MiddleKeys,Middle Keys,MidChannel,2014,1226,24.66811667,-81.0681,STE INTE,STI,Stephanocoenia intersepta,submassive,2.5
943,FLK,MiddleKeys,Middle Keys,MidChannel,2014,1227,24.67058333,-81.0616,COL NATA,CON,Colpophyllia natans,massive,10.0
944,FLK,MiddleKeys,Middle Keys,MidChannel,2014,1227,24.67058333,-81.0616,MON CAVE,MOC,Montastraea cavernosa,massive,10.5
945,FLK,MiddleKeys,Middle Keys,MidChannel,2014,1227,24.67058333,-81.0616,POR ASTR,POA,Porites astreoides,submassive,1.5
946,FLK,MiddleKeys,Middle Keys,MidChannel,2014,1227,24.67058333,-81.0616,SID RADI,SIR,Siderastrea radians,encrusting,1.0
947,FLK,MiddleKeys,Middle Keys,MidChannel,2014,1227,24.67058333,-81.0616,SID SIDE,SIS,Siderastrea siderea,massive,10.0
948,FLK,MiddleKeys,Middle Keys,MidChannel,2014,1227,24.67058333,-81.0616,STE INTE,STI,Stephanocoenia intersepta,submassive,4.0
949,FLK,UpperKeys,Upper Keys,Inshore,2014,1229,24.89796667,-80.61701667,COL NATA,CON,Colpophyllia natans,massive,5.0
950,FLK,UpperKeys,Upper Keys,Inshore,2014,1229,24.89796667,-80.61701667,MON CAVE,MOC,Montastraea cavernosa,massive,2.0
951,FLK,UpperKeys,Upper Keys,Inshore,2014,1229,24.89796667,-80.61701667,ORB ANNU,ORA,Orbicella annularis,massive,4.0
952,FLK,UpperKeys,Upper Keys,Inshore,2014,1229,24.89796667,-80.61701667,ORB FAVE,ORF,Orbicella faveolata,massive,20.0
953,FLK,UpperKeys,Upper Keys,Inshore,2014,1229,24.89796667,-80.61701667,POR ASTR,POA,Porites astreoides,submassive,4.5
954,FLK,UpperKeys,Upper Keys,Inshore,2014,1229,24.89796667,-80.61701667,POR PORI,POP,Porites porites,branching,5.5
955,FLK,UpperKeys,Upper Keys,Inshore,2014,1229,24.89796667,-80.61701667,PSE STRI,PSS,Pseudodiploria strigosa,massive,2.0
956,FLK,UpperKeys,Upper Keys,Inshore,2014,1229,24.89796667,-80.61701667,SID SIDE,SIS,Siderastrea siderea,massive,8.5
957,FLK,UpperKeys,Upper Keys,Inshore,2014,1231,24.90063333,-80.61763333,COL NATA,CON,Colpophyllia natans,massive,5.0
958,FLK,UpperKeys,Upper Keys,Inshore,2014,1231,24.90063333,-80.61763333,ORB ANNU,ORA,Orbicella annularis,massive,14.0
959,FLK,UpperKeys,Upper Keys,Inshore,2014,1231,24.90063333,-80.61763333,ORB FAVE,ORF,Orbicella faveolata,massive,15.5
960,FLK,UpperKeys,Upper Keys,Inshore,2014,1231,24.90063333,-80.61763333,SID SIDE,SIS,Siderastrea siderea,massive,11.5
961,FLK,UpperKeys,Upper Keys,MidChannel,2014,1232,24.95211667,-80.53685,MON CAVE,MOC,Montastraea cavernosa,massive,1.0
962,FLK,UpperKeys,Upper Keys,MidChannel,2014,1232,24.95211667,-80.53685,OCU DIFF,OCD,Oculina diffusa,branching,2.0
963,FLK,UpperKeys,Upper Keys,MidChannel,2014,1232,24.95211667,-80.53685,ORB ANNU,ORA,Orbicella annularis,massive,7.0
964,FLK,UpperKeys,Upper Keys,MidChannel,2014,1232,24.95211667,-80.53685,ORB FAVE,ORF,Orbicella faveolata,massive,1.0
965,FLK,UpperKeys,Upper Keys,MidChannel,2014,1232,24.95211667,-80.53685,POR ASTR,POA,Porites astreoides,submassive,1.0
966,FLK,UpperKeys,Upper Keys,MidChannel,2014,1232,24.95211667,-80.53685,POR PORI,POP,Porites porites,branching,1.0
967,FLK,UpperKeys,Upper Keys,MidChannel,2014,1232,24.95211667,-80.53685,SID SIDE,SIS,Siderastrea siderea,massive,12.5
968,FLK,UpperKeys,Upper Keys,MidChannel,2014,1232,24.95211667,-80.53685,STE INTE,STI,Stephanocoenia intersepta,submassive,1.0
969,FLK,UpperKeys,Upper Keys,MidChannel,2014,1233,24.98661667,-80.46985,ACR CERV,ACC,Acropora cervicornis,branching,1.0
970,FLK,UpperKeys,Upper Keys,MidChannel,2014,1233,24.98661667,-80.46985,AGA AGAR,AGA,Agaricia agaricites,encrusting,1.0
971,FLK,UpperKeys,Upper Keys,MidChannel,2014,1233,24.98661667,-80.46985,MON CAVE,MOC,Montastraea cavernosa,massive,1.0
972,FLK,UpperKeys,Upper Keys,MidChannel,2014,1233,24.98661667,-80.46985,ORB ANNU,ORA,Orbicella annularis,massive,1.0
973,FLK,UpperKeys,Upper Keys,MidChannel,2014,1233,24.98661667,-80.46985,ORB FAVE,ORF,Orbicella faveolata,massive,7.0
974,FLK,UpperKeys,Upper Keys,MidChannel,2014,1233,24.98661667,-80.46985,POR ASTR,POA,Porites astreoides,submassive,2.0
975,FLK,UpperKeys,Upper Keys,MidChannel,2014,1233,24.98661667,-80.46985,POR FURC,POF,Porites furcata,branching,1.0
976,FLK,UpperKeys,Upper Keys,MidChannel,2014,1233,24.98661667,-80.46985,PSE STRI,PSS,Pseudodiploria strigosa,massive,3.0
977,FLK,UpperKeys,Upper Keys,MidChannel,2014,1233,24.98661667,-80.46985,SID SIDE,SIS,Siderastrea siderea,massive,4.5
978,FLK,UpperKeys,Upper Keys,MidChannel,2014,1233,24.98661667,-80.46985,STE INTE,STI,Stephanocoenia intersepta,submassive,1.0
979,FLK,MiddleKeys,Middle Keys,MidChannel,2014,1235,24.70518333,-80.93776667,COL NATA,CON,Colpophyllia natans,massive,2.0
980,FLK,MiddleKeys,Middle Keys,MidChannel,2014,1235,24.70518333,-80.93776667,DIP LABY,DIL,Diploria labyrinthiformis,massive,2.0
981,FLK,MiddleKeys,Middle Keys,MidChannel,2014,1235,24.70518333,-80.93776667,POR ASTR,POA,Porites astreoides,submassive,2.0
982,FLK,MiddleKeys,Middle Keys,MidChannel,2014,1235,24.70518333,-80.93776667,POR PORI,POP,Porites porites,branching,3.0
983,FLK,MiddleKeys,Middle Keys,MidChannel,2014,1235,24.70518333,-80.93776667,PSE STRI,PSS,Pseudodiploria strigosa,massive,2.0
984,FLK,MiddleKeys,Middle Keys,MidChannel,2014,1235,24.70518333,-80.93776667,SID SIDE,SIS,Siderastrea siderea,massive,5.0
985,FLK,MiddleKeys,Middle Keys,MidChannel,2014,1235,24.70518333,-80.93776667,STE INTE,STI,Stephanocoenia intersepta,submassive,1.0
986,FLK,MiddleKeys,Middle Keys,MidChannel,2014,1236,24.71021667,-80.92931667,COL NATA,CON,Colpophyllia natans,massive,13.0
987,FLK,MiddleKeys,Middle Keys,MidChannel,2014,1236,24.71021667,-80.92931667,DIC STOK,DCS,Dichocoenia stokesii,massive,1.0
988,FLK,MiddleKeys,Middle Keys,MidChannel,2014,1236,24.71021667,-80.92931667,MON CAVE,MOC,Montastraea cavernosa,massive,10.0
989,FLK,MiddleKeys,Middle Keys,MidChannel,2014,1236,24.71021667,-80.92931667,MUS ANGU,MUA,Mussa angulosa,submassive,1.0
990,FLK,MiddleKeys,Middle Keys,MidChannel,2014,1236,24.71021667,-80.92931667,ORB FAVE,ORF,Orbicella faveolata,massive,4.5
991,FLK,MiddleKeys,Middle Keys,MidChannel,2014,1236,24.71021667,-80.92931667,POR ASTR,POA,Porites astreoides,submassive,1.0
992,FLK,MiddleKeys,Middle Keys,MidChannel,2014,1236,24.71021667,-80.92931667,PSE STRI,PSS,Pseudodiploria strigosa,massive,1.0
993,FLK,MiddleKeys,Middle Keys,MidChannel,2014,1236,24.71021667,-80.92931667,SID SIDE,SIS,Siderastrea siderea,massive,6.0
994,FLK,MiddleKeys,Middle Keys,MidChannel,2014,1236,24.71021667,-80.92931667,STE INTE,STI,Stephanocoenia intersepta,submassive,1.5
995,FLK,UpperKeys,Upper Keys,MidChannel,2014,1237,24.95825,-80.49045,SID SIDE,SIS,Siderastrea siderea,massive,2.0
996,FLK,UpperKeys,Upper Keys,MidChannel,2014,1237,24.95825,-80.49045,SOL BOUR,SOB,Solenastrea bournoni,massive,1.0
997,FLK,UpperKeys,Upper Keys,Offshore,2014,1239,24.90976667,-80.54125,POR DIVA,POD,Porites divaricata,branching,1.0
998,FLK,UpperKeys,Upper Keys,Offshore,2014,1239,24.90976667,-80.54125,SID SIDE,SIS,Siderastrea siderea,massive,1.0
999,FLK,UpperKeys,Upper Keys,Offshore,2014,1241,24.9439,-80.47963333,,,,,0.0
1000,FLK,UpperKeys,Upper Keys,Offshore,2014,1243,24.914,-80.53533333,,,,,0.0
1001,FLK,MiddleKeys,Middle Keys,Offshore,2014,1245,24.63311667,-81.08706667,DIC STOK,DCS,Dichocoenia stokesii,massive,1.0
1002,FLK,MiddleKeys,Middle Keys,Offshore,2014,1245,24.63311667,-81.08706667,POR ASTR,POA,Porites astreoides,submassive,1.0
1003,FLK,MiddleKeys,Middle Keys,Offshore,2014,1245,24.63311667,-81.08706667,SID SIDE,SIS,Siderastrea siderea,massive,1.0
1004,FLK,MiddleKeys,Middle Keys,Offshore,2014,1246,24.67776667,-80.9518,MON CAVE,MOC,Montastraea cavernosa,massive,1.0
1005,FLK,MiddleKeys,Middle Keys,Offshore,2014,1246,24.67776667,-80.9518,POR PORI,POP,Porites porites,branching,2.0
1006,FLK,MiddleKeys,Middle Keys,Offshore,2014,1253,24.66108333,-80.99948333,PSE STRI,PSS,Pseudodiploria strigosa,massive,2.0
1007,FLK,MiddleKeys,Middle Keys,Offshore,2014,1254,24.73276667,-80.80435,AGA AGAR,AGA,Agaricia agaricites,encrusting,1.0
1008,FLK,MiddleKeys,Middle Keys,Offshore,2014,1254,24.73276667,-80.80435,SID SIDE,SIS,Siderastrea siderea,massive,3.5
1009,FLK,MiddleKeys,Middle Keys,Offshore,2014,1254,24.73276667,-80.80435,STE INTE,STI,Stephanocoenia intersepta,submassive,1.5
1010,FLK,MiddleKeys,Middle Keys,Offshore,2014,1255,24.812,-80.67341667,SID SIDE,SIS,Siderastrea siderea,massive,1.5
1011,FLK,MiddleKeys,Middle Keys,Offshore,2014,1256,24.81883333,-80.67473333,,,,,0.0
1012,FLK,MiddleKeys,Middle Keys,Offshore,2014,1257,24.82128333,-80.66045,POR PORI,POP,Porites porites,branching,1.0
1013,FLK,MiddleKeys,Middle Keys,Offshore,2014,1263,24.63258333,-81.08893333,COL NATA,CON,Colpophyllia natans,massive,3.0
1014,FLK,MiddleKeys,Middle Keys,Offshore,2014,1263,24.63258333,-81.08893333,MON CAVE,MOC,Montastraea cavernosa,massive,1.0
1015,FLK,MiddleKeys,Middle Keys,Offshore,2014,1263,24.63258333,-81.08893333,POR ASTR,POA,Porites astreoides,submassive,1.0
1016,FLK,MiddleKeys,Middle Keys,Offshore,2014,1263,24.63258333,-81.08893333,SID SIDE,SIS,Siderastrea siderea,massive,1.0
1017,FLK,MiddleKeys,Middle Keys,Offshore,2014,1265,24.71238333,-80.8483,AGA AGAR,AGA,Agaricia agaricites,encrusting,1.0
1018,FLK,MiddleKeys,Middle Keys,Offshore,2014,1265,24.71238333,-80.8483,MON CAVE,MOC,Montastraea cavernosa,massive,2.0
1019,FLK,MiddleKeys,Middle Keys,Offshore,2014,1265,24.71238333,-80.8483,ORB FAVE,ORF,Orbicella faveolata,massive,1.0
1020,FLK,MiddleKeys,Middle Keys,Offshore,2014,1265,24.71238333,-80.8483,ORB FRAN,ORFR,Orbicella franksi,massive,3.0
1021,FLK,MiddleKeys,Middle Keys,Offshore,2014,1265,24.71238333,-80.8483,POR ASTR,POA,Porites astreoides,submassive,1.0
1022,FLK,MiddleKeys,Middle Keys,Offshore,2014,1265,24.71238333,-80.8483,PSE STRI,PSS,Pseudodiploria strigosa,massive,1.0
1023,FLK,MiddleKeys,Middle Keys,Offshore,2014,1265,24.71238333,-80.8483,SID SIDE,SIS,Siderastrea siderea,massive,1.5
1024,FLK,MiddleKeys,Middle Keys,Offshore,2014,1265,24.71238333,-80.8483,STE INTE,STI,Stephanocoenia intersepta,submassive,1.0
1025,FLK,MiddleKeys,Middle Keys,Offshore,2014,1267,24.7811,-80.7117,,,,,0.0
1026,FLK,MiddleKeys,Middle Keys,Offshore,2014,1269,24.80881667,-80.67545,AGA AGAR,AGA,Agaricia agaricites,encrusting,1.0
1027,FLK,MiddleKeys,Middle Keys,Offshore,2014,1269,24.80881667,-80.67545,MON CAVE,MOC,Montastraea cavernosa,massive,1.0
1028,FLK,MiddleKeys,Middle Keys,Offshore,2014,1269,24.80881667,-80.67545,ORB FAVE,ORF,Orbicella faveolata,massive,9.5
1029,FLK,MiddleKeys,Middle Keys,Offshore,2014,1269,24.80881667,-80.67545,POR ASTR,POA,Porites astreoides,submassive,1.0
1030,FLK,MiddleKeys,Middle Keys,Offshore,2014,1269,24.80881667,-80.67545,SID SIDE,SIS,Siderastrea siderea,massive,1.5
1031,FLK,MiddleKeys,Middle Keys,Offshore,2014,1269,24.80881667,-80.67545,STE INTE,STI,Stephanocoenia intersepta,submassive,1.0
1032,FLK,UpperKeys,Upper Keys,Offshore,2014,1270,24.85305,-80.61023333,POR FURC,POF,Porites furcata,branching,2.0
1033,FLK,UpperKeys,Upper Keys,Offshore,2014,1270,24.85305,-80.61023333,SID SIDE,SIS,Siderastrea siderea,massive,1.0
1034,FLK,UpperKeys,Upper Keys,Offshore,2014,1271,24.90533333,-80.5269,POR DIVA,POD,Porites divaricata,branching,1.0
1035,FLK,UpperKeys,Upper Keys,Offshore,2014,1271,24.90533333,-80.5269,SID SIDE,SIS,Siderastrea siderea,massive,1.0
1036,FLK,UpperKeys,Upper Keys,Offshore,2014,1271,24.90533333,-80.5269,STE INTE,STI,Stephanocoenia intersepta,submassive,2.0
1037,FLK,UpperKeys,Upper Keys,Offshore,2014,1272,24.9136,-80.5137,DIC STOK,DCS,Dichocoenia stokesii,massive,1.0
1038,FLK,UpperKeys,Upper Keys,Offshore,2014,1272,24.9136,-80.5137,POR PORI,POP,Porites porites,branching,1.0
1039,FLK,UpperKeys,Upper Keys,Offshore,2014,1272,24.9136,-80.5137,SID SIDE,SIS,Siderastrea siderea,massive,1.0
1040,FLK,UpperKeys,Upper Keys,Offshore,2014,1285,24.9562,-80.45698333,SID SIDE,SIS,Siderastrea siderea,massive,1.0
1041,FLK,UpperKeys,Upper Keys,Offshore,2014,1286,24.95166667,-80.4599,SID SIDE,SIS,Siderastrea siderea,massive,4.0
1042,FLK,UpperKeys,Upper Keys,Offshore,2014,1287,24.95463333,-80.45288333,MAD DECA,MDD,Madracis decactis,encrusting,1.0
1043,FLK,UpperKeys,Upper Keys,Offshore,2014,1287,24.95463333,-80.45288333,ORB FAVE,ORF,Orbicella faveolata,massive,2.0
1044,FLK,UpperKeys,Upper Keys,Offshore,2014,1287,24.95463333,-80.45288333,SID SIDE,SIS,Siderastrea siderea,massive,2.0
1045,FLK,UpperKeys,Upper Keys,Offshore,2014,1287,24.95463333,-80.45288333,STE INTE,STI,Stephanocoenia intersepta,submassive,1.0
1046,FLK,UpperKeys,Upper Keys,Offshore,2014,1288,24.95541667,-80.45583333,STE INTE,STI,Stephanocoenia intersepta,submassive,1.0
1047,FLK,UpperKeys,Upper Keys,Offshore,2014,1292,24.92286667,-80.50521667,SID SIDE,SIS,Siderastrea siderea,massive,2.0
1048,FLK,UpperKeys,Upper Keys,Offshore,2014,1295,24.92136667,-80.50513333,MEA MEAN,MEM,Meandrina meandrites,massive,2.0
1049,FLK,UpperKeys,Upper Keys,Offshore,2014,1295,24.92136667,-80.50513333,SID SIDE,SIS,Siderastrea siderea,massive,1.0
1050,FLK,UpperKeys,Upper Keys,MidChannel,2014,1297,24.93465,-80.54876667,COL NATA,CON,Colpophyllia natans,massive,1.0
1051,FLK,UpperKeys,Upper Keys,MidChannel,2014,1297,24.93465,-80.54876667,ORB ANNU,ORA,Orbicella annularis,massive,6.0
1052,FLK,UpperKeys,Upper Keys,MidChannel,2014,1297,24.93465,-80.54876667,ORB FAVE,ORF,Orbicella faveolata,massive,19.0
1053,FLK,UpperKeys,Upper Keys,MidChannel,2014,1297,24.93465,-80.54876667,POR ASTR,POA,Porites astreoides,submassive,1.0
1054,FLK,UpperKeys,Upper Keys,MidChannel,2014,1297,24.93465,-80.54876667,SID SIDE,SIS,Siderastrea siderea,massive,3.5
1055,FLK,UpperKeys,Upper Keys,MidChannel,2014,1298,24.93733333,-80.5473,COL NATA,CON,Colpophyllia natans,massive,4.5
1056,FLK,UpperKeys,Upper Keys,MidChannel,2014,1298,24.93733333,-80.5473,DIP LABY,DIL,Diploria labyrinthiformis,massive,1.0
1057,FLK,UpperKeys,Upper Keys,MidChannel,2014,1298,24.93733333,-80.5473,EUS FAST,EUF,Eusmilia fastigiata,branching,2.0
1058,FLK,UpperKeys,Upper Keys,MidChannel,2014,1298,24.93733333,-80.5473,MON CAVE,MOC,Montastraea cavernosa,massive,3.0
1059,FLK,UpperKeys,Upper Keys,MidChannel,2014,1298,24.93733333,-80.5473,ORB ANNU,ORA,Orbicella annularis,massive,1.0
1060,FLK,UpperKeys,Upper Keys,MidChannel,2014,1298,24.93733333,-80.5473,ORB FAVE,ORF,Orbicella faveolata,massive,9.0
1061,FLK,UpperKeys,Upper Keys,MidChannel,2014,1298,24.93733333,-80.5473,SID SIDE,SIS,Siderastrea siderea,massive,13.0
1062,FLK,UpperKeys,Upper Keys,MidChannel,2014,1298,24.93733333,-80.5473,STE INTE,STI,Stephanocoenia intersepta,submassive,2.0
1063,FLK,UpperKeys,Upper Keys,Inshore,2014,1299,24.90456667,-80.61541667,COL NATA,CON,Colpophyllia natans,massive,1.5
1064,FLK,UpperKeys,Upper Keys,Inshore,2014,1299,24.90456667,-80.61541667,DIC STOK,DCS,Dichocoenia stokesii,massive,1.0
1065,FLK,UpperKeys,Upper Keys,Inshore,2014,1299,24.90456667,-80.61541667,DIP LABY,DIL,Diploria labyrinthiformis,massive,1.0
1066,FLK,UpperKeys,Upper Keys,Inshore,2014,1299,24.90456667,-80.61541667,MON CAVE,MOC,Montastraea cavernosa,massive,2.0
1067,FLK,UpperKeys,Upper Keys,Inshore,2014,1299,24.90456667,-80.61541667,ORB ANNU,ORA,Orbicella annularis,massive,5.5
1068,FLK,UpperKeys,Upper Keys,Inshore,2014,1299,24.90456667,-80.61541667,POR ASTR,POA,Porites astreoides,submassive,1.0
1069,FLK,UpperKeys,Upper Keys,Inshore,2014,1299,24.90456667,-80.61541667,PSE STRI,PSS,Pseudodiploria strigosa,massive,5.0
1070,FLK,UpperKeys,Upper Keys,Inshore,2014,1299,24.90456667,-80.61541667,SID RADI,SIR,Siderastrea radians,encrusting,1.0
1071,FLK,UpperKeys,Upper Keys,Inshore,2014,1299,24.90456667,-80.61541667,SID SIDE,SIS,Siderastrea siderea,massive,9.5
1072,FLK,UpperKeys,Upper Keys,Inshore,2014,1299,24.90456667,-80.61541667,STE INTE,STI,Stephanocoenia intersepta,submassive,1.0
1073,FLK,UpperKeys,Upper Keys,Inshore,2014,1300,24.90406667,-80.61768333,COL NATA,CON,Colpophyllia natans,massive,10.0
1074,FLK,UpperKeys,Upper Keys,Inshore,2014,1300,24.90406667,-80.61768333,DIP LABY,DIL,Diploria labyrinthiformis,massive,2.0
1075,FLK,UpperKeys,Upper Keys,Inshore,2014,1300,24.90406667,-80.61768333,POR ASTR,POA,Porites astreoides,submassive,2.0
1076,FLK,UpperKeys,Upper Keys,Inshore,2014,1300,24.90406667,-80.61768333,POR PORI,POP,Porites porites,branching,1.0
1077,FLK,UpperKeys,Upper Keys,Inshore,2014,1300,24.90406667,-80.61768333,SID SIDE,SIS,Siderastrea siderea,massive,4.0
1078,FLK,UpperKeys,Upper Keys,Offshore,2014,1302,24.84581667,-80.62386667,MEA MEAN,MEM,Meandrina meandrites,massive,2.0
1079,FLK,UpperKeys,Upper Keys,Offshore,2014,1302,24.84581667,-80.62386667,POR PORI,POP,Porites porites,branching,1.0
1080,FLK,UpperKeys,Upper Keys,Offshore,2014,1302,24.84581667,-80.62386667,SID SIDE,SIS,Siderastrea siderea,massive,1.0
1081,FLK,UpperKeys,Upper Keys,Offshore,2014,1303,24.84703333,-80.622,MEA MEAN,MEM,Meandrina meandrites,massive,1.0
1082,FLK,UpperKeys,Upper Keys,Offshore,2014,1303,24.84703333,-80.622,POR PORI,POP,Porites porites,branching,1.0
1083,FLK,UpperKeys,Upper Keys,Offshore,2014,1303,24.84703333,-80.622,SID SIDE,SIS,Siderastrea siderea,massive,1.0
1084,FLK,UpperKeys,Upper Keys,Offshore,2014,1305,24.84475,-80.62246667,SID SIDE,SIS,Siderastrea siderea,massive,3.0
1085,FLK,UpperKeys,Upper Keys,Offshore,2014,1305,24.84475,-80.62246667,STE INTE,STI,Stephanocoenia intersepta,submassive,1.5
1086,FLK,UpperKeys,Upper Keys,Offshore,2014,1306,24.84596667,-80.61915,POR ASTR,POA,Porites astreoides,submassive,1.0
1087,FLK,UpperKeys,Upper Keys,Offshore,2014,1306,24.84596667,-80.61915,SID SIDE,SIS,Siderastrea siderea,massive,1.0
1088,FLK,MiddleKeys,Middle Keys,Offshore,2014,1309,24.76523333,-80.7562,DIC STOK,DCS,Dichocoenia stokesii,massive,1.0
1089,FLK,MiddleKeys,Middle Keys,Offshore,2014,1310,24.76588333,-80.75401667,COL NATA,CON,Colpophyllia natans,massive,4.0
1090,FLK,MiddleKeys,Middle Keys,Offshore,2014,1310,24.76588333,-80.75401667,MEA MEAN,MEM,Meandrina meandrites,massive,1.0
1091,FLK,MiddleKeys,Middle Keys,Offshore,2014,1310,24.76588333,-80.75401667,MON CAVE,MOC,Montastraea cavernosa,massive,1.0
1092,FLK,MiddleKeys,Middle Keys,Offshore,2014,1310,24.76588333,-80.75401667,POR ASTR,POA,Porites astreoides,submassive,1.0
1093,FLK,MiddleKeys,Middle Keys,Offshore,2014,1310,24.76588333,-80.75401667,SID SIDE,SIS,Siderastrea siderea,massive,1.5
1094,FLK,MiddleKeys,Middle Keys,Offshore,2014,1313,24.7631,-80.75611667,COL NATA,CON,Colpophyllia natans,massive,1.0
1095,FLK,MiddleKeys,Middle Keys,Offshore,2014,1313,24.7631,-80.75611667,DIP LABY,DIL,Diploria labyrinthiformis,massive,1.0
1096,FLK,MiddleKeys,Middle Keys,Offshore,2014,1313,24.7631,-80.75611667,MAD DECA,MDD,Madracis decactis,encrusting,1.0
1097,FLK,MiddleKeys,Middle Keys,Offshore,2014,1313,24.7631,-80.75611667,MON CAVE,MOC,Montastraea cavernosa,massive,1.0
1098,FLK,MiddleKeys,Middle Keys,Offshore,2014,1313,24.7631,-80.75611667,ORB FAVE,ORF,Orbicella faveolata,massive,3.0
1099,FLK,MiddleKeys,Middle Keys,Offshore,2014,1313,24.7631,-80.75611667,POR ASTR,POA,Porites astreoides,submassive,2.0
1100,FLK,MiddleKeys,Middle Keys,Offshore,2014,1313,24.7631,-80.75611667,POR PORI,POP,Porites porites,branching,1.0
1101,FLK,MiddleKeys,Middle Keys,Offshore,2014,1313,24.7631,-80.75611667,SID SIDE,SIS,Siderastrea siderea,massive,3.5
1102,FLK,MiddleKeys,Middle Keys,Offshore,2014,1313,24.7631,-80.75611667,STE INTE,STI,Stephanocoenia intersepta,submassive,1.0
1103,FLK,MiddleKeys,Middle Keys,Offshore,2014,1314,24.76455,-80.75383333,AGA AGAR,AGA,Agaricia agaricites,encrusting,1.0
1104,FLK,MiddleKeys,Middle Keys,Offshore,2014,1314,24.76455,-80.75383333,COL NATA,CON,Colpophyllia natans,massive,4.0
1105,FLK,MiddleKeys,Middle Keys,Offshore,2014,1314,24.76455,-80.75383333,MON CAVE,MOC,Montastraea cavernosa,massive,5.0
1106,FLK,MiddleKeys,Middle Keys,Offshore,2014,1314,24.76455,-80.75383333,POR DIVA,POD,Porites divaricata,branching,1.0
1107,FLK,MiddleKeys,Middle Keys,Offshore,2014,1314,24.76455,-80.75383333,SID SIDE,SIS,Siderastrea siderea,massive,3.0
1108,FLK,MiddleKeys,Middle Keys,Offshore,2014,1314,24.76455,-80.75383333,STE INTE,STI,Stephanocoenia intersepta,submassive,1.0
1109,FLK,MiddleKeys,Middle Keys,Offshore,2014,1315,24.68428333,-80.96643333,POR ASTR,POA,Porites astreoides,submassive,1.0
1110,FLK,MiddleKeys,Middle Keys,Offshore,2014,1315,24.68428333,-80.96643333,PSE STRI,PSS,Pseudodiploria strigosa,massive,1.0
1111,FLK,MiddleKeys,Middle Keys,Offshore,2014,1316,24.68585,-80.96285,AGA AGAR,AGA,Agaricia agaricites,encrusting,1.5
1112,FLK,MiddleKeys,Middle Keys,Offshore,2014,1316,24.68585,-80.96285,MON CAVE,MOC,Montastraea cavernosa,massive,1.0
1113,FLK,MiddleKeys,Middle Keys,Offshore,2014,1316,24.68585,-80.96285,ORB FAVE,ORF,Orbicella faveolata,massive,3.0
1114,FLK,MiddleKeys,Middle Keys,Offshore,2014,1316,24.68585,-80.96285,POR ASTR,POA,Porites astreoides,submassive,5.5
1115,FLK,MiddleKeys,Middle Keys,Offshore,2014,1316,24.68585,-80.96285,POR PORI,POP,Porites porites,branching,1.0
1116,FLK,MiddleKeys,Middle Keys,Offshore,2014,1316,24.68585,-80.96285,PSE STRI,PSS,Pseudodiploria strigosa,massive,1.0
1117,FLK,MiddleKeys,Middle Keys,Offshore,2014,1316,24.68585,-80.96285,SID SIDE,SIS,Siderastrea siderea,massive,2.0
1118,FLK,MiddleKeys,Middle Keys,Offshore,2014,1316,24.68585,-80.96285,STE INTE,STI,Stephanocoenia intersepta,submassive,2.0
1119,FLK,MiddleKeys,Middle Keys,Offshore,2014,1317,24.68185,-80.97046667,MON CAVE,MOC,Montastraea cavernosa,massive,1.0
1120,FLK,MiddleKeys,Middle Keys,Offshore,2014,1317,24.68185,-80.97046667,SID SIDE,SIS,Siderastrea siderea,massive,1.0
1121,FLK,MiddleKeys,Middle Keys,Offshore,2014,1319,24.62991667,-81.11288333,,,,,0.0
1122,FLK,MiddleKeys,Middle Keys,Offshore,2014,1320,24.62483333,-81.10715,AGA AGAR,AGA,Agaricia agaricites,encrusting,1.0
1123,FLK,MiddleKeys,Middle Keys,Offshore,2014,1320,24.62483333,-81.10715,ORB FAVE,ORF,Orbicella faveolata,massive,2.0
1124,FLK,MiddleKeys,Middle Keys,Offshore,2014,1320,24.62483333,-81.10715,POR ASTR,POA,Porites astreoides,submassive,2.0
1125,FLK,MiddleKeys,Middle Keys,Offshore,2014,1320,24.62483333,-81.10715,POR FURC,POF,Porites furcata,branching,1.0
1126,FLK,MiddleKeys,Middle Keys,Offshore,2014,1320,24.62483333,-81.10715,SID SIDE,SIS,Siderastrea siderea,massive,2.0
1127,FLK,MiddleKeys,Middle Keys,Offshore,2014,1320,24.62483333,-81.10715,STE INTE,STI,Stephanocoenia intersepta,submassive,1.0
1128,FLK,MiddleKeys,Middle Keys,Offshore,2014,1323,24.62301667,-81.11048333,AGA AGAR,AGA,Agaricia agaricites,encrusting,2.01010101
1129,FLK,MiddleKeys,Middle Keys,Offshore,2014,1323,24.62301667,-81.11048333,POR ASTR,POA,Porites astreoides,submassive,1.0
1130,FLK,MiddleKeys,Middle Keys,Offshore,2014,1323,24.62301667,-81.11048333,SID SIDE,SIS,Siderastrea siderea,massive,3.515151515
1131,FLK,LowerKeys,Lower Keys,Inshore,2014,1324,24.5132,-81.95223333,ACR CERV,ACC,Acropora cervicornis,branching,1.0
1132,FLK,LowerKeys,Lower Keys,Inshore,2014,1324,24.5132,-81.95223333,MON CAVE,MOC,Montastraea cavernosa,massive,1.0
1133,FLK,LowerKeys,Lower Keys,Inshore,2014,1324,24.5132,-81.95223333,ORB ANNU,ORA,Orbicella annularis,massive,2.0
1134,FLK,LowerKeys,Lower Keys,Inshore,2014,1324,24.5132,-81.95223333,PSE STRI,PSS,Pseudodiploria strigosa,massive,1.0
1135,FLK,LowerKeys,Lower Keys,Inshore,2014,1324,24.5132,-81.95223333,SID SIDE,SIS,Siderastrea siderea,massive,3.5
1136,FLK,LowerKeys,Lower Keys,Inshore,2014,1325,24.51605,-81.92446667,DIP LABY,DIL,Diploria labyrinthiformis,massive,1.0
1137,FLK,LowerKeys,Lower Keys,Inshore,2014,1325,24.51605,-81.92446667,MON CAVE,MOC,Montastraea cavernosa,massive,3.0
1138,FLK,LowerKeys,Lower Keys,Inshore,2014,1325,24.51605,-81.92446667,ORB ANNU,ORA,Orbicella annularis,massive,12.0
1139,FLK,LowerKeys,Lower Keys,Inshore,2014,1325,24.51605,-81.92446667,ORB FAVE,ORF,Orbicella faveolata,massive,18.0
1140,FLK,LowerKeys,Lower Keys,Inshore,2014,1325,24.51605,-81.92446667,POR ASTR,POA,Porites astreoides,submassive,2.0
1141,FLK,LowerKeys,Lower Keys,Inshore,2014,1325,24.51605,-81.92446667,PSE STRI,PSS,Pseudodiploria strigosa,massive,1.0
1142,FLK,LowerKeys,Lower Keys,Inshore,2014,1325,24.51605,-81.92446667,SID SIDE,SIS,Siderastrea siderea,massive,5.0
1143,FLK,LowerKeys,Lower Keys,Inshore,2014,1325,24.51605,-81.92446667,SOL BOUR,SOB,Solenastrea bournoni,massive,1.0
1144,FLK,LowerKeys,Lower Keys,Inshore,2014,1325,24.51605,-81.92446667,STE INTE,STI,Stephanocoenia intersepta,submassive,2.0
1145,FLK,LowerKeys,Lower Keys,Inshore,2014,1326,24.56305,-81.65736667,COL NATA,CON,Colpophyllia natans,massive,8.5
1146,FLK,LowerKeys,Lower Keys,Inshore,2014,1326,24.56305,-81.65736667,DIC STOK,DCS,Dichocoenia stokesii,massive,1.0
1147,FLK,LowerKeys,Lower Keys,Inshore,2014,1326,24.56305,-81.65736667,DIP LABY,DIL,Diploria labyrinthiformis,massive,1.0
1148,FLK,LowerKeys,Lower Keys,Inshore,2014,1326,24.56305,-81.65736667,MON CAVE,MOC,Montastraea cavernosa,massive,8.0
1149,FLK,LowerKeys,Lower Keys,Inshore,2014,1326,24.56305,-81.65736667,ORB ANNU,ORA,Orbicella annularis,massive,12.0
1150,FLK,LowerKeys,Lower Keys,Inshore,2014,1326,24.56305,-81.65736667,ORB FAVE,ORF,Orbicella faveolata,massive,5.5
1151,FLK,LowerKeys,Lower Keys,Inshore,2014,1326,24.56305,-81.65736667,POR ASTR,POA,Porites astreoides,submassive,1.0
1152,FLK,LowerKeys,Lower Keys,Inshore,2014,1326,24.56305,-81.65736667,SID RADI,SIR,Siderastrea radians,encrusting,2.0
1153,FLK,LowerKeys,Lower Keys,Inshore,2014,1326,24.56305,-81.65736667,SID SIDE,SIS,Siderastrea siderea,massive,6.0
1154,FLK,LowerKeys,Lower Keys,MidChannel,2014,1329,24.4739,-81.9023,COL NATA,CON,Colpophyllia natans,massive,4.0
1155,FLK,LowerKeys,Lower Keys,MidChannel,2014,1329,24.4739,-81.9023,DIC STOK,DCS,Dichocoenia stokesii,massive,1.0
1156,FLK,LowerKeys,Lower Keys,MidChannel,2014,1329,24.4739,-81.9023,MEA MEAN,MEM,Meandrina meandrites,massive,1.0
1157,FLK,LowerKeys,Lower Keys,MidChannel,2014,1329,24.4739,-81.9023,OCU DIFF,OCD,Oculina diffusa,branching,1.0
1158,FLK,LowerKeys,Lower Keys,MidChannel,2014,1329,24.4739,-81.9023,ORB FAVE,ORF,Orbicella faveolata,massive,4.0
1159,FLK,LowerKeys,Lower Keys,MidChannel,2014,1329,24.4739,-81.9023,POR ASTR,POA,Porites astreoides,submassive,2.0
1160,FLK,LowerKeys,Lower Keys,MidChannel,2014,1329,24.4739,-81.9023,SID SIDE,SIS,Siderastrea siderea,massive,8.0
1161,FLK,LowerKeys,Lower Keys,MidChannel,2014,1329,24.4739,-81.9023,STE INTE,STI,Stephanocoenia intersepta,submassive,4.5
1162,FLK,LowerKeys,Lower Keys,MidChannel,2014,1330,24.47675,-81.94853333,DIC STOK,DCS,Dichocoenia stokesii,massive,1.0
1163,FLK,LowerKeys,Lower Keys,MidChannel,2014,1330,24.47675,-81.94853333,MEA MEAN,MEM,Meandrina meandrites,massive,3.0
1164,FLK,LowerKeys,Lower Keys,MidChannel,2014,1330,24.47675,-81.94853333,MON CAVE,MOC,Montastraea cavernosa,massive,5.0
1165,FLK,LowerKeys,Lower Keys,MidChannel,2014,1330,24.47675,-81.94853333,ORB FAVE,ORF,Orbicella faveolata,massive,1.0
1166,FLK,LowerKeys,Lower Keys,MidChannel,2014,1330,24.47675,-81.94853333,POR ASTR,POA,Porites astreoides,submassive,2.0
1167,FLK,LowerKeys,Lower Keys,MidChannel,2014,1330,24.47675,-81.94853333,POR FURC,POF,Porites furcata,branching,2.0
1168,FLK,LowerKeys,Lower Keys,MidChannel,2014,1330,24.47675,-81.94853333,SID SIDE,SIS,Siderastrea siderea,massive,4.0
1169,FLK,LowerKeys,Lower Keys,MidChannel,2014,1330,24.47675,-81.94853333,STE INTE,STI,Stephanocoenia intersepta,submassive,4.0
1170,FLK,LowerKeys,Lower Keys,MidChannel,2014,1331,24.47395,-81.94066667,COL NATA,CON,Colpophyllia natans,massive,3.0
1171,FLK,LowerKeys,Lower Keys,MidChannel,2014,1331,24.47395,-81.94066667,DIP LABY,DIL,Diploria labyrinthiformis,massive,2.0
1172,FLK,LowerKeys,Lower Keys,MidChannel,2014,1331,24.47395,-81.94066667,MON CAVE,MOC,Montastraea cavernosa,massive,13.0
1173,FLK,LowerKeys,Lower Keys,MidChannel,2014,1331,24.47395,-81.94066667,POR ASTR,POA,Porites astreoides,submassive,3.0
1174,FLK,LowerKeys,Lower Keys,MidChannel,2014,1331,24.47395,-81.94066667,SID SIDE,SIS,Siderastrea siderea,massive,5.5
1175,FLK,LowerKeys,Lower Keys,MidChannel,2014,1331,24.47395,-81.94066667,STE INTE,STI,Stephanocoenia intersepta,submassive,4.0
1176,FLK,LowerKeys,Lower Keys,MidChannel,2014,1332,24.47816667,-81.94736667,AGA AGAR,AGA,Agaricia agaricites,encrusting,1.0
1177,FLK,LowerKeys,Lower Keys,MidChannel,2014,1332,24.47816667,-81.94736667,COL NATA,CON,Colpophyllia natans,massive,2.0
1178,FLK,LowerKeys,Lower Keys,MidChannel,2014,1332,24.47816667,-81.94736667,MON CAVE,MOC,Montastraea cavernosa,massive,10.0
1179,FLK,LowerKeys,Lower Keys,MidChannel,2014,1332,24.47816667,-81.94736667,POR ASTR,POA,Porites astreoides,submassive,1.0
1180,FLK,LowerKeys,Lower Keys,MidChannel,2014,1332,24.47816667,-81.94736667,SID SIDE,SIS,Siderastrea siderea,massive,5.5
1181,FLK,LowerKeys,Lower Keys,MidChannel,2014,1332,24.47816667,-81.94736667,STE INTE,STI,Stephanocoenia intersepta,submassive,1.0
1182,FLK,LowerKeys,Lower Keys,MidChannel,2014,1333,24.4832,-81.94671667,COL NATA,CON,Colpophyllia natans,massive,4.5
1183,FLK,LowerKeys,Lower Keys,MidChannel,2014,1333,24.4832,-81.94671667,MON CAVE,MOC,Montastraea cavernosa,massive,6.0
1184,FLK,LowerKeys,Lower Keys,MidChannel,2014,1333,24.4832,-81.94671667,MUS ANGU,MUA,Mussa angulosa,submassive,1.0
1185,FLK,LowerKeys,Lower Keys,MidChannel,2014,1333,24.4832,-81.94671667,ORB FAVE,ORF,Orbicella faveolata,massive,3.0
1186,FLK,LowerKeys,Lower Keys,MidChannel,2014,1333,24.4832,-81.94671667,POR ASTR,POA,Porites astreoides,submassive,1.5
1187,FLK,LowerKeys,Lower Keys,MidChannel,2014,1333,24.4832,-81.94671667,SID SIDE,SIS,Siderastrea siderea,massive,6.5
1188,FLK,LowerKeys,Lower Keys,MidChannel,2014,1333,24.4832,-81.94671667,STE INTE,STI,Stephanocoenia intersepta,submassive,3.0
1189,FLK,LowerKeys,Lower Keys,MidChannel,2014,1334,24.50898333,-81.72856667,AGA AGAR,AGA,Agaricia agaricites,encrusting,2.0
1190,FLK,LowerKeys,Lower Keys,MidChannel,2014,1334,24.50898333,-81.72856667,COL NATA,CON,Colpophyllia natans,massive,8.0
1191,FLK,LowerKeys,Lower Keys,MidChannel,2014,1334,24.50898333,-81.72856667,MEA MEAN,MEM,Meandrina meandrites,massive,2.0
1192,FLK,LowerKeys,Lower Keys,MidChannel,2014,1334,24.50898333,-81.72856667,MON CAVE,MOC,Montastraea cavernosa,massive,4.0
1193,FLK,LowerKeys,Lower Keys,MidChannel,2014,1334,24.50898333,-81.72856667,ORB FAVE,ORF,Orbicella faveolata,massive,14.0
1194,FLK,LowerKeys,Lower Keys,MidChannel,2014,1334,24.50898333,-81.72856667,POR ASTR,POA,Porites astreoides,submassive,2.0
1195,FLK,LowerKeys,Lower Keys,MidChannel,2014,1334,24.50898333,-81.72856667,PSE STRI,PSS,Pseudodiploria strigosa,massive,5.0
1196,FLK,LowerKeys,Lower Keys,MidChannel,2014,1334,24.50898333,-81.72856667,SID SIDE,SIS,Siderastrea siderea,massive,5.0
1197,FLK,LowerKeys,Lower Keys,MidChannel,2014,1334,24.50898333,-81.72856667,STE INTE,STI,Stephanocoenia intersepta,submassive,3.0
1198,FLK,LowerKeys,Lower Keys,MidChannel,2014,1335,24.51878333,-81.6699,COL NATA,CON,Colpophyllia natans,massive,10.0
1199,FLK,LowerKeys,Lower Keys,MidChannel,2014,1335,24.51878333,-81.6699,DIC STOK,DCS,Dichocoenia stokesii,massive,2.0
1200,FLK,LowerKeys,Lower Keys,MidChannel,2014,1335,24.51878333,-81.6699,EUS FAST,EUF,Eusmilia fastigiata,branching,1.0
1201,FLK,LowerKeys,Lower Keys,MidChannel,2014,1335,24.51878333,-81.6699,MON CAVE,MOC,Montastraea cavernosa,massive,12.0
1202,FLK,LowerKeys,Lower Keys,MidChannel,2014,1335,24.51878333,-81.6699,ORB FAVE,ORF,Orbicella faveolata,massive,1.0
1203,FLK,LowerKeys,Lower Keys,MidChannel,2014,1335,24.51878333,-81.6699,POR ASTR,POA,Porites astreoides,submassive,1.0
1204,FLK,LowerKeys,Lower Keys,MidChannel,2014,1335,24.51878333,-81.6699,SID SIDE,SIS,Siderastrea siderea,massive,4.0
1205,FLK,LowerKeys,Lower Keys,MidChannel,2014,1335,24.51878333,-81.6699,STE INTE,STI,Stephanocoenia intersepta,submassive,3.5
1206,FLK,LowerKeys,Lower Keys,MidChannel,2014,1338,24.53666667,-81.63461667,DIC STOK,DCS,Dichocoenia stokesii,massive,1.0
1207,FLK,LowerKeys,Lower Keys,MidChannel,2014,1338,24.53666667,-81.63461667,POR ASTR,POA,Porites astreoides,submassive,3.0
1208,FLK,LowerKeys,Lower Keys,MidChannel,2014,1338,24.53666667,-81.63461667,POR FURC,POF,Porites furcata,branching,1.0
1209,FLK,LowerKeys,Lower Keys,MidChannel,2014,1338,24.53666667,-81.63461667,SID SIDE,SIS,Siderastrea siderea,massive,1.5
1210,FLK,LowerKeys,Lower Keys,MidChannel,2014,1338,24.53666667,-81.63461667,STE INTE,STI,Stephanocoenia intersepta,submassive,1.0
1211,FLK,LowerKeys,Lower Keys,MidChannel,2014,1352,24.48721667,-81.84361667,ACR CERV,ACC,Acropora cervicornis,branching,1.0
1212,FLK,LowerKeys,Lower Keys,MidChannel,2014,1352,24.48721667,-81.84361667,COL NATA,CON,Colpophyllia natans,massive,1.0
1213,FLK,LowerKeys,Lower Keys,MidChannel,2014,1352,24.48721667,-81.84361667,MAD DECA,MDD,Madracis decactis,encrusting,1.0
1214,FLK,LowerKeys,Lower Keys,MidChannel,2014,1352,24.48721667,-81.84361667,MON CAVE,MOC,Montastraea cavernosa,massive,2.0
1215,FLK,LowerKeys,Lower Keys,MidChannel,2014,1352,24.48721667,-81.84361667,POR ASTR,POA,Porites astreoides,submassive,1.0
1216,FLK,LowerKeys,Lower Keys,MidChannel,2014,1352,24.48721667,-81.84361667,SID SIDE,SIS,Siderastrea siderea,massive,5.0
1217,FLK,LowerKeys,Lower Keys,MidChannel,2014,1352,24.48721667,-81.84361667,STE INTE,STI,Stephanocoenia intersepta,submassive,2.5
1218,FLK,LowerKeys,Lower Keys,Offshore,2014,1354,24.50115,-81.66055,DIC STOK,DCS,Dichocoenia stokesii,massive,1.0
1219,FLK,LowerKeys,Lower Keys,Offshore,2014,1354,24.50115,-81.66055,ORB FAVE,ORF,Orbicella faveolata,massive,3.0
1220,FLK,LowerKeys,Lower Keys,Offshore,2014,1354,24.50115,-81.66055,POR DIVA,POD,Porites divaricata,branching,2.0
1221,FLK,LowerKeys,Lower Keys,Offshore,2014,1354,24.50115,-81.66055,POR FURC,POF,Porites furcata,branching,2.0
1222,FLK,LowerKeys,Lower Keys,Offshore,2014,1354,24.50115,-81.66055,SID SIDE,SIS,Siderastrea siderea,massive,2.5
1223,FLK,LowerKeys,Lower Keys,Offshore,2014,1354,24.50115,-81.66055,SOL BOUR,SOB,Solenastrea bournoni,massive,1.0
1224,FLK,LowerKeys,Lower Keys,Offshore,2014,1354,24.50115,-81.66055,STE INTE,STI,Stephanocoenia intersepta,submassive,1.0
1225,FLK,LowerKeys,Lower Keys,MidChannel,2014,1355,24.5083,-81.67185,COL NATA,CON,Colpophyllia natans,massive,6.5
1226,FLK,LowerKeys,Lower Keys,MidChannel,2014,1355,24.5083,-81.67185,OCU DIFF,OCD,Oculina diffusa,branching,1.0
1227,FLK,LowerKeys,Lower Keys,MidChannel,2014,1355,24.5083,-81.67185,POR ASTR,POA,Porites astreoides,submassive,2.0
1228,FLK,LowerKeys,Lower Keys,MidChannel,2014,1355,24.5083,-81.67185,SID SIDE,SIS,Siderastrea siderea,massive,7.0
1229,FLK,LowerKeys,Lower Keys,MidChannel,2014,1355,24.5083,-81.67185,STE INTE,STI,Stephanocoenia intersepta,submassive,2.0
1230,FLK,LowerKeys,Lower Keys,Offshore,2014,1363,24.46835,-81.79396667,POR FURC,POF,Porites furcata,branching,1.0
1231,FLK,LowerKeys,Lower Keys,Offshore,2014,1363,24.46835,-81.79396667,SID SIDE,SIS,Siderastrea siderea,massive,1.0
1232,FLK,LowerKeys,Lower Keys,Offshore,2014,1366,24.504,-81.62411667,POR ASTR,POA,Porites astreoides,submassive,2.0
1233,FLK,LowerKeys,Lower Keys,Offshore,2014,1377,24.47215,-81.76485,ORB FAVE,ORF,Orbicella faveolata,massive,1.0
1234,FLK,LowerKeys,Lower Keys,Offshore,2014,1377,24.47215,-81.76485,POR ASTR,POA,Porites astreoides,submassive,7.0
1235,FLK,LowerKeys,Lower Keys,Offshore,2014,1377,24.47215,-81.76485,POR FURC,POF,Porites furcata,branching,1.0
1236,FLK,LowerKeys,Lower Keys,Offshore,2014,1383,24.44615,-81.94971667,AGA AGAR,AGA,Agaricia agaricites,encrusting,1.0
1237,FLK,LowerKeys,Lower Keys,Offshore,2014,1383,24.44615,-81.94971667,ORB FAVE,ORF,Orbicella faveolata,massive,2.0
1238,FLK,LowerKeys,Lower Keys,Offshore,2014,1383,24.44615,-81.94971667,POR ASTR,POA,Porites astreoides,submassive,1.0
1239,FLK,LowerKeys,Lower Keys,Offshore,2014,1383,24.44615,-81.94971667,POR FURC,POF,Porites furcata,branching,1.0
1240,FLK,LowerKeys,Lower Keys,Offshore,2014,1383,24.44615,-81.94971667,SID SIDE,SIS,Siderastrea siderea,massive,2.0
1241,FLK,LowerKeys,Lower Keys,Offshore,2014,1388,24.44308333,-81.93498333,DIC STOK,DCS,Dichocoenia stokesii,massive,1.0
1242,FLK,LowerKeys,Lower Keys,Offshore,2014,1388,24.44308333,-81.93498333,MAD DECA,MDD,Madracis decactis,encrusting,1.0
1243,FLK,LowerKeys,Lower Keys,Offshore,2014,1388,24.44308333,-81.93498333,POR ASTR,POA,Porites astreoides,submassive,1.0
1244,FLK,LowerKeys,Lower Keys,Offshore,2014,1388,24.44308333,-81.93498333,SID SIDE,SIS,Siderastrea siderea,massive,1.0
1245,FLK,LowerKeys,Lower Keys,Offshore,2014,1391,24.46916667,-81.76741667,POR ASTR,POA,Porites astreoides,submassive,1.0
1246,FLK,LowerKeys,Lower Keys,Offshore,2014,1391,24.46916667,-81.76741667,PSE STRI,PSS,Pseudodiploria strigosa,massive,1.0
1247,FLK,LowerKeys,Lower Keys,Offshore,2014,1391,24.46916667,-81.76741667,SID SIDE,SIS,Siderastrea siderea,massive,3.0
1248,FLK,LowerKeys,Lower Keys,Offshore,2014,1391,24.46916667,-81.76741667,STE INTE,STI,Stephanocoenia intersepta,submassive,3.0
1249,FLK,LowerKeys,Lower Keys,Offshore,2014,1397,24.4565,-81.8687,POR ASTR,POA,Porites astreoides,submassive,1.0
1250,FLK,LowerKeys,Lower Keys,Offshore,2014,1397,24.4565,-81.8687,SID SIDE,SIS,Siderastrea siderea,massive,1.5
1251,FLK,LowerKeys,Lower Keys,Offshore,2014,1398,24.44403333,-81.96668333,SID SIDE,SIS,Siderastrea siderea,massive,1.0
1252,FLK,LowerKeys,Lower Keys,Offshore,2014,1401,24.44423333,-81.98798333,EUS FAST,EUF,Eusmilia fastigiata,branching,1.0
1253,FLK,LowerKeys,Lower Keys,Offshore,2014,1401,24.44423333,-81.98798333,MON CAVE,MOC,Montastraea cavernosa,massive,1.0
1254,FLK,LowerKeys,Lower Keys,Offshore,2014,1401,24.44423333,-81.98798333,POR ASTR,POA,Porites astreoides,submassive,1.0
1255,FLK,LowerKeys,Lower Keys,Offshore,2014,1401,24.44423333,-81.98798333,SID SIDE,SIS,Siderastrea siderea,massive,2.0
1256,FLK,LowerKeys,Lower Keys,Offshore,2014,1401,24.44423333,-81.98798333,STE INTE,STI,Stephanocoenia intersepta,submassive,1.0
1257,FLK,LowerKeys,Lower Keys,Offshore,2014,1422,24.49528333,-81.66121667,,,,,0.0
1258,FLK,LowerKeys,Lower Keys,Offshore,2014,1423,24.4923,-81.66213333,POR ASTR,POA,Porites astreoides,submassive,6.0
1259,FLK,LowerKeys,Lower Keys,Offshore,2014,1423,24.4923,-81.66213333,SID SIDE,SIS,Siderastrea siderea,massive,1.0
1260,FLK,LowerKeys,Lower Keys,Offshore,2014,1424,24.49295,-81.65988333,MON CAVE,MOC,Montastraea cavernosa,massive,1.0
1261,FLK,LowerKeys,Lower Keys,Offshore,2014,1424,24.49295,-81.65988333,POR ASTR,POA,Porites astreoides,submassive,3.0
1262,FLK,LowerKeys,Lower Keys,Offshore,2014,1424,24.49295,-81.65988333,PSE STRI,PSS,Pseudodiploria strigosa,massive,1.0
1263,FLK,LowerKeys,Lower Keys,Offshore,2014,1424,24.49295,-81.65988333,SID SIDE,SIS,Siderastrea siderea,massive,1.0
1264,FLK,LowerKeys,Lower Keys,Offshore,2014,1427,24.49071667,-81.66315,AGA AGAR,AGA,Agaricia agaricites,encrusting,1.0
1265,FLK,LowerKeys,Lower Keys,Offshore,2014,1427,24.49071667,-81.66315,POR ASTR,POA,Porites astreoides,submassive,4.0
1266,FLK,LowerKeys,Lower Keys,Offshore,2014,1427,24.49071667,-81.66315,SID SIDE,SIS,Siderastrea siderea,massive,1.5
1267,FLK,LowerKeys,Lower Keys,Offshore,2014,1428,24.49171667,-81.65753333,EUS FAST,EUF,Eusmilia fastigiata,branching,1.0
1268,FLK,LowerKeys,Lower Keys,Offshore,2014,1428,24.49171667,-81.65753333,ORB FAVE,ORF,Orbicella faveolata,massive,7.0
1269,FLK,LowerKeys,Lower Keys,Offshore,2014,1428,24.49171667,-81.65753333,SID SIDE,SIS,Siderastrea siderea,massive,2.5
1270,FLK,LowerKeys,Lower Keys,Inshore,2014,1429,24.55211667,-81.6969,COL NATA,CON,Colpophyllia natans,massive,2.0
1271,FLK,LowerKeys,Lower Keys,Inshore,2014,1429,24.55211667,-81.6969,MON CAVE,MOC,Montastraea cavernosa,massive,2.0
1272,FLK,LowerKeys,Lower Keys,Inshore,2014,1429,24.55211667,-81.6969,ORB ANNU,ORA,Orbicella annularis,massive,9.0
1273,FLK,LowerKeys,Lower Keys,Inshore,2014,1429,24.55211667,-81.6969,ORB FAVE,ORF,Orbicella faveolata,massive,17.0
1274,FLK,LowerKeys,Lower Keys,Inshore,2014,1429,24.55211667,-81.6969,POR ASTR,POA,Porites astreoides,submassive,4.0
1275,FLK,LowerKeys,Lower Keys,Inshore,2014,1429,24.55211667,-81.6969,SID RADI,SIR,Siderastrea radians,encrusting,1.0
1276,FLK,LowerKeys,Lower Keys,Inshore,2014,1429,24.55211667,-81.6969,STE INTE,STI,Stephanocoenia intersepta,submassive,2.0
1277,FLK,LowerKeys,Lower Keys,Inshore,2014,1430,24.55143333,-81.6925,ORB ANNU,ORA,Orbicella annularis,massive,9.0
1278,FLK,LowerKeys,Lower Keys,Inshore,2014,1430,24.55143333,-81.6925,ORB FAVE,ORF,Orbicella faveolata,massive,14.5
1279,FLK,LowerKeys,Lower Keys,MidChannel,2014,1432,24.50571667,-81.71071667,POR DIVA,POD,Porites divaricata,branching,1.0
1280,FLK,LowerKeys,Lower Keys,MidChannel,2014,1432,24.50571667,-81.71071667,SID SIDE,SIS,Siderastrea siderea,massive,3.5
1281,FLK,LowerKeys,Lower Keys,MidChannel,2014,1432,24.50571667,-81.71071667,STE INTE,STI,Stephanocoenia intersepta,submassive,1.0
1282,FLK,LowerKeys,Lower Keys,MidChannel,2014,1433,24.50943333,-81.7212,ACR CERV,ACC,Acropora cervicornis,branching,4.0
1283,FLK,LowerKeys,Lower Keys,MidChannel,2014,1433,24.50943333,-81.7212,COL NATA,CON,Colpophyllia natans,massive,3.0
1284,FLK,LowerKeys,Lower Keys,MidChannel,2014,1433,24.50943333,-81.7212,ORB FAVE,ORF,Orbicella faveolata,massive,1.0
1285,FLK,LowerKeys,Lower Keys,MidChannel,2014,1433,24.50943333,-81.7212,POR ASTR,POA,Porites astreoides,submassive,2.0
1286,FLK,LowerKeys,Lower Keys,MidChannel,2014,1433,24.50943333,-81.7212,SID SIDE,SIS,Siderastrea siderea,massive,3.5
1287,FLK,LowerKeys,Lower Keys,MidChannel,2014,1433,24.50943333,-81.7212,STE INTE,STI,Stephanocoenia intersepta,submassive,1.0
1288,FLK,LowerKeys,Lower Keys,MidChannel,2014,1434,24.52138333,-81.70015,COL NATA,CON,Colpophyllia natans,massive,7.5
1289,FLK,LowerKeys,Lower Keys,MidChannel,2014,1434,24.52138333,-81.70015,MON CAVE,MOC,Montastraea cavernosa,massive,14.5
1290,FLK,LowerKeys,Lower Keys,MidChannel,2014,1434,24.52138333,-81.70015,ORB FAVE,ORF,Orbicella faveolata,massive,4.0
1291,FLK,LowerKeys,Lower Keys,MidChannel,2014,1434,24.52138333,-81.70015,POR ASTR,POA,Porites astreoides,submassive,1.5
1292,FLK,LowerKeys,Lower Keys,MidChannel,2014,1434,24.52138333,-81.70015,PSE STRI,PSS,Pseudodiploria strigosa,massive,1.0
1293,FLK,LowerKeys,Lower Keys,MidChannel,2014,1434,24.52138333,-81.70015,SID SIDE,SIS,Siderastrea siderea,massive,4.5
1294,FLK,LowerKeys,Lower Keys,MidChannel,2014,1434,24.52138333,-81.70015,STE INTE,STI,Stephanocoenia intersepta,submassive,4.5
1295,FLK,LowerKeys,Lower Keys,Offshore,2014,1436,24.49158333,-81.72005,AGA AGAR,AGA,Agaricia agaricites,encrusting,1.0
1296,FLK,LowerKeys,Lower Keys,Offshore,2014,1436,24.49158333,-81.72005,MEA MEAN,MEM,Meandrina meandrites,massive,1.0
1297,FLK,LowerKeys,Lower Keys,Offshore,2014,1436,24.49158333,-81.72005,MON CAVE,MOC,Montastraea cavernosa,massive,1.0
1298,FLK,LowerKeys,Lower Keys,Offshore,2014,1436,24.49158333,-81.72005,OCU DIFF,OCD,Oculina diffusa,branching,2.0
1299,FLK,LowerKeys,Lower Keys,Offshore,2014,1436,24.49158333,-81.72005,POR ASTR,POA,Porites astreoides,submassive,1.0
1300,FLK,LowerKeys,Lower Keys,Offshore,2014,1436,24.49158333,-81.72005,POR DIVA,POD,Porites divaricata,branching,2.0
1301,FLK,LowerKeys,Lower Keys,Offshore,2014,1436,24.49158333,-81.72005,POR FURC,POF,Porites furcata,branching,1.0
1302,FLK,LowerKeys,Lower Keys,Offshore,2014,1436,24.49158333,-81.72005,SID SIDE,SIS,Siderastrea siderea,massive,4.0
1303,FLK,LowerKeys,Lower Keys,Offshore,2014,1437,24.48073333,-81.71178333,ORB ANNU,ORA,Orbicella annularis,massive,1.0
1304,FLK,LowerKeys,Lower Keys,Offshore,2014,1437,24.48073333,-81.71178333,ORB FAVE,ORF,Orbicella faveolata,massive,6.0
1305,FLK,LowerKeys,Lower Keys,Offshore,2014,1437,24.48073333,-81.71178333,POR ASTR,POA,Porites astreoides,submassive,3.5
1306,FLK,LowerKeys,Lower Keys,Offshore,2014,1437,24.48073333,-81.71178333,SID SIDE,SIS,Siderastrea siderea,massive,2.5
1307,FLK,LowerKeys,Lower Keys,Offshore,2014,1442,24.48213333,-81.71598333,,,,,0.0
1308,FLK,LowerKeys,Lower Keys,Offshore,2014,1443,24.47813333,-81.72611667,AGA AGAR,AGA,Agaricia agaricites,encrusting,1.0
1309,FLK,LowerKeys,Lower Keys,Offshore,2014,1443,24.47813333,-81.72611667,EUS FAST,EUF,Eusmilia fastigiata,branching,1.0
1310,FLK,LowerKeys,Lower Keys,Offshore,2014,1443,24.47813333,-81.72611667,POR ASTR,POA,Porites astreoides,submassive,2.0
1311,FLK,LowerKeys,Lower Keys,Offshore,2014,1443,24.47813333,-81.72611667,SID SIDE,SIS,Siderastrea siderea,massive,2.5
1312,FLK,LowerKeys,Lower Keys,Offshore,2014,1444,24.48003333,-81.7089,POR ASTR,POA,Porites astreoides,submassive,1.0
1313,FLK,LowerKeys,Lower Keys,Offshore,2014,1444,24.48003333,-81.7089,POR FURC,POF,Porites furcata,branching,1.0
1314,FLK,LowerKeys,Lower Keys,Offshore,2014,1444,24.48003333,-81.7089,SID SIDE,SIS,Siderastrea siderea,massive,3.0
1315,FLK,LowerKeys,Lower Keys,Offshore,2014,1446,24.45966667,-81.84403333,AGA AGAR,AGA,Agaricia agaricites,encrusting,1.0
1316,FLK,LowerKeys,Lower Keys,Offshore,2014,1446,24.45966667,-81.84403333,POR ASTR,POA,Porites astreoides,submassive,15.0
1317,FLK,LowerKeys,Lower Keys,Offshore,2014,1446,24.45966667,-81.84403333,PSE STRI,PSS,Pseudodiploria strigosa,massive,1.0
1318,FLK,LowerKeys,Lower Keys,Offshore,2014,1449,24.45513333,-81.85613333,AGA AGAR,AGA,Agaricia agaricites,encrusting,1.0
1319,FLK,LowerKeys,Lower Keys,Offshore,2014,1449,24.45513333,-81.85613333,POR ASTR,POA,Porites astreoides,submassive,5.0
1320,FLK,LowerKeys,Lower Keys,Offshore,2014,1449,24.45513333,-81.85613333,SID SIDE,SIS,Siderastrea siderea,massive,2.0
1321,FLK,LowerKeys,Lower Keys,Offshore,2014,1450,24.45471667,-81.85908333,ACR CERV,ACC,Acropora cervicornis,branching,1.0
1322,FLK,LowerKeys,Lower Keys,Offshore,2014,1450,24.45471667,-81.85908333,AGA AGAR,AGA,Agaricia agaricites,encrusting,1.0
1323,FLK,LowerKeys,Lower Keys,Offshore,2014,1451,24.45391667,-81.85768333,DIC STOK,DCS,Dichocoenia stokesii,massive,1.0
1324,FLK,LowerKeys,Lower Keys,Offshore,2014,1451,24.45391667,-81.85768333,MON CAVE,MOC,Montastraea cavernosa,massive,3.5
1325,FLK,LowerKeys,Lower Keys,Offshore,2014,1451,24.45391667,-81.85768333,POR ASTR,POA,Porites astreoides,submassive,1.0
1326,FLK,LowerKeys,Lower Keys,Offshore,2014,1451,24.45391667,-81.85768333,SID SIDE,SIS,Siderastrea siderea,massive,1.0
1327,FLK,LowerKeys,Lower Keys,Offshore,2014,1452,24.45436667,-81.8553,,,,,0.0
1328,FLK,LowerKeys,Lower Keys,Offshore,2014,1453,24.45235,-81.87653333,AGA AGAR,AGA,Agaricia agaricites,encrusting,2.0
1329,FLK,LowerKeys,Lower Keys,Offshore,2014,1453,24.45235,-81.87653333,ORB FAVE,ORF,Orbicella faveolata,massive,2.0
1330,FLK,LowerKeys,Lower Keys,Offshore,2014,1453,24.45235,-81.87653333,POR ASTR,POA,Porites astreoides,submassive,4.5
1331,FLK,LowerKeys,Lower Keys,Offshore,2014,1453,24.45235,-81.87653333,SID SIDE,SIS,Siderastrea siderea,massive,1.0
1332,FLK,LowerKeys,Lower Keys,Offshore,2014,1454,24.4537,-81.87398333,POR ASTR,POA,Porites astreoides,submassive,1.0
1333,FLK,LowerKeys,Lower Keys,Offshore,2014,1458,24.45663333,-81.8785,,,,,0.0
1334,FLK,LowerKeys,Lower Keys,Offshore,2014,1459,24.4521,-81.87341667,POR ASTR,POA,Porites astreoides,submassive,1.0
1335,FLK,LowerKeys,Lower Keys,Offshore,2014,1459,24.4521,-81.87341667,POR PORI,POP,Porites porites,branching,1.0
1336,FLK,LowerKeys,Lower Keys,Offshore,2014,1459,24.4521,-81.87341667,SID SIDE,SIS,Siderastrea siderea,massive,1.0
1337,FLK,LowerKeys,Lower Keys,Offshore,2014,1460,24.4512,-81.88125,SID SIDE,SIS,Siderastrea siderea,massive,3.0
1338,FLK,UpperKeys,Upper Keys,MidChannel,2014,1584,25.21573333,-80.22856667,POR ASTR,POA,Porites astreoides,submassive,4.5
1339,FLK,UpperKeys,Upper Keys,MidChannel,2014,1584,25.21573333,-80.22856667,POR PORI,POP,Porites porites,branching,1.5
1340,FLK,UpperKeys,Upper Keys,MidChannel,2014,1584,25.21573333,-80.22856667,SID SIDE,SIS,Siderastrea siderea,massive,1.5
1341,FLK,UpperKeys,Upper Keys,Offshore,2014,1605,25.28988333,-80.17503333,AGA AGAR,AGA,Agaricia agaricites,encrusting,2.0
1342,FLK,UpperKeys,Upper Keys,Offshore,2014,1605,25.28988333,-80.17503333,MAD DECA,MDD,Madracis decactis,encrusting,1.0
1343,FLK,UpperKeys,Upper Keys,Offshore,2014,1605,25.28988333,-80.17503333,POR ASTR,POA,Porites astreoides,submassive,2.0
1344,FLK,UpperKeys,Upper Keys,Offshore,2014,1605,25.28988333,-80.17503333,POR PORI,POP,Porites porites,branching,1.0
1345,FLK,UpperKeys,Upper Keys,Offshore,2014,1605,25.28988333,-80.17503333,SID SIDE,SIS,Siderastrea siderea,massive,1.0
1346,FLK,MiddleKeys,Middle Keys,Offshore,2014,1649,24.67565,-80.9554,POR ASTR,POA,Porites astreoides,submassive,1.0
1347,FLK,MiddleKeys,Middle Keys,Offshore,2014,1649,24.67565,-80.9554,POR FURC,POF,Porites furcata,branching,1.0
1348,FLK,MiddleKeys,Middle Keys,Offshore,2014,1649,24.67565,-80.9554,SID SIDE,SIS,Siderastrea siderea,massive,2.0
1349,FLK,MiddleKeys,Middle Keys,Offshore,2014,1649,24.67565,-80.9554,STE INTE,STI,Stephanocoenia intersepta,submassive,1.0
1350,FLK,MiddleKeys,Middle Keys,Offshore,2014,1650,24.73198333,-80.81713333,POR ASTR,POA,Porites astreoides,submassive,1.0
1351,FLK,MiddleKeys,Middle Keys,Offshore,2014,1662,24.7003,-80.88728333,POR ASTR,POA,Porites astreoides,submassive,1.0
1352,FLK,MiddleKeys,Middle Keys,Offshore,2014,1662,24.7003,-80.88728333,SID SIDE,SIS,Siderastrea siderea,massive,1.0
1353,FLK,MiddleKeys,Middle Keys,Offshore,2014,1662,24.7003,-80.88728333,STE INTE,STI,Stephanocoenia intersepta,submassive,1.0
1354,FLK,MiddleKeys,Middle Keys,Offshore,2014,1691,24.62565,-81.11208333,COL NATA,CON,Colpophyllia natans,massive,4.0
1355,FLK,MiddleKeys,Middle Keys,Offshore,2014,1691,24.62565,-81.11208333,DIC STOK,DCS,Dichocoenia stokesii,massive,2.0
1356,FLK,MiddleKeys,Middle Keys,Offshore,2014,1691,24.62565,-81.11208333,ORB FAVE,ORF,Orbicella faveolata,massive,1.0
1357,FLK,MiddleKeys,Middle Keys,Offshore,2014,1691,24.62565,-81.11208333,POR ASTR,POA,Porites astreoides,submassive,1.0
1358,FLK,MiddleKeys,Middle Keys,Offshore,2014,1691,24.62565,-81.11208333,SID SIDE,SIS,Siderastrea siderea,massive,2.0
1359,FLK,Biscayne,Biscayne,Inshore,2016,1012,25.31024,-80.21864,ORB FAVE,ORF,Orbicella faveolata,massive,4.0
1360,FLK,Biscayne,Biscayne,Inshore,2016,1012,25.31024,-80.21864,POR ASTR,POA,Porites astreoides,submassive,1.0
1361,FLK,Biscayne,Biscayne,Inshore,2016,1012,25.31024,-80.21864,SID SIDE,SIS,Siderastrea siderea,massive,5.0
1362,FLK,Biscayne,Biscayne,Inshore,2016,1012,25.31024,-80.21864,STE INTE,STI,Stephanocoenia intersepta,submassive,5.0
1363,FLK,Biscayne,Biscayne,MidChannel,2016,1039,25.38479,-80.15346,AGA AGAR,AGA,Agaricia agaricites,encrusting,1.0
1364,FLK,Biscayne,Biscayne,MidChannel,2016,1039,25.38479,-80.15346,ORB ANNU,ORA,Orbicella annularis,massive,1.0
1365,FLK,Biscayne,Biscayne,MidChannel,2016,1039,25.38479,-80.15346,SID SIDE,SIS,Siderastrea siderea,massive,2.0
1366,FLK,Biscayne,Biscayne,MidChannel,2016,1039,25.38479,-80.15346,STE INTE,STI,Stephanocoenia intersepta,submassive,1.0
1367,FLK,Biscayne,Biscayne,MidChannel,2016,1049,25.41623,-80.14463,AGA AGAR,AGA,Agaricia agaricites,encrusting,3.0
1368,FLK,Biscayne,Biscayne,MidChannel,2016,1049,25.41623,-80.14463,DIC STOK,DCS,Dichocoenia stokesii,massive,1.0
1369,FLK,Biscayne,Biscayne,MidChannel,2016,1049,25.41623,-80.14463,ORB FAVE,ORF,Orbicella faveolata,massive,3.0
1370,FLK,Biscayne,Biscayne,MidChannel,2016,1049,25.41623,-80.14463,POR ASTR,POA,Porites astreoides,submassive,1.0
1371,FLK,Biscayne,Biscayne,MidChannel,2016,1049,25.41623,-80.14463,POR PORI,POP,Porites porites,branching,9.0
1372,FLK,Biscayne,Biscayne,MidChannel,2016,1049,25.41623,-80.14463,SID SIDE,SIS,Siderastrea siderea,massive,1.0
1373,FLK,Biscayne,Biscayne,Offshore,2016,1056,25.32453,-80.16182,POR PORI,POP,Porites porites,branching,1.0
1374,FLK,Biscayne,Biscayne,Offshore,2016,1085,25.40086,-80.12876,POR ASTR,POA,Porites astreoides,submassive,2.0
1375,FLK,Biscayne,Biscayne,Offshore,2016,1093,25.45783,-80.11259,STE INTE,STI,Stephanocoenia intersepta,submassive,2.0
1376,FLK,Biscayne,Biscayne,Offshore,2016,1101,25.37697,-80.13488,AGA AGAR,AGA,Agaricia agaricites,encrusting,2.0
1377,FLK,Biscayne,Biscayne,Offshore,2016,1101,25.37697,-80.13488,MYC ALIC,MYA,Mycetophyllia aliciae,plating,1.0
1378,FLK,Biscayne,Biscayne,Offshore,2016,1101,25.37697,-80.13488,ORB FAVE,ORF,Orbicella faveolata,massive,3.0
1379,FLK,Biscayne,Biscayne,Offshore,2016,1101,25.37697,-80.13488,SID SIDE,SIS,Siderastrea siderea,massive,1.0
1380,FLK,Biscayne,Biscayne,Offshore,2016,1101,25.37697,-80.13488,STE INTE,STI,Stephanocoenia intersepta,submassive,1.0
1381,FLK,Biscayne,Biscayne,Offshore,2016,1123,25.37554,-80.13761,AGA AGAR,AGA,Agaricia agaricites,encrusting,1.0
1382,FLK,Biscayne,Biscayne,Offshore,2016,1123,25.37554,-80.13761,SID SIDE,SIS,Siderastrea siderea,massive,2.0
1383,FLK,Biscayne,Biscayne,Offshore,2016,1140,25.65975,-80.0879,AGA AGAR,AGA,Agaricia agaricites,encrusting,1.0
1384,FLK,Biscayne,Biscayne,Offshore,2016,1140,25.65975,-80.0879,MON CAVE,MOC,Montastraea cavernosa,massive,1.0
1385,FLK,UpperKeys,Upper Keys,Offshore,2016,1164,25.21282,-80.21911,,,,,0.0
1386,FLK,UpperKeys,Upper Keys,MidChannel,2016,1171,25.16055,-80.28582,DIC STOK,DCS,Dichocoenia stokesii,massive,1.0
1387,FLK,UpperKeys,Upper Keys,Offshore,2016,1184,25.22417,-80.20896,POR ASTR,POA,Porites astreoides,submassive,2.0
1388,FLK,UpperKeys,Upper Keys,Offshore,2016,1201,25.20969,-80.21816,ORB FAVE,ORF,Orbicella faveolata,massive,18.18181818
1389,FLK,UpperKeys,Upper Keys,Offshore,2016,1201,25.20969,-80.21816,POR ASTR,POA,Porites astreoides,submassive,4.545454545
1390,FLK,UpperKeys,Upper Keys,Offshore,2016,1201,25.20969,-80.21816,STE INTE,STI,Stephanocoenia intersepta,submassive,6.060606061
1391,FLK,UpperKeys,Upper Keys,Offshore,2016,1213,25.24075,-80.20821,MON CAVE,MOC,Montastraea cavernosa,massive,2.0
1392,FLK,UpperKeys,Upper Keys,Offshore,2016,1229,25.24529,-80.19686,SID SIDE,SIS,Siderastrea siderea,massive,1.0
1393,FLK,UpperKeys,Upper Keys,Offshore,2016,1243,25.12653,-80.26644,AGA AGAR,AGA,Agaricia agaricites,encrusting,1.0
1394,FLK,UpperKeys,Upper Keys,Offshore,2016,1243,25.12653,-80.26644,MON CAVE,MOC,Montastraea cavernosa,massive,2.0
1395,FLK,UpperKeys,Upper Keys,Offshore,2016,1243,25.12653,-80.26644,SID SIDE,SIS,Siderastrea siderea,massive,3.0
1396,FLK,UpperKeys,Upper Keys,Offshore,2016,1243,25.12653,-80.26644,STE INTE,STI,Stephanocoenia intersepta,submassive,1.0
1397,FLK,UpperKeys,Upper Keys,Inshore,2016,1247,24.94656,-80.55196,COL NATA,CON,Colpophyllia natans,massive,2.0
1398,FLK,UpperKeys,Upper Keys,Inshore,2016,1247,24.94656,-80.55196,ORB FAVE,ORF,Orbicella faveolata,massive,5.0
1399,FLK,UpperKeys,Upper Keys,Inshore,2016,1247,24.94656,-80.55196,POR ASTR,POA,Porites astreoides,submassive,2.0
1400,FLK,MiddleKeys,Middle Keys,MidChannel,2016,1250,24.65144,-81.1423,ORB FAVE,ORF,Orbicella faveolata,massive,1.0
1401,FLK,MiddleKeys,Middle Keys,MidChannel,2016,1250,24.65144,-81.1423,SID SIDE,SIS,Siderastrea siderea,massive,3.0
1402,FLK,UpperKeys,Upper Keys,MidChannel,2016,1256,24.93758,-80.54753,MEA MEAN,MEM,Meandrina meandrites,massive,1.0
1403,FLK,UpperKeys,Upper Keys,MidChannel,2016,1256,24.93758,-80.54753,ORB FAVE,ORF,Orbicella faveolata,massive,1.0
1404,FLK,UpperKeys,Upper Keys,MidChannel,2016,1256,24.93758,-80.54753,POR ASTR,POA,Porites astreoides,submassive,1.0
1405,FLK,UpperKeys,Upper Keys,MidChannel,2016,1256,24.93758,-80.54753,SID SIDE,SIS,Siderastrea siderea,massive,5.0
1406,FLK,UpperKeys,Upper Keys,Inshore,2016,1257,24.90062,-80.6171,COL NATA,CON,Colpophyllia natans,massive,4.0
1407,FLK,UpperKeys,Upper Keys,Inshore,2016,1257,24.90062,-80.6171,ORB FAVE,ORF,Orbicella faveolata,massive,25.0
1408,FLK,UpperKeys,Upper Keys,Inshore,2016,1257,24.90062,-80.6171,POR ASTR,POA,Porites astreoides,submassive,3.0
1409,FLK,UpperKeys,Upper Keys,Inshore,2016,1257,24.90062,-80.6171,SID SIDE,SIS,Siderastrea siderea,massive,2.0
1410,FLK,MiddleKeys,Middle Keys,Offshore,2016,1259,24.65291,-81.02397,POR ASTR,POA,Porites astreoides,submassive,1.0
1411,FLK,MiddleKeys,Middle Keys,Offshore,2016,1259,24.65291,-81.02397,STE INTE,STI,Stephanocoenia intersepta,submassive,2.0
1412,FLK,UpperKeys,Upper Keys,Offshore,2016,1265,24.9466,-80.47281,POR ASTR,POA,Porites astreoides,submassive,2.0
1413,FLK,UpperKeys,Upper Keys,Offshore,2016,1265,24.9466,-80.47281,SID SIDE,SIS,Siderastrea siderea,massive,2.0
1414,FLK,UpperKeys,Upper Keys,Offshore,2016,1282,24.92227,-80.50582,ACR CERV,ACC,Acropora cervicornis,branching,3.0
1415,FLK,UpperKeys,Upper Keys,Offshore,2016,1282,24.92227,-80.50582,MEA MEAN,MEM,Meandrina meandrites,massive,2.0
1416,FLK,UpperKeys,Upper Keys,Offshore,2016,1282,24.92227,-80.50582,SID RADI,SIR,Siderastrea radians,encrusting,1.0
1417,FLK,UpperKeys,Upper Keys,Offshore,2016,1282,24.92227,-80.50582,SID SIDE,SIS,Siderastrea siderea,massive,2.0
1418,FLK,UpperKeys,Upper Keys,Offshore,2016,1284,24.84862,-80.61772,POR ASTR,POA,Porites astreoides,submassive,1.0
1419,FLK,UpperKeys,Upper Keys,Offshore,2016,1284,24.84862,-80.61772,SID SIDE,SIS,Siderastrea siderea,massive,2.0
1420,FLK,MiddleKeys,Middle Keys,Offshore,2016,1285,24.62667,-81.10922,POR ASTR,POA,Porites astreoides,submassive,1.0
1421,FLK,MiddleKeys,Middle Keys,Offshore,2016,1285,24.62667,-81.10922,SID SIDE,SIS,Siderastrea siderea,massive,3.0
1422,FLK,UpperKeys,Upper Keys,Offshore,2016,1294,24.86167,-80.60107,,,,,0.0
1423,FLK,UpperKeys,Upper Keys,Offshore,2016,1295,24.89379,-80.55383,SID SIDE,SIS,Siderastrea siderea,massive,3.0
1424,FLK,UpperKeys,Upper Keys,Offshore,2016,1295,24.89379,-80.55383,STE INTE,STI,Stephanocoenia intersepta,submassive,2.0
1425,FLK,UpperKeys,Upper Keys,MidChannel,2016,1296,24.89871,-80.56672,STE INTE,STI,Stephanocoenia intersepta,submassive,1.0
1426,FLK,UpperKeys,Upper Keys,Offshore,2016,1297,24.9363,-80.48547,POR ASTR,POA,Porites astreoides,submassive,2.0
1427,FLK,UpperKeys,Upper Keys,Offshore,2016,1297,24.9363,-80.48547,POR PORI,POP,Porites porites,branching,1.0
1428,FLK,UpperKeys,Upper Keys,Offshore,2016,1297,24.9363,-80.48547,SID SIDE,SIS,Siderastrea siderea,massive,1.0
1429,FLK,UpperKeys,Upper Keys,Offshore,2016,1298,24.93924,-80.48933,AGA AGAR,AGA,Agaricia agaricites,encrusting,1.0
1430,FLK,UpperKeys,Upper Keys,Offshore,2016,1298,24.93924,-80.48933,SID RADI,SIR,Siderastrea radians,encrusting,1.0
1431,FLK,UpperKeys,Upper Keys,Offshore,2016,1298,24.93924,-80.48933,STE INTE,STI,Stephanocoenia intersepta,submassive,1.0
1432,FLK,UpperKeys,Upper Keys,Offshore,2016,1299,24.95293,-80.45909,SID SIDE,SIS,Siderastrea siderea,massive,4.0
1433,FLK,MiddleKeys,Middle Keys,Offshore,2016,1303,24.76335,-80.7553,MEA MEAN,MEM,Meandrina meandrites,massive,1.0
1434,FLK,MiddleKeys,Middle Keys,Offshore,2016,1303,24.76335,-80.7553,SID RADI,SIR,Siderastrea radians,encrusting,1.0
1435,FLK,MiddleKeys,Middle Keys,Offshore,2016,1303,24.76335,-80.7553,SID SIDE,SIS,Siderastrea siderea,massive,5.0
1436,FLK,MiddleKeys,Middle Keys,Offshore,2016,1303,24.76335,-80.7553,STE INTE,STI,Stephanocoenia intersepta,submassive,1.0
1437,FLK,MiddleKeys,Middle Keys,Offshore,2016,1310,24.76754,-80.75204,,,,,0.0
1438,FLK,UpperKeys,Upper Keys,Offshore,2016,1312,24.908,-80.53004,SID SIDE,SIS,Siderastrea siderea,massive,1.0
1439,FLK,LowerKeys,Lower Keys,Offshore,2016,1315,24.61098,-81.17351,MON CAVE,MOC,Montastraea cavernosa,massive,1.0
1440,FLK,LowerKeys,Lower Keys,Offshore,2016,1315,24.61098,-81.17351,POR ASTR,POA,Porites astreoides,submassive,1.0
1441,FLK,LowerKeys,Lower Keys,Offshore,2016,1315,24.61098,-81.17351,SID RADI,SIR,Siderastrea radians,encrusting,1.0
1442,FLK,LowerKeys,Lower Keys,Offshore,2016,1315,24.61098,-81.17351,SID SIDE,SIS,Siderastrea siderea,massive,2.0
1443,FLK,LowerKeys,Lower Keys,Offshore,2016,1315,24.61098,-81.17351,STE INTE,STI,Stephanocoenia intersepta,submassive,1.0
1444,FLK,MiddleKeys,Middle Keys,Offshore,2016,1317,24.63832,-81.06395,COL NATA,CON,Colpophyllia natans,massive,1.0
1445,FLK,MiddleKeys,Middle Keys,Offshore,2016,1317,24.63832,-81.06395,EUS FAST,EUF,Eusmilia fastigiata,branching,1.0
1446,FLK,MiddleKeys,Middle Keys,Offshore,2016,1317,24.63832,-81.06395,MON CAVE,MOC,Montastraea cavernosa,massive,1.0
1447,FLK,MiddleKeys,Middle Keys,Offshore,2016,1317,24.63832,-81.06395,STE INTE,STI,Stephanocoenia intersepta,submassive,2.0
1448,FLK,UpperKeys,Upper Keys,Offshore,2016,1326,24.95487,-80.45799,STE INTE,STI,Stephanocoenia intersepta,submassive,1.0
1449,FLK,UpperKeys,Upper Keys,Offshore,2016,1328,24.95182,-80.45016,AGA AGAR,AGA,Agaricia agaricites,encrusting,2.0
1450,FLK,UpperKeys,Upper Keys,Offshore,2016,1328,24.95182,-80.45016,MON CAVE,MOC,Montastraea cavernosa,massive,1.0
1451,FLK,UpperKeys,Upper Keys,Offshore,2016,1328,24.95182,-80.45016,POR ASTR,POA,Porites astreoides,submassive,2.0
1452,FLK,UpperKeys,Upper Keys,Offshore,2016,1328,24.95182,-80.45016,POR DIVA,POD,Porites divaricata,branching,1.0
1453,FLK,UpperKeys,Upper Keys,Offshore,2016,1328,24.95182,-80.45016,SID SIDE,SIS,Siderastrea siderea,massive,3.0
1454,FLK,UpperKeys,Upper Keys,Offshore,2016,1328,24.95182,-80.45016,STE INTE,STI,Stephanocoenia intersepta,submassive,2.0
1455,FLK,UpperKeys,Upper Keys,Offshore,2016,1329,24.9204,-80.50447,POR ASTR,POA,Porites astreoides,submassive,1.0
1456,FLK,UpperKeys,Upper Keys,Offshore,2016,1329,24.9204,-80.50447,SID RADI,SIR,Siderastrea radians,encrusting,1.0
1457,FLK,UpperKeys,Upper Keys,Offshore,2016,1329,24.9204,-80.50447,SID SIDE,SIS,Siderastrea siderea,massive,2.0
1458,FLK,UpperKeys,Upper Keys,Offshore,2016,1329,24.9204,-80.50447,STE INTE,STI,Stephanocoenia intersepta,submassive,1.0
1459,FLK,UpperKeys,Upper Keys,Offshore,2016,1330,24.92346,-80.50191,SID RADI,SIR,Siderastrea radians,encrusting,1.0
1460,FLK,UpperKeys,Upper Keys,Offshore,2016,1330,24.92346,-80.50191,SID SIDE,SIS,Siderastrea siderea,massive,3.0
1461,FLK,UpperKeys,Upper Keys,Offshore,2016,1330,24.92346,-80.50191,STE INTE,STI,Stephanocoenia intersepta,submassive,1.0
1462,FLK,MiddleKeys,Middle Keys,Offshore,2016,1334,24.76773,-80.75027,DIC STOK,DCS,Dichocoenia stokesii,massive,1.0
1463,FLK,MiddleKeys,Middle Keys,Offshore,2016,1334,24.76773,-80.75027,PSE STRI,PSS,Pseudodiploria strigosa,massive,2.0
1464,FLK,MiddleKeys,Middle Keys,Offshore,2016,1334,24.76773,-80.75027,SID SIDE,SIS,Siderastrea siderea,massive,2.0
1465,FLK,MiddleKeys,Middle Keys,Offshore,2016,1335,24.62336,-81.10911,EUS FAST,EUF,Eusmilia fastigiata,branching,2.0
1466,FLK,MiddleKeys,Middle Keys,Offshore,2016,1335,24.62336,-81.10911,POR ASTR,POA,Porites astreoides,submassive,1.0
1467,FLK,MiddleKeys,Middle Keys,Offshore,2016,1335,24.62336,-81.10911,POR PORI,POP,Porites porites,branching,1.0
1468,FLK,MiddleKeys,Middle Keys,Offshore,2016,1335,24.62336,-81.10911,SID SIDE,SIS,Siderastrea siderea,massive,8.0
1469,FLK,MiddleKeys,Middle Keys,Offshore,2016,1335,24.62336,-81.10911,STE INTE,STI,Stephanocoenia intersepta,submassive,2.0
1470,FLK,MiddleKeys,Middle Keys,Offshore,2016,1340,24.64668,-81.0322,MEA MEAN,MEM,Meandrina meandrites,massive,1.0
1471,FLK,MiddleKeys,Middle Keys,Offshore,2016,1340,24.64668,-81.0322,MON CAVE,MOC,Montastraea cavernosa,massive,3.0
1472,FLK,MiddleKeys,Middle Keys,Offshore,2016,1340,24.64668,-81.0322,ORB FAVE,ORF,Orbicella faveolata,massive,1.0
1473,FLK,MiddleKeys,Middle Keys,Offshore,2016,1340,24.64668,-81.0322,POR ASTR,POA,Porites astreoides,submassive,2.0
1474,FLK,MiddleKeys,Middle Keys,Offshore,2016,1340,24.64668,-81.0322,SID SIDE,SIS,Siderastrea siderea,massive,5.0
1475,FLK,MiddleKeys,Middle Keys,Offshore,2016,1340,24.64668,-81.0322,STE INTE,STI,Stephanocoenia intersepta,submassive,4.0
1476,FLK,UpperKeys,Upper Keys,Offshore,2016,1343,24.8357,-80.63258,COL NATA,CON,Colpophyllia natans,massive,4.0
1477,FLK,UpperKeys,Upper Keys,Offshore,2016,1343,24.8357,-80.63258,ORB FAVE,ORF,Orbicella faveolata,massive,4.0
1478,FLK,UpperKeys,Upper Keys,Offshore,2016,1343,24.8357,-80.63258,POR ASTR,POA,Porites astreoides,submassive,2.0
1479,FLK,UpperKeys,Upper Keys,Offshore,2016,1343,24.8357,-80.63258,SID SIDE,SIS,Siderastrea siderea,massive,1.0
1480,FLK,UpperKeys,Upper Keys,Offshore,2016,1345,24.9096,-80.52177,SID SIDE,SIS,Siderastrea siderea,massive,2.0
1481,FLK,UpperKeys,Upper Keys,Offshore,2016,1346,24.91022,-80.50652,AGA AGAR,AGA,Agaricia agaricites,encrusting,1.0
1482,FLK,UpperKeys,Upper Keys,Offshore,2016,1346,24.91022,-80.50652,MON CAVE,MOC,Montastraea cavernosa,massive,1.0
1483,FLK,UpperKeys,Upper Keys,Offshore,2016,1346,24.91022,-80.50652,ORB FAVE,ORF,Orbicella faveolata,massive,1.0
1484,FLK,UpperKeys,Upper Keys,Offshore,2016,1346,24.91022,-80.50652,POR ASTR,POA,Porites astreoides,submassive,1.0
1485,FLK,UpperKeys,Upper Keys,Offshore,2016,1346,24.91022,-80.50652,SCO CUBE,SCC,Scolymia cubensis,freeliving,1.0
1486,FLK,UpperKeys,Upper Keys,Offshore,2016,1346,24.91022,-80.50652,SID RADI,SIR,Siderastrea radians,encrusting,2.0
1487,FLK,UpperKeys,Upper Keys,Offshore,2016,1346,24.91022,-80.50652,STE INTE,STI,Stephanocoenia intersepta,submassive,2.0
1488,FLK,UpperKeys,Upper Keys,Offshore,2016,1348,24.9471,-80.45482,AGA AGAR,AGA,Agaricia agaricites,encrusting,4.0
1489,FLK,UpperKeys,Upper Keys,Offshore,2016,1348,24.9471,-80.45482,SID SIDE,SIS,Siderastrea siderea,massive,3.0
1490,FLK,UpperKeys,Upper Keys,Offshore,2016,1348,24.9471,-80.45482,STE INTE,STI,Stephanocoenia intersepta,submassive,1.0
1491,FLK,LowerKeys,Lower Keys,Inshore,2016,1354,24.6165849,-81.3907287,ORB ANNU,ORA,Orbicella annularis,massive,2.0
1492,FLK,LowerKeys,Lower Keys,MidChannel,2016,1363,24.50924,-81.73464,PSE STRI,PSS,Pseudodiploria strigosa,massive,2.0
1493,FLK,LowerKeys,Lower Keys,MidChannel,2016,1363,24.50924,-81.73464,SID SIDE,SIS,Siderastrea siderea,massive,6.0
1494,FLK,LowerKeys,Lower Keys,MidChannel,2016,1363,24.50924,-81.73464,STE INTE,STI,Stephanocoenia intersepta,submassive,3.0
1495,FLK,LowerKeys,Lower Keys,MidChannel,2016,1371,24.5703358,-81.4577393,COL NATA,CON,Colpophyllia natans,massive,1.0
1496,FLK,LowerKeys,Lower Keys,MidChannel,2016,1371,24.5703358,-81.4577393,MON CAVE,MOC,Montastraea cavernosa,massive,13.0
1497,FLK,LowerKeys,Lower Keys,MidChannel,2016,1371,24.5703358,-81.4577393,MUS ANGU,MUA,Mussa angulosa,submassive,1.0
1498,FLK,LowerKeys,Lower Keys,MidChannel,2016,1371,24.5703358,-81.4577393,ORB FAVE,ORF,Orbicella faveolata,massive,10.0
1499,FLK,LowerKeys,Lower Keys,MidChannel,2016,1371,24.5703358,-81.4577393,SID SIDE,SIS,Siderastrea siderea,massive,11.0
1500,FLK,LowerKeys,Lower Keys,MidChannel,2016,1373,24.5848302,-81.4429769,COL NATA,CON,Colpophyllia natans,massive,14.0
1501,FLK,LowerKeys,Lower Keys,MidChannel,2016,1373,24.5848302,-81.4429769,DIP LABY,DIL,Diploria labyrinthiformis,massive,2.0
1502,FLK,LowerKeys,Lower Keys,MidChannel,2016,1373,24.5848302,-81.4429769,OCU ROBU,OCR,Oculina robusta,branching,2.0
1503,FLK,LowerKeys,Lower Keys,MidChannel,2016,1373,24.5848302,-81.4429769,POR ASTR,POA,Porites astreoides,submassive,2.0
1504,FLK,LowerKeys,Lower Keys,MidChannel,2016,1373,24.5848302,-81.4429769,PSE STRI,PSS,Pseudodiploria strigosa,massive,1.0
1505,FLK,LowerKeys,Lower Keys,MidChannel,2016,1373,24.5848302,-81.4429769,SID SIDE,SIS,Siderastrea siderea,massive,10.0
1506,FLK,LowerKeys,Lower Keys,MidChannel,2016,1376,24.5975904,-81.4015353,SID RADI,SIR,Siderastrea radians,encrusting,1.351351351
1507,FLK,LowerKeys,Lower Keys,MidChannel,2016,1377,24.50635,-81.70926,COL NATA,CON,Colpophyllia natans,massive,1.0
1508,FLK,LowerKeys,Lower Keys,MidChannel,2016,1377,24.50635,-81.70926,SID SIDE,SIS,Siderastrea siderea,massive,3.0
1509,FLK,LowerKeys,Lower Keys,MidChannel,2016,1377,24.50635,-81.70926,STE INTE,STI,Stephanocoenia intersepta,submassive,5.0
1510,FLK,LowerKeys,Lower Keys,MidChannel,2016,1379,24.51451,-81.69662,MON CAVE,MOC,Montastraea cavernosa,massive,2.0
1511,FLK,LowerKeys,Lower Keys,MidChannel,2016,1379,24.51451,-81.69662,SID RADI,SIR,Siderastrea radians,encrusting,1.0
1512,FLK,LowerKeys,Lower Keys,MidChannel,2016,1379,24.51451,-81.69662,SID SIDE,SIS,Siderastrea siderea,massive,7.0
1513,FLK,LowerKeys,Lower Keys,MidChannel,2016,1379,24.51451,-81.69662,STE INTE,STI,Stephanocoenia intersepta,submassive,7.0
1514,FLK,LowerKeys,Lower Keys,Offshore,2016,1391,24.45114,-81.94607,MON CAVE,MOC,Montastraea cavernosa,massive,1.0
1515,FLK,LowerKeys,Lower Keys,Offshore,2016,1391,24.45114,-81.94607,SID SIDE,SIS,Siderastrea siderea,massive,9.0
1516,FLK,LowerKeys,Lower Keys,Offshore,2016,1391,24.45114,-81.94607,SOL BOUR,SOB,Solenastrea bournoni,massive,4.0
1517,FLK,LowerKeys,Lower Keys,Offshore,2016,1391,24.45114,-81.94607,STE INTE,STI,Stephanocoenia intersepta,submassive,1.0
1518,FLK,LowerKeys,Lower Keys,Offshore,2016,1395,24.52624,-81.52184,,,,,0.0
1519,FLK,LowerKeys,Lower Keys,Offshore,2016,1398,24.54996,-81.40128,,,,,0.0
1520,FLK,LowerKeys,Lower Keys,Offshore,2016,1401,24.46411,-81.83917,POR ASTR,POA,Porites astreoides,submassive,2.0
1521,FLK,LowerKeys,Lower Keys,Offshore,2016,1401,24.46411,-81.83917,SID SIDE,SIS,Siderastrea siderea,massive,3.0
1522,FLK,LowerKeys,Lower Keys,Offshore,2016,1404,24.50233,-81.61335,DIC STOK,DCS,Dichocoenia stokesii,massive,1.0
1523,FLK,LowerKeys,Lower Keys,Offshore,2016,1404,24.50233,-81.61335,MON CAVE,MOC,Montastraea cavernosa,massive,1.0
1524,FLK,LowerKeys,Lower Keys,Offshore,2016,1404,24.50233,-81.61335,POR ASTR,POA,Porites astreoides,submassive,2.0
1525,FLK,LowerKeys,Lower Keys,Offshore,2016,1404,24.50233,-81.61335,SID SIDE,SIS,Siderastrea siderea,massive,6.0
1526,FLK,LowerKeys,Lower Keys,Offshore,2016,1409,24.52311,-81.51885,SID RADI,SIR,Siderastrea radians,encrusting,1.0
1527,FLK,LowerKeys,Lower Keys,Offshore,2016,1410,24.52326,-81.51573,EUS FAST,EUF,Eusmilia fastigiata,branching,1.0
1528,FLK,LowerKeys,Lower Keys,Offshore,2016,1410,24.52326,-81.51573,SID SIDE,SIS,Siderastrea siderea,massive,1.0
1529,FLK,LowerKeys,Lower Keys,Offshore,2016,1412,24.545,-81.40713,MON CAVE,MOC,Montastraea cavernosa,massive,1.0
1530,FLK,LowerKeys,Lower Keys,Offshore,2016,1412,24.545,-81.40713,ORB FAVE,ORF,Orbicella faveolata,massive,14.0
1531,FLK,LowerKeys,Lower Keys,Offshore,2016,1412,24.545,-81.40713,PSE STRI,PSS,Pseudodiploria strigosa,massive,4.0
1532,FLK,LowerKeys,Lower Keys,Offshore,2016,1412,24.545,-81.40713,SID RADI,SIR,Siderastrea radians,encrusting,1.0
1533,FLK,LowerKeys,Lower Keys,Offshore,2016,1412,24.545,-81.40713,SID SIDE,SIS,Siderastrea siderea,massive,2.0
1534,FLK,LowerKeys,Lower Keys,Offshore,2016,1416,24.48055,-81.71198,POR PORI,POP,Porites porites,branching,1.0
1535,FLK,LowerKeys,Lower Keys,Offshore,2016,1416,24.48055,-81.71198,SID SIDE,SIS,Siderastrea siderea,massive,1.0
1536,FLK,LowerKeys,Lower Keys,Offshore,2016,1416,24.48055,-81.71198,STE INTE,STI,Stephanocoenia intersepta,submassive,1.0
1537,FLK,LowerKeys,Lower Keys,Offshore,2016,1422,24.45189,-81.88001,DIC STOK,DCS,Dichocoenia stokesii,massive,2.0
1538,FLK,LowerKeys,Lower Keys,Offshore,2016,1422,24.45189,-81.88001,MEA MEAN,MEM,Meandrina meandrites,massive,1.0
1539,FLK,LowerKeys,Lower Keys,Offshore,2016,1422,24.45189,-81.88001,POR ASTR,POA,Porites astreoides,submassive,2.0
1540,FLK,LowerKeys,Lower Keys,Offshore,2016,1422,24.45189,-81.88001,POR PORI,POP,Porites porites,branching,1.0
1541,FLK,LowerKeys,Lower Keys,Offshore,2016,1422,24.45189,-81.88001,SID RADI,SIR,Siderastrea radians,encrusting,2.0
1542,FLK,LowerKeys,Lower Keys,Offshore,2016,1422,24.45189,-81.88001,SID SIDE,SIS,Siderastrea siderea,massive,7.0
1543,FLK,LowerKeys,Lower Keys,Offshore,2016,1424,24.44695,-81.97202,EUS FAST,EUF,Eusmilia fastigiata,branching,1.0
1544,FLK,LowerKeys,Lower Keys,Offshore,2016,1424,24.44695,-81.97202,SID SIDE,SIS,Siderastrea siderea,massive,3.0
1545,FLK,LowerKeys,Lower Keys,Offshore,2016,1424,24.44695,-81.97202,SOL BOUR,SOB,Solenastrea bournoni,massive,3.0
1546,FLK,LowerKeys,Lower Keys,Offshore,2016,1427,24.47273,-81.82445,,,,,0.0
1547,FLK,LowerKeys,Lower Keys,Offshore,2016,1431,24.5404929,-81.4704662,COL NATA,CON,Colpophyllia natans,massive,1.0
1548,FLK,LowerKeys,Lower Keys,Offshore,2016,1431,24.5404929,-81.4704662,MON CAVE,MOC,Montastraea cavernosa,massive,7.0
1549,FLK,LowerKeys,Lower Keys,Offshore,2016,1431,24.5404929,-81.4704662,SID SIDE,SIS,Siderastrea siderea,massive,1.0
1550,FLK,LowerKeys,Lower Keys,Offshore,2016,1431,24.5404929,-81.4704662,STE INTE,STI,Stephanocoenia intersepta,submassive,2.0
1551,FLK,LowerKeys,Lower Keys,Offshore,2016,1434,24.48653,-81.70823,,,,,0.0
1552,FLK,LowerKeys,Lower Keys,Offshore,2016,1438,24.44701,-81.95048,DIC STOK,DCS,Dichocoenia stokesii,massive,1.0
1553,FLK,LowerKeys,Lower Keys,Offshore,2016,1438,24.44701,-81.95048,SID SIDE,SIS,Siderastrea siderea,massive,2.0
1554,FLK,LowerKeys,Lower Keys,Offshore,2016,1451,24.44588,-81.9179,MEA MEAN,MEM,Meandrina meandrites,massive,1.0
1555,FLK,LowerKeys,Lower Keys,Offshore,2016,1451,24.44588,-81.9179,MON CAVE,MOC,Montastraea cavernosa,massive,1.0
1556,FLK,LowerKeys,Lower Keys,Offshore,2016,1451,24.44588,-81.9179,ORB FAVE,ORF,Orbicella faveolata,massive,3.0
1557,FLK,LowerKeys,Lower Keys,Offshore,2016,1451,24.44588,-81.9179,POR ASTR,POA,Porites astreoides,submassive,4.0
1558,FLK,LowerKeys,Lower Keys,Offshore,2016,1451,24.44588,-81.9179,POR PORI,POP,Porites porites,branching,1.0
1559,FLK,LowerKeys,Lower Keys,Offshore,2016,1451,24.44588,-81.9179,SID SIDE,SIS,Siderastrea siderea,massive,4.0
1560,FLK,LowerKeys,Lower Keys,Offshore,2016,1456,24.55071,-81.37587,EUS FAST,EUF,Eusmilia fastigiata,branching,1.0
1561,FLK,LowerKeys,Lower Keys,Offshore,2016,1456,24.55071,-81.37587,SID RADI,SIR,Siderastrea radians,encrusting,1.0
1562,FLK,LowerKeys,Lower Keys,Offshore,2016,1466,24.43734,-81.92087,ORB FAVE,ORF,Orbicella faveolata,massive,1.0
1563,FLK,LowerKeys,Lower Keys,Offshore,2016,1466,24.43734,-81.92087,SID SIDE,SIS,Siderastrea siderea,massive,1.0
1564,FLK,LowerKeys,Lower Keys,Offshore,2016,1466,24.43734,-81.92087,SOL BOUR,SOB,Solenastrea bournoni,massive,1.0
1565,FLK,LowerKeys,Lower Keys,Offshore,2016,1467,24.43726,-81.9068,MON CAVE,MOC,Montastraea cavernosa,massive,1.0
1566,FLK,LowerKeys,Lower Keys,Offshore,2016,1467,24.43726,-81.9068,POR ASTR,POA,Porites astreoides,submassive,1.0
1567,FLK,LowerKeys,Lower Keys,Offshore,2016,1467,24.43726,-81.9068,SID SIDE,SIS,Siderastrea siderea,massive,2.0
1568,FLK,LowerKeys,Lower Keys,Offshore,2016,1470,24.46136,-81.7559,MON CAVE,MOC,Montastraea cavernosa,massive,1.0
1569,FLK,LowerKeys,Lower Keys,Offshore,2016,1470,24.46136,-81.7559,ORB FRAN,ORFR,Orbicella franksi,massive,3.0
1570,FLK,LowerKeys,Lower Keys,Offshore,2016,1470,24.46136,-81.7559,POR ASTR,POA,Porites astreoides,submassive,1.0
1571,FLK,LowerKeys,Lower Keys,Offshore,2016,1470,24.46136,-81.7559,SID SIDE,SIS,Siderastrea siderea,massive,3.0
1572,FLK,LowerKeys,Lower Keys,Offshore,2016,1470,24.46136,-81.7559,STE INTE,STI,Stephanocoenia intersepta,submassive,3.0
1573,FLK,LowerKeys,Lower Keys,Offshore,2016,1477,24.48205,-81.66455,SID SIDE,SIS,Siderastrea siderea,massive,4.0
1574,FLK,LowerKeys,Lower Keys,Offshore,2016,1477,24.48205,-81.66455,STE INTE,STI,Stephanocoenia intersepta,submassive,1.0
1575,FLK,LowerKeys,Lower Keys,Offshore,2016,1479,24.53336,-81.45731,MON CAVE,MOC,Montastraea cavernosa,massive,4.0
1576,FLK,LowerKeys,Lower Keys,Offshore,2016,1479,24.53336,-81.45731,MYC LAMA,MYL,Mycetophyllia lamarckiana,submassive,1.0
1577,FLK,LowerKeys,Lower Keys,Offshore,2016,1479,24.53336,-81.45731,SID SIDE,SIS,Siderastrea siderea,massive,3.0
1578,FLK,LowerKeys,Lower Keys,Offshore,2016,1479,24.53336,-81.45731,STE INTE,STI,Stephanocoenia intersepta,submassive,4.0
1579,FLK,LowerKeys,Lower Keys,Offshore,2016,1741,24.46302,-81.7548,MON CAVE,MOC,Montastraea cavernosa,massive,1.0
1580,FLK,LowerKeys,Lower Keys,Offshore,2016,1741,24.46302,-81.7548,STE INTE,STI,Stephanocoenia intersepta,submassive,1.0
1581,FLK,LowerKeys,Lower Keys,Inshore,2018,1004,24.53334,-81.86984,,,,,0.0
1582,FLK,LowerKeys,Lower Keys,Inshore,2018,1008,24.552333,-81.685733,DIC STOK,DCS,Dichocoenia stokesii,massive,5.0
1583,FLK,LowerKeys,Lower Keys,Inshore,2018,1008,24.552333,-81.685733,FAV FRAG,FVF,Favia fragum,submassive,2.0
1584,FLK,LowerKeys,Lower Keys,Inshore,2018,1008,24.552333,-81.685733,ORB FAVE,ORF,Orbicella faveolata,massive,8.0
1585,FLK,LowerKeys,Lower Keys,Inshore,2018,1008,24.552333,-81.685733,SID RADI,SIR,Siderastrea radians,encrusting,2.0
1586,FLK,LowerKeys,Lower Keys,Inshore,2018,1008,24.552333,-81.685733,SID SIDE,SIS,Siderastrea siderea,massive,3.0
1587,FLK,UpperKeys,Upper Keys,Inshore,2018,1014,24.95012,-80.55208,SID SIDE,SIS,Siderastrea siderea,massive,1.0
1588,FLK,LowerKeys,Lower Keys,MidChannel,2018,1020,24.521733,-81.652317,COL NATA,CON,Colpophyllia natans,massive,1.0
1589,FLK,LowerKeys,Lower Keys,MidChannel,2018,1020,24.521733,-81.652317,DIC STOK,DCS,Dichocoenia stokesii,massive,6.0
1590,FLK,LowerKeys,Lower Keys,MidChannel,2018,1020,24.521733,-81.652317,MON CAVE,MOC,Montastraea cavernosa,massive,9.0
1591,FLK,LowerKeys,Lower Keys,MidChannel,2018,1020,24.521733,-81.652317,POR ASTR,POA,Porites astreoides,submassive,1.0
1592,FLK,LowerKeys,Lower Keys,MidChannel,2018,1020,24.521733,-81.652317,SID RADI,SIR,Siderastrea radians,encrusting,1.0
1593,FLK,LowerKeys,Lower Keys,MidChannel,2018,1020,24.521733,-81.652317,SID SIDE,SIS,Siderastrea siderea,massive,8.0
1594,FLK,LowerKeys,Lower Keys,MidChannel,2018,1020,24.521733,-81.652317,STE INTE,STI,Stephanocoenia intersepta,submassive,6.0
1595,FLK,LowerKeys,Lower Keys,MidChannel,2018,1030,24.5348,-81.632267,DIC STOK,DCS,Dichocoenia stokesii,massive,1.0
1596,FLK,LowerKeys,Lower Keys,MidChannel,2018,1030,24.5348,-81.632267,ORB FAVE,ORF,Orbicella faveolata,massive,5.0
1597,FLK,LowerKeys,Lower Keys,MidChannel,2018,1030,24.5348,-81.632267,SID SIDE,SIS,Siderastrea siderea,massive,9.0
1598,FLK,LowerKeys,Lower Keys,MidChannel,2018,1030,24.5348,-81.632267,STE INTE,STI,Stephanocoenia intersepta,submassive,6.0
1599,FLK,LowerKeys,Lower Keys,MidChannel,2018,1031,24.47869,-81.96274,SOL SPE.,SOL,Solenastrea spp,massive,1.0
1600,FLK,LowerKeys,Lower Keys,MidChannel,2018,1043,24.48484,-81.85841,ORB FAVE,ORF,Orbicella faveolata,massive,2.0
1601,FLK,LowerKeys,Lower Keys,MidChannel,2018,1043,24.48484,-81.85841,SID SIDE,SIS,Siderastrea siderea,massive,6.0
1602,FLK,LowerKeys,Lower Keys,MidChannel,2018,1043,24.48484,-81.85841,STE INTE,STI,Stephanocoenia intersepta,submassive,2.0
1603,FLK,LowerKeys,Lower Keys,MidChannel,2018,1047,24.50585,-81.709333,MON CAVE,MOC,Montastraea cavernosa,massive,1.0
1604,FLK,LowerKeys,Lower Keys,MidChannel,2018,1047,24.50585,-81.709333,SID SIDE,SIS,Siderastrea siderea,massive,5.0
1605,FLK,MiddleKeys,Middle Keys,MidChannel,2018,1050,24.72065,-80.92662,MON CAVE,MOC,Montastraea cavernosa,massive,1.0
1606,FLK,MiddleKeys,Middle Keys,MidChannel,2018,1050,24.72065,-80.92662,POR ASTR,POA,Porites astreoides,submassive,5.0
1607,FLK,MiddleKeys,Middle Keys,MidChannel,2018,1050,24.72065,-80.92662,SID SIDE,SIS,Siderastrea siderea,massive,15.0
1608,FLK,MiddleKeys,Middle Keys,Inshore,2018,1053,24.68983,-81.03317,COL NATA,CON,Colpophyllia natans,massive,4.0
1609,FLK,MiddleKeys,Middle Keys,Inshore,2018,1053,24.68983,-81.03317,MON CAVE,MOC,Montastraea cavernosa,massive,2.0
1610,FLK,MiddleKeys,Middle Keys,Inshore,2018,1053,24.68983,-81.03317,SID SIDE,SIS,Siderastrea siderea,massive,14.0
1611,FLK,MiddleKeys,Middle Keys,Inshore,2018,1053,24.68983,-81.03317,STE INTE,STI,Stephanocoenia intersepta,submassive,2.0
1612,FLK,UpperKeys,Upper Keys,Inshore,2018,1059,24.90323,-80.61779,SID SIDE,SIS,Siderastrea siderea,massive,11.0
1613,FLK,UpperKeys,Upper Keys,Inshore,2018,1065,25.04154,-80.42761,SID RADI,SIR,Siderastrea radians,encrusting,1.0
1614,FLK,UpperKeys,Upper Keys,Inshore,2018,1065,25.04154,-80.42761,SID SIDE,SIS,Siderastrea siderea,massive,16.0
1615,FLK,UpperKeys,Upper Keys,Inshore,2018,1065,25.04154,-80.42761,SOL BOUR,SOB,Solenastrea bournoni,massive,1.0
1616,FLK,UpperKeys,Upper Keys,Inshore,2018,1065,25.04154,-80.42761,STE INTE,STI,Stephanocoenia intersepta,submassive,4.0
1617,FLK,UpperKeys,Upper Keys,MidChannel,2018,1067,25.23881,-80.23891,SID SIDE,SIS,Siderastrea siderea,massive,2.0
1618,FLK,UpperKeys,Upper Keys,MidChannel,2018,1067,25.23881,-80.23891,SOL BOUR,SOB,Solenastrea bournoni,massive,1.0
1619,FLK,UpperKeys,Upper Keys,MidChannel,2018,1067,25.23881,-80.23891,STE INTE,STI,Stephanocoenia intersepta,submassive,1.0
1620,FLK,UpperKeys,Upper Keys,Inshore,2018,1068,25.061133,-80.397017,SID SIDE,SIS,Siderastrea siderea,massive,10.0
1621,FLK,UpperKeys,Upper Keys,Inshore,2018,1068,25.061133,-80.397017,SOL BOUR,SOB,Solenastrea bournoni,massive,1.0
1622,FLK,Biscayne,Biscayne,MidChannel,2018,1080,25.66133,-80.10251,,,,,0.0
1623,FLK,Biscayne,Biscayne,MidChannel,2018,1082,25.34985,-80.1637215,,,,,0.0
1624,FLK,Biscayne,Biscayne,Inshore,2018,1085,25.3689129,-80.1814807,POR ASTR,POA,Porites astreoides,submassive,2.0
1625,FLK,Biscayne,Biscayne,Inshore,2018,1085,25.3689129,-80.1814807,SID SIDE,SIS,Siderastrea siderea,massive,8.0
1626,FLK,Biscayne,Biscayne,MidChannel,2018,1086,25.4707,-80.136,AGA AGAR,AGA,Agaricia agaricites,encrusting,1.0
1627,FLK,Biscayne,Biscayne,MidChannel,2018,1086,25.4707,-80.136,MON CAVE,MOC,Montastraea cavernosa,massive,1.0
1628,FLK,Biscayne,Biscayne,MidChannel,2018,1086,25.4707,-80.136,SID SIDE,SIS,Siderastrea siderea,massive,5.0
1629,FLK,Biscayne,Biscayne,Offshore,2018,1089,25.3544764,-80.13835655,AGA AGAR,AGA,Agaricia agaricites,encrusting,1.0
1630,FLK,Biscayne,Biscayne,Offshore,2018,1089,25.3544764,-80.13835655,POR PORI,POP,Porites porites,branching,2.0
1631,FLK,Biscayne,Biscayne,Offshore,2018,1089,25.3544764,-80.13835655,SID SIDE,SIS,Siderastrea siderea,massive,1.0
1632,FLK,Biscayne,Biscayne,Inshore,2018,1091,25.3743363,-80.1824381,DIC STOK,DCS,Dichocoenia stokesii,massive,1.0
1633,FLK,Biscayne,Biscayne,Inshore,2018,1091,25.3743363,-80.1824381,SID SIDE,SIS,Siderastrea siderea,massive,5.0
1634,FLK,Biscayne,Biscayne,Inshore,2018,1091,25.3743363,-80.1824381,STE INTE,STI,Stephanocoenia intersepta,submassive,1.0
1635,FLK,Biscayne,Biscayne,MidChannel,2018,1095,25.4139322,-80.1583087,DIC STOK,DCS,Dichocoenia stokesii,massive,1.0
1636,FLK,Biscayne,Biscayne,MidChannel,2018,1095,25.4139322,-80.1583087,POR ASTR,POA,Porites astreoides,submassive,3.0
1637,FLK,Biscayne,Biscayne,MidChannel,2018,1095,25.4139322,-80.1583087,POR DIVA,POD,Porites divaricata,branching,1.0
1638,FLK,Biscayne,Biscayne,MidChannel,2018,1095,25.4139322,-80.1583087,SID RADI,SIR,Siderastrea radians,encrusting,1.0
1639,FLK,Biscayne,Biscayne,MidChannel,2018,1095,25.4139322,-80.1583087,SID SIDE,SIS,Siderastrea siderea,massive,5.0
1640,FLK,Biscayne,Biscayne,MidChannel,2018,1097,25.4093774,-80.1513806,AGA AGAR,AGA,Agaricia agaricites,encrusting,1.0
1641,FLK,Biscayne,Biscayne,MidChannel,2018,1097,25.4093774,-80.1513806,MON CAVE,MOC,Montastraea cavernosa,massive,1.0
1642,FLK,Biscayne,Biscayne,MidChannel,2018,1097,25.4093774,-80.1513806,ORB FAVE,ORF,Orbicella faveolata,massive,1.0
1643,FLK,Biscayne,Biscayne,MidChannel,2018,1097,25.4093774,-80.1513806,POR ASTR,POA,Porites astreoides,submassive,3.0
1644,FLK,Biscayne,Biscayne,MidChannel,2018,1097,25.4093774,-80.1513806,SID SIDE,SIS,Siderastrea siderea,massive,6.0
1645,FLK,Biscayne,Biscayne,MidChannel,2018,1097,25.4093774,-80.1513806,STE INTE,STI,Stephanocoenia intersepta,submassive,1.0
1646,FLK,Biscayne,Biscayne,MidChannel,2018,1100,25.3741619,-80.1516268,AGA AGAR,AGA,Agaricia agaricites,encrusting,2.0
1647,FLK,Biscayne,Biscayne,MidChannel,2018,1101,25.422951,-80.1572517,MON CAVE,MOC,Montastraea cavernosa,massive,1.0
1648,FLK,Biscayne,Biscayne,MidChannel,2018,1101,25.422951,-80.1572517,POR ASTR,POA,Porites astreoides,submassive,4.0
1649,FLK,Biscayne,Biscayne,MidChannel,2018,1101,25.422951,-80.1572517,POR PORI,POP,Porites porites,branching,3.0
1650,FLK,Biscayne,Biscayne,MidChannel,2018,1101,25.422951,-80.1572517,SID SIDE,SIS,Siderastrea siderea,massive,4.0
1651,FLK,LowerKeys,Lower Keys,Offshore,2018,1106,24.45258,-81.93717,AGA AGAR,AGA,Agaricia agaricites,encrusting,1.0
1652,FLK,LowerKeys,Lower Keys,Offshore,2018,1106,24.45258,-81.93717,COL NATA,CON,Colpophyllia natans,massive,1.0
1653,FLK,LowerKeys,Lower Keys,Offshore,2018,1106,24.45258,-81.93717,DIP LABY,DIL,Diploria labyrinthiformis,massive,1.0
1654,FLK,LowerKeys,Lower Keys,Offshore,2018,1106,24.45258,-81.93717,EUS FAST,EUF,Eusmilia fastigiata,branching,1.0
1655,FLK,LowerKeys,Lower Keys,Offshore,2018,1106,24.45258,-81.93717,MAD DECA,MDD,Madracis decactis,encrusting,1.0
1656,FLK,LowerKeys,Lower Keys,Offshore,2018,1106,24.45258,-81.93717,ORB FAVE,ORF,Orbicella faveolata,massive,2.0
1657,FLK,LowerKeys,Lower Keys,Offshore,2018,1106,24.45258,-81.93717,POR ASTR,POA,Porites astreoides,submassive,1.0
1658,FLK,LowerKeys,Lower Keys,Offshore,2018,1106,24.45258,-81.93717,SID SIDE,SIS,Siderastrea siderea,massive,5.0
1659,FLK,LowerKeys,Lower Keys,Offshore,2018,1106,24.45258,-81.93717,STE INTE,STI,Stephanocoenia intersepta,submassive,1.0
1660,FLK,UpperKeys,Upper Keys,Offshore,2018,1113,24.86896,-80.60283,,,,,0.0
1661,FLK,UpperKeys,Upper Keys,MidChannel,2018,1123,25.040083,-80.38015,STE INTE,STI,Stephanocoenia intersepta,submassive,1.0
1662,FLK,UpperKeys,Upper Keys,Offshore,2018,1127,25.2121,-80.220717,POR ASTR,POA,Porites astreoides,submassive,1.0
1663,FLK,UpperKeys,Upper Keys,Offshore,2018,1127,25.2121,-80.220717,SID RADI,SIR,Siderastrea radians,encrusting,1.0
1664,FLK,UpperKeys,Upper Keys,Offshore,2018,1127,25.2121,-80.220717,SID SIDE,SIS,Siderastrea siderea,massive,1.0
1665,FLK,Biscayne,Biscayne,MidChannel,2018,1130,25.5374,-80.1137,DIC STOK,DCS,Dichocoenia stokesii,massive,9.0
1666,FLK,Biscayne,Biscayne,MidChannel,2018,1130,25.5374,-80.1137,MON CAVE,MOC,Montastraea cavernosa,massive,1.0
1667,FLK,Biscayne,Biscayne,MidChannel,2018,1130,25.5374,-80.1137,SID SIDE,SIS,Siderastrea siderea,massive,2.0
1668,FLK,UpperKeys,Upper Keys,MidChannel,2018,1138,25.12604,-80.29301,POR ASTR,POA,Porites astreoides,submassive,1.0
1669,FLK,UpperKeys,Upper Keys,MidChannel,2018,1138,25.12604,-80.29301,SID SIDE,SIS,Siderastrea siderea,massive,2.0
1670,FLK,MiddleKeys,Middle Keys,Offshore,2018,1154,24.68293,-80.97189,SID SIDE,SIS,Siderastrea siderea,massive,1.0
1671,FLK,UpperKeys,Upper Keys,MidChannel,2018,1155,24.901233,-80.568933,,,,,0.0
1672,FLK,UpperKeys,Upper Keys,MidChannel,2018,1158,25.2301,-80.22808,SID SIDE,SIS,Siderastrea siderea,massive,2.0
1673,FLK,UpperKeys,Upper Keys,Offshore,2018,1162,24.98817,-80.41769,,,,,0.0
1674,FLK,Biscayne,Biscayne,Offshore,2018,1168,25.5887,-80.0973,DIC STOK,DCS,Dichocoenia stokesii,massive,1.0
1675,FLK,Biscayne,Biscayne,Offshore,2018,1168,25.5887,-80.0973,MEA SPE.,ME,Meandrina spp,freeliving,1.0
1676,FLK,LowerKeys,Lower Keys,Offshore,2018,1172,24.47273,-81.81496,MON CAVE,MOC,Montastraea cavernosa,massive,6.0
1677,FLK,LowerKeys,Lower Keys,Offshore,2018,1172,24.47273,-81.81496,SID SIDE,SIS,Siderastrea siderea,massive,3.0
1678,FLK,UpperKeys,Upper Keys,Offshore,2018,1198,24.9577,-80.43355,SID RADI,SIR,Siderastrea radians,encrusting,1.0
1679,FLK,Biscayne,Biscayne,MidChannel,2018,1226,25.72952,-80.10028,POR ASTR,POA,Porites astreoides,submassive,2.0
1680,FLK,Biscayne,Biscayne,MidChannel,2018,1226,25.72952,-80.10028,SID SIDE,SIS,Siderastrea siderea,massive,1.0
1681,FLK,Biscayne,Biscayne,Offshore,2018,1230,25.5634722,-80.0985319,AGA AGAR,AGA,Agaricia agaricites,encrusting,1.0
1682,FLK,Biscayne,Biscayne,Offshore,2018,1230,25.5634722,-80.0985319,ORB ANNU,ORA,Orbicella annularis,massive,1.0
1683,FLK,Biscayne,Biscayne,Offshore,2018,1230,25.5634722,-80.0985319,SID SIDE,SIS,Siderastrea siderea,massive,2.0
1684,FLK,LowerKeys,Lower Keys,Offshore,2018,1231,24.538233,-81.453367,SID SIDE,SIS,Siderastrea siderea,massive,2.0
1685,FLK,LowerKeys,Lower Keys,Offshore,2018,1236,24.57032,-81.31096,COL NATA,CON,Colpophyllia natans,massive,1.0
1686,FLK,LowerKeys,Lower Keys,Offshore,2018,1236,24.57032,-81.31096,MON CAVE,MOC,Montastraea cavernosa,massive,5.0
1687,FLK,LowerKeys,Lower Keys,Offshore,2018,1236,24.57032,-81.31096,SID RADI,SIR,Siderastrea radians,encrusting,1.0
1688,FLK,LowerKeys,Lower Keys,Offshore,2018,1236,24.57032,-81.31096,SID SIDE,SIS,Siderastrea siderea,massive,3.0
1689,FLK,LowerKeys,Lower Keys,Offshore,2018,1236,24.57032,-81.31096,STE INTE,STI,Stephanocoenia intersepta,submassive,1.0
1690,FLK,UpperKeys,Upper Keys,Offshore,2018,1244,24.95724,-80.44915,AGA AGAR,AGA,Agaricia agaricites,encrusting,2.0
1691,FLK,UpperKeys,Upper Keys,Offshore,2018,1244,24.95724,-80.44915,SID SIDE,SIS,Siderastrea siderea,massive,2.0
1692,FLK,UpperKeys,Upper Keys,Offshore,2018,1245,25.174083,-80.2342,,,,,0.0
1693,FLK,UpperKeys,Upper Keys,Inshore,2018,1254,25.058367,-80.39885,,,,,0.0
1694,FLK,LowerKeys,Lower Keys,Offshore,2018,1256,24.4827,-81.712217,POR ASTR,POA,Porites astreoides,submassive,3.0
1695,FLK,LowerKeys,Lower Keys,Offshore,2018,1257,24.45254,-81.87693,AGA AGAR,AGA,Agaricia agaricites,encrusting,1.0
1696,FLK,LowerKeys,Lower Keys,Offshore,2018,1257,24.45254,-81.87693,POR ASTR,POA,Porites astreoides,submassive,10.0
1697,FLK,LowerKeys,Lower Keys,Offshore,2018,1257,24.45254,-81.87693,SID SIDE,SIS,Siderastrea siderea,massive,1.0
1698,FLK,LowerKeys,Lower Keys,Offshore,2018,1274,24.46324,-81.83986,SID SIDE,SIS,Siderastrea siderea,massive,1.0
1699,FLK,LowerKeys,Lower Keys,Offshore,2018,1275,24.46214,-81.83986,MON CAVE,MOC,Montastraea cavernosa,massive,1.0
1700,FLK,LowerKeys,Lower Keys,Offshore,2018,1275,24.46214,-81.83986,POR PORI,POP,Porites porites,branching,1.0
1701,FLK,LowerKeys,Lower Keys,Offshore,2018,1275,24.46214,-81.83986,SID SIDE,SIS,Siderastrea siderea,massive,1.0
1702,FLK,MiddleKeys,Middle Keys,Offshore,2018,1286,24.62732,-81.10985,SID RADI,SIR,Siderastrea radians,encrusting,1.0
1703,FLK,UpperKeys,Upper Keys,Offshore,2018,1288,25.02931,-80.35126,AGA AGAR,AGA,Agaricia agaricites,encrusting,1.0
1704,FLK,UpperKeys,Upper Keys,Offshore,2018,1288,25.02931,-80.35126,SID SIDE,SIS,Siderastrea siderea,massive,1.0
1705,FLK,Biscayne,Biscayne,Offshore,2018,1303,25.2939,-80.163067,SCO CUBE,SCC,Scolymia cubensis,freeliving,1.0
1706,FLK,Biscayne,Biscayne,Offshore,2018,1303,25.2939,-80.163067,SID SIDE,SIS,Siderastrea siderea,massive,1.0
1707,FLK,Biscayne,Biscayne,Offshore,2018,1306,25.4002317,-80.1315614,,,,,0.0
1708,FLK,LowerKeys,Lower Keys,Offshore,2018,1319,24.47755,-81.718033,SID RADI,SIR,Siderastrea radians,encrusting,2.0
1709,FLK,LowerKeys,Lower Keys,Offshore,2018,1319,24.47755,-81.718033,SID SIDE,SIS,Siderastrea siderea,massive,8.0
1710,FLK,LowerKeys,Lower Keys,Offshore,2018,1319,24.47755,-81.718033,STE INTE,STI,Stephanocoenia intersepta,submassive,3.0
1711,FLK,MiddleKeys,Middle Keys,Offshore,2018,1345,24.62293,-81.11282,SID SIDE,SIS,Siderastrea siderea,massive,3.0
1712,FLK,UpperKeys,Upper Keys,Offshore,2018,1348,24.88607,-80.56187,,,,,0.0
1713,FLK,UpperKeys,Upper Keys,Offshore,2018,1357,25.006817,-80.3761,SID SIDE,SIS,Siderastrea siderea,massive,3.0
1714,FLK,UpperKeys,Upper Keys,Offshore,2018,1357,25.006817,-80.3761,STE INTE,STI,Stephanocoenia intersepta,submassive,1.0
1715,FLK,Biscayne,Biscayne,Offshore,2018,1359,25.5427,-80.0987,SID SIDE,SIS,Siderastrea siderea,massive,1.0
1716,FLK,Biscayne,Biscayne,Offshore,2018,1363,25.568902,-80.1004823,AGA AGAR,AGA,Agaricia agaricites,encrusting,1.0
1717,FLK,Biscayne,Biscayne,Offshore,2018,1363,25.568902,-80.1004823,DIC STOK,DCS,Dichocoenia stokesii,massive,10.0
1718,FLK,Biscayne,Biscayne,Offshore,2018,1363,25.568902,-80.1004823,SID SIDE,SIS,Siderastrea siderea,massive,3.0
1719,FLK,LowerKeys,Lower Keys,Offshore,2018,1367,24.52858,-81.48324,AGA AGAR,AGA,Agaricia agaricites,encrusting,1.0
1720,FLK,LowerKeys,Lower Keys,Offshore,2018,1367,24.52858,-81.48324,MON CAVE,MOC,Montastraea cavernosa,massive,2.0
1721,FLK,LowerKeys,Lower Keys,Offshore,2018,1367,24.52858,-81.48324,SID SIDE,SIS,Siderastrea siderea,massive,4.0
1722,FLK,LowerKeys,Lower Keys,Offshore,2018,1367,24.52858,-81.48324,STE INTE,STI,Stephanocoenia intersepta,submassive,1.0
1723,FLK,LowerKeys,Lower Keys,Offshore,2018,1368,24.43622,-81.9379,MAD DECA,MDD,Madracis decactis,encrusting,1.0
1724,FLK,LowerKeys,Lower Keys,Offshore,2018,1373,24.43341,-81.95053,,,,,0.0
1725,FLK,LowerKeys,Lower Keys,Offshore,2018,1374,24.44649,-81.90057,AGA AGAR,AGA,Agaricia agaricites,encrusting,1.0
1726,FLK,LowerKeys,Lower Keys,Offshore,2018,1374,24.44649,-81.90057,MON CAVE,MOC,Montastraea cavernosa,massive,1.0
1727,FLK,LowerKeys,Lower Keys,Offshore,2018,1374,24.44649,-81.90057,POR ASTR,POA,Porites astreoides,submassive,1.0
1728,FLK,LowerKeys,Lower Keys,Offshore,2018,1374,24.44649,-81.90057,STE INTE,STI,Stephanocoenia intersepta,submassive,1.0
1729,FLK,LowerKeys,Lower Keys,Offshore,2018,1375,24.494667,-81.638167,AGA FRAG,AGF,Agaricia fragilis,plating,1.0
1730,FLK,LowerKeys,Lower Keys,Offshore,2018,1375,24.494667,-81.638167,MON CAVE,MOC,Montastraea cavernosa,massive,5.0
1731,FLK,LowerKeys,Lower Keys,Offshore,2018,1375,24.494667,-81.638167,POR ASTR,POA,Porites astreoides,submassive,1.0
1732,FLK,LowerKeys,Lower Keys,Offshore,2018,1375,24.494667,-81.638167,SID RADI,SIR,Siderastrea radians,encrusting,3.0
1733,FLK,LowerKeys,Lower Keys,Offshore,2018,1375,24.494667,-81.638167,SID SIDE,SIS,Siderastrea siderea,massive,6.0
1734,FLK,LowerKeys,Lower Keys,Offshore,2018,1375,24.494667,-81.638167,STE INTE,STI,Stephanocoenia intersepta,submassive,3.0
1735,FLK,LowerKeys,Lower Keys,Offshore,2018,1379,24.45191,-81.86812,AGA AGAR,AGA,Agaricia agaricites,encrusting,2.0
1736,FLK,LowerKeys,Lower Keys,Offshore,2018,1379,24.45191,-81.86812,MON CAVE,MOC,Montastraea cavernosa,massive,1.0
1737,FLK,LowerKeys,Lower Keys,Offshore,2018,1379,24.45191,-81.86812,SID SIDE,SIS,Siderastrea siderea,massive,3.0
1738,FLK,MiddleKeys,Middle Keys,Offshore,2018,1383,24.72227,-80.81535,AGA AGAR,AGA,Agaricia agaricites,encrusting,5.0
1739,FLK,MiddleKeys,Middle Keys,Offshore,2018,1383,24.72227,-80.81535,DIC STOK,DCS,Dichocoenia stokesii,massive,26.0
1740,FLK,MiddleKeys,Middle Keys,Offshore,2018,1383,24.72227,-80.81535,POR ASTR,POA,Porites astreoides,submassive,1.0
1741,FLK,MiddleKeys,Middle Keys,Offshore,2018,1383,24.72227,-80.81535,SID SIDE,SIS,Siderastrea siderea,massive,7.0
1742,FLK,MiddleKeys,Middle Keys,Offshore,2018,1383,24.72227,-80.81535,STE INTE,STI,Stephanocoenia intersepta,submassive,1.0
1743,FLK,UpperKeys,Upper Keys,Offshore,2018,1387,24.8972,-80.5379,AGA AGAR,AGA,Agaricia agaricites,encrusting,4.0
1744,FLK,UpperKeys,Upper Keys,Offshore,2018,1387,24.8972,-80.5379,ORB FRAN,ORFR,Orbicella franksi,massive,1.0
1745,FLK,UpperKeys,Upper Keys,Offshore,2018,1387,24.8972,-80.5379,SID SIDE,SIS,Siderastrea siderea,massive,2.0
1746,FLK,UpperKeys,Upper Keys,Offshore,2018,1390,25.24416,-80.19222,SID RADI,SIR,Siderastrea radians,encrusting,1.0
1747,FLK,UpperKeys,Upper Keys,Offshore,2018,1390,25.24416,-80.19222,SID SIDE,SIS,Siderastrea siderea,massive,3.0
1748,FLK,UpperKeys,Upper Keys,Offshore,2018,1390,25.24416,-80.19222,STE INTE,STI,Stephanocoenia intersepta,submassive,1.0
1749,FLK,UpperKeys,Upper Keys,Offshore,2018,1391,25.03421,-80.34565,SID RADI,SIR,Siderastrea radians,encrusting,1.0
1750,FLK,UpperKeys,Upper Keys,Offshore,2018,1391,25.03421,-80.34565,STE INTE,STI,Stephanocoenia intersepta,submassive,3.0
1751,FLK,UpperKeys,Upper Keys,Offshore,2018,1393,25.11927,-80.2754,,,,,0.0
1752,FLK,UpperKeys,Upper Keys,Offshore,2018,1394,24.97508,-80.41877,AGA AGAR,AGA,Agaricia agaricites,encrusting,1.0
1753,FLK,UpperKeys,Upper Keys,Offshore,2018,1394,24.97508,-80.41877,AGA LAMA,AGL,Agaricia lamarcki,plating,2.0
1754,FLK,UpperKeys,Upper Keys,Offshore,2018,1394,24.97508,-80.41877,SID SIDE,SIS,Siderastrea siderea,massive,1.0
1755,FLK,Biscayne,Biscayne,Offshore,2018,1397,25.4967,-80.104,,,,,0.0
1756,FLK,Biscayne,Biscayne,Offshore,2018,1398,25.466925,-80.1101944,SID RADI,SIR,Siderastrea radians,encrusting,1.0
1757,FLK,Biscayne,Biscayne,Offshore,2018,1398,25.466925,-80.1101944,SID SIDE,SIS,Siderastrea siderea,massive,1.0
1758,FLK,Biscayne,Biscayne,Offshore,2018,1400,25.6004,-80.0903,AGA SPE.,AG,Agaricia spp,encrusting,6.0
1759,FLK,Biscayne,Biscayne,Offshore,2018,1400,25.6004,-80.0903,ORB FAVE,ORF,Orbicella faveolata,massive,1.0
1760,FLK,Biscayne,Biscayne,Offshore,2018,1400,25.6004,-80.0903,ORB FRAN,ORFR,Orbicella franksi,massive,1.0
1761,FLK,Biscayne,Biscayne,Offshore,2018,1400,25.6004,-80.0903,SID SIDE,SIS,Siderastrea siderea,massive,3.0
1762,FLK,Biscayne,Biscayne,Inshore,2018,1519,25.4645658,-80.169893,SID SIDE,SIS,Siderastrea siderea,massive,5.0
1763,FLK,MiddleKeys,Middle Keys,MidChannel,2018,1552,24.67428,-81.06032,COL NATA,CON,Colpophyllia natans,massive,2.0
1764,FLK,MiddleKeys,Middle Keys,MidChannel,2018,1552,24.67428,-81.06032,MON CAVE,MOC,Montastraea cavernosa,massive,1.0
1765,FLK,MiddleKeys,Middle Keys,MidChannel,2018,1552,24.67428,-81.06032,POR ASTR,POA,Porites astreoides,submassive,2.0
1766,FLK,MiddleKeys,Middle Keys,MidChannel,2018,1552,24.67428,-81.06032,SID SIDE,SIS,Siderastrea siderea,massive,13.0
1767,FLK,LowerKeys,Lower Keys,MidChannel,2018,1605,24.48535,-81.84261,DIC STOK,DCS,Dichocoenia stokesii,massive,1.0
1768,FLK,LowerKeys,Lower Keys,MidChannel,2018,1605,24.48535,-81.84261,STE INTE,STI,Stephanocoenia intersepta,submassive,4.0
1769,FLK,UpperKeys,Upper Keys,MidChannel,2018,1629,25.12357,-80.30173,,,,,0.0
1770,FLK,Biscayne,Biscayne,MidChannel,2018,1630,25.6077094,-80.0972045,,,,,0.0
1771,FLK,Biscayne,Biscayne,Offshore,2018,1669,25.3876137,-80.1356279,POR PORI,POP,Porites porites,branching,1.0
1772,FLK,LowerKeys,Lower Keys,Offshore,2018,1884,24.59374,-81.20877,AGA AGAR,AGA,Agaricia agaricites,encrusting,3.0
1773,FLK,LowerKeys,Lower Keys,Offshore,2018,1884,24.59374,-81.20877,MON CAVE,MOC,Montastraea cavernosa,massive,1.0
1774,FLK,LowerKeys,Lower Keys,Offshore,2018,1884,24.59374,-81.20877,SID SIDE,SIS,Siderastrea siderea,massive,4.0
1775,FLK,LowerKeys,Lower Keys,Offshore,2018,1884,24.59374,-81.20877,STE INTE,STI,Stephanocoenia intersepta,submassive,3.0
1776,SEFCRI,SoutheastFlorida,SEFCRI,SEFCRI,2016,3001,26.20328333,-80.08675,,,,,0.0
1777,SEFCRI,SoutheastFlorida,SEFCRI,SEFCRI,2016,3004,26.16218333,-80.09666667,,,,,0.0
1778,SEFCRI,SoutheastFlorida,SEFCRI,SEFCRI,2016,3009,26.0847,-80.0998,,,,,0.0
1779,SEFCRI,SoutheastFlorida,SEFCRI,SEFCRI,2016,3016,26.00153333,-80.11191667,SID SIDE,SIS,Siderastrea siderea,massive,1.0
1780,SEFCRI,SoutheastFlorida,SEFCRI,SEFCRI,2016,3021,25.92596667,-80.10536667,,,,,0.0
1781,SEFCRI,SoutheastFlorida,SEFCRI,SEFCRI,2016,3030,25.87205,-80.11191667,SID SIDE,SIS,Siderastrea siderea,massive,1.0
1782,SEFCRI,SoutheastFlorida,SEFCRI,SEFCRI,2016,3030,25.87205,-80.11191667,STE INTE,STI,Stephanocoenia intersepta,submassive,3.0
1783,SEFCRI,SoutheastFlorida,SEFCRI,SEFCRI,2016,3036,25.80918333,-80.09966667,,,,,0.0
1784,SEFCRI,SoutheastFlorida,SEFCRI,SEFCRI,2016,3037,25.80663333,-80.10753333,,,,,0.0
1785,SEFCRI,SoutheastFlorida,SEFCRI,SEFCRI,2016,3040,25.80368333,-80.0914,,,,,0.0
1786,SEFCRI,SoutheastFlorida,SEFCRI,SEFCRI,2016,3045,26.21538333,-80.08393333,MON CAVE,MOC,Montastraea cavernosa,massive,7.0
1787,SEFCRI,SoutheastFlorida,SEFCRI,SEFCRI,2016,3045,26.21538333,-80.08393333,STE INTE,STI,Stephanocoenia intersepta,submassive,3.0
1788,SEFCRI,SoutheastFlorida,SEFCRI,SEFCRI,2016,3057,26.08965,-80.09368333,,,,,0.0
1789,SEFCRI,SoutheastFlorida,SEFCRI,SEFCRI,2016,3058,26.05528333,-80.0981,SID SIDE,SIS,Siderastrea siderea,massive,1.0
1790,SEFCRI,SoutheastFlorida,SEFCRI,SEFCRI,2016,3059,26.03543333,-80.10108333,MON CAVE,MOC,Montastraea cavernosa,massive,1.0
1791,SEFCRI,SoutheastFlorida,SEFCRI,SEFCRI,2016,3059,26.03543333,-80.10108333,ORB FRAN,ORFR,Orbicella franksi,massive,7.0
1792,SEFCRI,SoutheastFlorida,SEFCRI,SEFCRI,2016,3059,26.03543333,-80.10108333,POR ASTR,POA,Porites astreoides,submassive,1.0
1793,SEFCRI,SoutheastFlorida,SEFCRI,SEFCRI,2016,3059,26.03543333,-80.10108333,SOL BOUR,SOB,Solenastrea bournoni,massive,2.0
1794,SEFCRI,SoutheastFlorida,SEFCRI,SEFCRI,2016,3061,25.96068333,-80.1022,MON CAVE,MOC,Montastraea cavernosa,massive,1.0
1795,SEFCRI,SoutheastFlorida,SEFCRI,SEFCRI,2016,3061,25.96068333,-80.1022,STE INTE,STI,Stephanocoenia intersepta,submassive,1.0
1796,SEFCRI,SoutheastFlorida,SEFCRI,SEFCRI,2016,3064,25.86881667,-80.10455,,,,,0.0
1797,SEFCRI,SoutheastFlorida,SEFCRI,SEFCRI,2016,3066,25.85471667,-80.09971667,POR ASTR,POA,Porites astreoides,submassive,1.0
1798,SEFCRI,SoutheastFlorida,SEFCRI,SEFCRI,2016,3066,25.85471667,-80.09971667,SID SIDE,SIS,Siderastrea siderea,massive,2.0
1799,SEFCRI,SoutheastFlorida,SEFCRI,SEFCRI,2016,3067,25.83123333,-80.09333333,POR ASTR,POA,Porites astreoides,submassive,2.0
1800,SEFCRI,SoutheastFlorida,SEFCRI,SEFCRI,2016,3067,25.83123333,-80.09333333,SID SIDE,SIS,Siderastrea siderea,massive,1.0
1801,SEFCRI,SoutheastFlorida,SEFCRI,SEFCRI,2016,3069,26.21775,-80.08175,,,,,0.0
1802,SEFCRI,SoutheastFlorida,SEFCRI,SEFCRI,2016,3071,26.04476667,-80.09836667,,,,,0.0
1803,SEFCRI,SoutheastFlorida,SEFCRI,SEFCRI,2016,3072,25.99623,-80.10095,,,,,0.0
1804,SEFCRI,SoutheastFlorida,SEFCRI,SEFCRI,2016,3078,25.92745,-80.09991667,MON CAVE,MOC,Montastraea cavernosa,massive,1.0
1805,SEFCRI,SoutheastFlorida,SEFCRI,SEFCRI,2016,3078,25.92745,-80.09991667,SID SIDE,SIS,Siderastrea siderea,massive,1.0
1806,SEFCRI,SoutheastFlorida,SEFCRI,SEFCRI,2016,3083,25.83775,-80.0995,POR ASTR,POA,Porites astreoides,submassive,5.0
1807,SEFCRI,SoutheastFlorida,SEFCRI,SEFCRI,2016,3083,25.83775,-80.0995,SID SIDE,SIS,Siderastrea siderea,massive,1.0
1808,SEFCRI,SoutheastFlorida,SEFCRI,SEFCRI,2016,3085,26.23083333,-80.06935,MON CAVE,MOC,Montastraea cavernosa,massive,1.0
1809,SEFCRI,SoutheastFlorida,SEFCRI,SEFCRI,2016,3085,26.23083333,-80.06935,SID SIDE,SIS,Siderastrea siderea,massive,3.0
1810,SEFCRI,SoutheastFlorida,SEFCRI,SEFCRI,2016,3089,25.76966667,-80.08826667,STE INTE,STI,Stephanocoenia intersepta,submassive,1.0
1811,SEFCRI,SoutheastFlorida,SEFCRI,SEFCRI,2016,3091,26.19516667,-80.0795,ORB FRAN,ORFR,Orbicella franksi,massive,4.0
1812,SEFCRI,SoutheastFlorida,SEFCRI,SEFCRI,2016,3091,26.19516667,-80.0795,SID SIDE,SIS,Siderastrea siderea,massive,1.0
1813,SEFCRI,SoutheastFlorida,SEFCRI,SEFCRI,2016,3091,26.19516667,-80.0795,STE INTE,STI,Stephanocoenia intersepta,submassive,1.0
1814,SEFCRI,SoutheastFlorida,SEFCRI,SEFCRI,2016,3094,26.11138333,-80.08658333,,,,,0.0
1815,SEFCRI,SoutheastFlorida,SEFCRI,SEFCRI,2016,3095,26.0635,-80.09391667,ORB FRAN,ORFR,Orbicella franksi,massive,1.0
1816,SEFCRI,SoutheastFlorida,SEFCRI,SEFCRI,2016,3095,26.0635,-80.09391667,SID SIDE,SIS,Siderastrea siderea,massive,3.0
1817,SEFCRI,SoutheastFlorida,SEFCRI,SEFCRI,2016,3097,26.03021667,-80.09455,,,,,0.0
1818,SEFCRI,SoutheastFlorida,SEFCRI,SEFCRI,2016,3099,25.98675,-80.09298333,MEA MEAN,MEM,Meandrina meandrites,massive,1.0
1819,SEFCRI,SoutheastFlorida,SEFCRI,SEFCRI,2016,3105,25.8614,-80.09255,MON CAVE,MOC,Montastraea cavernosa,massive,1.0
1820,SEFCRI,SoutheastFlorida,SEFCRI,SEFCRI,2016,3108,26.23311667,-80.0742,SID SIDE,SIS,Siderastrea siderea,massive,1.0
1821,SEFCRI,SoutheastFlorida,SEFCRI,SEFCRI,2016,3110,26.14783333,-80.08213333,,,,,0.0
1822,SEFCRI,SoutheastFlorida,SEFCRI,SEFCRI,2016,3115,26.07166667,-80.09243333,SID SIDE,SIS,Siderastrea siderea,massive,1.0
1823,SEFCRI,SoutheastFlorida,SEFCRI,SEFCRI,2016,3115,26.07166667,-80.09243333,STE INTE,STI,Stephanocoenia intersepta,submassive,1.0
1824,SEFCRI,SoutheastFlorida,SEFCRI,SEFCRI,2016,3117,26.03328333,-80.09428333,,,,,0.0
1825,SEFCRI,SoutheastFlorida,SEFCRI,SEFCRI,2016,3119,26.17466667,-80.07573333,POR ASTR,POA,Porites astreoides,submassive,1.0
1826,SEFCRI,SoutheastFlorida,SEFCRI,SEFCRI,2016,3120,26.09685,-80.08391667,POR ASTR,POA,Porites astreoides,submassive,1.0
1827,SEFCRI,SoutheastFlorida,SEFCRI,SEFCRI,2016,3124,26.02235,-80.08726667,MON CAVE,MOC,Montastraea cavernosa,massive,2.0
1828,SEFCRI,SoutheastFlorida,SEFCRI,SEFCRI,2016,3124,26.02235,-80.08726667,POR SPE.,PORS,Porites spp,submassive,1.0
1829,SEFCRI,SoutheastFlorida,SEFCRI,SEFCRI,2016,3125,26.01696667,-80.08816667,,,,,0.0
1830,SEFCRI,SoutheastFlorida,SEFCRI,SEFCRI,2016,3127,25.99411667,-80.08916667,STE INTE,STI,Stephanocoenia intersepta,submassive,2.0
1831,SEFCRI,SoutheastFlorida,SEFCRI,SEFCRI,2016,3138,26.13005,-80.08028333,,,,,0.0
1832,SEFCRI,SoutheastFlorida,SEFCRI,SEFCRI,2016,3139,26.09796667,-80.08296667,,,,,0.0
1833,SEFCRI,SoutheastFlorida,SEFCRI,SEFCRI,2016,3140,26.09626667,-80.08293333,SID SIDE,SIS,Siderastrea siderea,massive,1.0
1834,SEFCRI,SoutheastFlorida,SEFCRI,SEFCRI,2016,3142,26.06533333,-80.09283333,,,,,0.0
1835,SEFCRI,SoutheastFlorida,SEFCRI,SEFCRI,2016,3143,26.05881667,-80.0857,,,,,0.0
1836,SEFCRI,SoutheastFlorida,SEFCRI,SEFCRI,2016,3144,26.05753333,-80.08658333,STE INTE,STI,Stephanocoenia intersepta,submassive,1.0
1837,SEFCRI,SoutheastFlorida,SEFCRI,SEFCRI,2016,3150,25.78821667,-80.08813333,,,,,0.0
1838,SEFCRI,SoutheastFlorida,SEFCRI,SEFCRI,2016,3152,26.22498333,-80.06966667,MON CAVE,MOC,Montastraea cavernosa,massive,2.0
1839,SEFCRI,SoutheastFlorida,SEFCRI,SEFCRI,2016,3152,26.22498333,-80.06966667,SID RADI,SIR,Siderastrea radians,encrusting,1.0
1840,SEFCRI,SoutheastFlorida,SEFCRI,SEFCRI,2016,3154,26.19408333,-80.06995,,,,,0.0
1841,SEFCRI,SoutheastFlorida,SEFCRI,SEFCRI,2016,3160,26.29583333,-80.07473333,SID SIDE,SIS,Siderastrea siderea,massive,2.0
1842,SEFCRI,SoutheastFlorida,SEFCRI,SEFCRI,2016,3162,26.3288,-80.0662,SID SIDE,SIS,Siderastrea siderea,massive,1.0
1843,SEFCRI,SoutheastFlorida,SEFCRI,SEFCRI,2016,3165,26.31065,-80.06546667,MON CAVE,MOC,Montastraea cavernosa,massive,4.0
1844,SEFCRI,SoutheastFlorida,SEFCRI,SEFCRI,2016,3167,26.36958333,-80.05446667,MON CAVE,MOC,Montastraea cavernosa,massive,1.0
1845,SEFCRI,SoutheastFlorida,SEFCRI,SEFCRI,2016,3167,26.36958333,-80.05446667,ORB FRAN,ORFR,Orbicella franksi,massive,1.0
1846,SEFCRI,SoutheastFlorida,SEFCRI,SEFCRI,2016,3167,26.36958333,-80.05446667,POR ASTR,POA,Porites astreoides,submassive,1.0
1847,SEFCRI,SoutheastFlorida,SEFCRI,SEFCRI,2016,3167,26.36958333,-80.05446667,POR SPE.,PORS,Porites spp,submassive,1.0
1848,SEFCRI,SoutheastFlorida,SEFCRI,SEFCRI,2016,3167,26.36958333,-80.05446667,SID SIDE,SIS,Siderastrea siderea,massive,1.0
1849,SEFCRI,SoutheastFlorida,SEFCRI,SEFCRI,2016,3172,26.33358333,-80.05776667,POR ASTR,POA,Porites astreoides,submassive,3.0
1850,SEFCRI,SoutheastFlorida,SEFCRI,SEFCRI,2016,3174,26.30063333,-80.06013333,MON CAVE,MOC,Montastraea cavernosa,massive,1.0
1851,SEFCRI,SoutheastFlorida,SEFCRI,SEFCRI,2016,3175,26.37746667,-80.05298333,SID RADI,SIR,Siderastrea radians,encrusting,1.0
1852,SEFCRI,SoutheastFlorida,SEFCRI,SEFCRI,2016,3178,26.28233333,-80.06113333,MON CAVE,MOC,Montastraea cavernosa,massive,5.0
1853,SEFCRI,SoutheastFlorida,SEFCRI,SEFCRI,2016,3178,26.28233333,-80.06113333,SID SIDE,SIS,Siderastrea siderea,massive,1.0
1854,SEFCRI,SoutheastFlorida,SEFCRI,SEFCRI,2016,3178,26.28233333,-80.06113333,STE INTE,STI,Stephanocoenia intersepta,submassive,1.0
1855,SEFCRI,SoutheastFlorida,SEFCRI,SEFCRI,2016,3185,26.55986667,-80.0273,,,,,0.0
1856,SEFCRI,SoutheastFlorida,SEFCRI,SEFCRI,2016,3186,26.55917,-80.0285,,,,,0.0
1857,SEFCRI,SoutheastFlorida,SEFCRI,SEFCRI,2016,3189,26.67643333,-80.01633333,SID SIDE,SIS,Siderastrea siderea,massive,11.0
1858,SEFCRI,SoutheastFlorida,SEFCRI,SEFCRI,2016,3194,26.48481667,-80.0405,MAD SPE.,MD,Madracis spp,branching,1.0
1859,SEFCRI,SoutheastFlorida,SEFCRI,SEFCRI,2016,3194,26.48481667,-80.0405,POR PORI,POP,Porites porites,branching,1.0
1860,SEFCRI,SoutheastFlorida,SEFCRI,SEFCRI,2016,3195,26.41563333,-80.0505,POR ASTR,POA,Porites astreoides,submassive,1.0
1861,SEFCRI,SoutheastFlorida,SEFCRI,SEFCRI,2016,3195,26.41563333,-80.0505,SID SIDE,SIS,Siderastrea siderea,massive,2.0
1862,SEFCRI,SoutheastFlorida,SEFCRI,SEFCRI,2016,3195,26.41563333,-80.0505,STE INTE,STI,Stephanocoenia intersepta,submassive,2.0
1863,SEFCRI,SoutheastFlorida,SEFCRI,SEFCRI,2016,3199,26.5862,-80.02448333,SID SIDE,SIS,Siderastrea siderea,massive,1.0
1864,SEFCRI,SoutheastFlorida,SEFCRI,SEFCRI,2016,3202,26.56241667,-80.02566667,SID SIDE,SIS,Siderastrea siderea,massive,1.0
1865,SEFCRI,SoutheastFlorida,SEFCRI,SEFCRI,2016,3203,26.50883333,-80.03383333,DIP LABY,DIL,Diploria labyrinthiformis,massive,1.0
1866,SEFCRI,SoutheastFlorida,SEFCRI,SEFCRI,2016,3203,26.50883333,-80.03383333,MON CAVE,MOC,Montastraea cavernosa,massive,2.0
1867,SEFCRI,SoutheastFlorida,SEFCRI,SEFCRI,2016,3203,26.50883333,-80.03383333,SID SIDE,SIS,Siderastrea siderea,massive,1.0
1868,SEFCRI,SoutheastFlorida,SEFCRI,SEFCRI,2016,3206,26.40071667,-80.05091667,MON CAVE,MOC,Montastraea cavernosa,massive,4.0
1869,SEFCRI,SoutheastFlorida,SEFCRI,SEFCRI,2016,3207,26.56608333,-80.0255,,,,,0.0
1870,SEFCRI,SoutheastFlorida,SEFCRI,SEFCRI,2016,3210,26.43696667,-80.04603333,MAD SPE.,MD,Madracis spp,branching,1.0
1871,SEFCRI,SoutheastFlorida,SEFCRI,SEFCRI,2016,3210,26.43696667,-80.04603333,SID SIDE,SIS,Siderastrea siderea,massive,1.0
1872,SEFCRI,SoutheastFlorida,SEFCRI,SEFCRI,2016,3212,26.74003333,-80.03408333,SID SIDE,SIS,Siderastrea siderea,massive,11.11111111
1873,SEFCRI,SoutheastFlorida,SEFCRI,SEFCRI,2016,3214,26.99538333,-80.06475,SID SIDE,SIS,Siderastrea siderea,massive,1.0
1874,SEFCRI,SoutheastFlorida,SEFCRI,SEFCRI,2016,3217,26.98758333,-80.01078333,,,,,0.0
1875,SEFCRI,SoutheastFlorida,SEFCRI,SEFCRI,2016,3222,26.96173333,-80.00253333,,,,,0.0
1876,SEFCRI,SoutheastFlorida,SEFCRI,SEFCRI,2016,3224,26.98758333,-80.00381667,,,,,0.0
1877,SEFCRI,SoutheastFlorida,SEFCRI,SEFCRI,2016,3225,26.94163333,-80.00311667,,,,,0.0
1878,SEFCRI,SoutheastFlorida,SEFCRI,SEFCRI,2016,3226,26.94015,-80.0101,,,,,0.0
1879,SEFCRI,SoutheastFlorida,SEFCRI,SEFCRI,2016,3229,26.91263333,-80.0323,,,,,0.0
1880,SEFCRI,SoutheastFlorida,SEFCRI,SEFCRI,2016,3230,26.91148333,-80.02475,,,,,0.0
1881,SEFCRI,SoutheastFlorida,SEFCRI,SEFCRI,2016,3231,26.90466667,-80.0296,,,,,0.0
1882,SEFCRI,SoutheastFlorida,SEFCRI,SEFCRI,2016,3240,26.8628,-80.02373333,,,,,0.0
1883,SEFCRI,SoutheastFlorida,SEFCRI,SEFCRI,2016,3250,26.74183333,-80.00923333,,,,,0.0
1884,SEFCRI,SoutheastFlorida,SEFCRI,SEFCRI,2016,3254,26.91433333,-80.0115,AGA AGAR,AGA,Agaricia agaricites,encrusting,2.0
1885,SEFCRI,SoutheastFlorida,SEFCRI,SEFCRI,2016,3254,26.91433333,-80.0115,MAD AURE,MDAU,Madracis auretenra,branching,1.0
1886,SEFCRI,SoutheastFlorida,SEFCRI,SEFCRI,2016,3254,26.91433333,-80.0115,MON CAVE,MOC,Montastraea cavernosa,massive,4.0
1887,SEFCRI,SoutheastFlorida,SEFCRI,SEFCRI,2016,3257,26.86488333,-80.01723333,MON CAVE,MOC,Montastraea cavernosa,massive,1.0
1888,SEFCRI,SoutheastFlorida,SEFCRI,SEFCRI,2016,3257,26.86488333,-80.01723333,POR ASTR,POA,Porites astreoides,submassive,1.0
1889,SEFCRI,SoutheastFlorida,SEFCRI,SEFCRI,2016,3259,26.83283333,-80.0172,SID SIDE,SIS,Siderastrea siderea,massive,1.0
1890,SEFCRI,SoutheastFlorida,SEFCRI,SEFCRI,2016,3261,26.76881667,-80.01273333,,,,,0.0
1891,SEFCRI,SoutheastFlorida,SEFCRI,SEFCRI,2016,3262,26.77115,-80.01158333,,,,,0.0
1892,SEFCRI,SoutheastFlorida,SEFCRI,SEFCRI,2016,3265,27.125883,-80.134167,,,,,0.0
1893,SEFCRI,SoutheastFlorida,SEFCRI,SEFCRI,2016,3266,27.11625,-80.128917,,,,,0.0
1894,SEFCRI,SoutheastFlorida,SEFCRI,SEFCRI,2016,3270,27.107083,-80.1235,,,,,0.0
1895,SEFCRI,SoutheastFlorida,SEFCRI,SEFCRI,2016,3279,27.14025,-80.0719167,SID SIDE,SIS,Siderastrea siderea,massive,1.0
1896,SEFCRI,SoutheastFlorida,SEFCRI,SEFCRI,2016,3280,26.99275,-80.01536667,SID SIDE,SIS,Siderastrea siderea,massive,1.0
1897,SEFCRI,SoutheastFlorida,SEFCRI,SEFCRI,2016,3285,26.99538333,-80.06475,,,,,0.0
1898,SEFCRI,SoutheastFlorida,SEFCRI,SEFCRI,2016,3286,27.090833,-80.042417,,,,,0.0
1899,SEFCRI,SoutheastFlorida,SEFCRI,SEFCRI,2016,3288,27.06621667,-80.04386667,,,,,0.0
1900,SEFCRI,SoutheastFlorida,SEFCRI,SEFCRI,2016,3289,27.05635,-80.03386667,,,,,0.0
1901,SEFCRI,SoutheastFlorida,SEFCRI,SEFCRI,2018,3001,26.89381,-80.00212,MYC ALIC,MYA,Mycetophyllia aliciae,plating,1.0
1902,SEFCRI,SoutheastFlorida,SEFCRI,SEFCRI,2018,3002,26.94493,-80.01036,SID SIDE,SIS,Siderastrea siderea,massive,1.0
1903,SEFCRI,SoutheastFlorida,SEFCRI,SEFCRI,2018,3006,26.93368,-80.01308,STE INTE,STI,Stephanocoenia intersepta,submassive,1.0
1904,SEFCRI,SoutheastFlorida,SEFCRI,SEFCRI,2018,3008,26.85591,-80.00946,,,,,0.0
1905,SEFCRI,SoutheastFlorida,SEFCRI,SEFCRI,2018,3009,26.84385,-79.99744,,,,,0.0
1906,SEFCRI,SoutheastFlorida,SEFCRI,SEFCRI,2018,3018,26.90501,-80.01283,STE INTE,STI,Stephanocoenia intersepta,submassive,2.0
1907,SEFCRI,SoutheastFlorida,SEFCRI,SEFCRI,2018,3024,26.82249,-80.01122,,,,,0.0
1908,SEFCRI,SoutheastFlorida,SEFCRI,SEFCRI,2018,3025,26.9116,-80.00083,,,,,0.0
1909,SEFCRI,SoutheastFlorida,SEFCRI,SEFCRI,2018,3033,26.92659,-80.03072,,,,,0.0
1910,SEFCRI,SoutheastFlorida,SEFCRI,SEFCRI,2018,3039,26.93588,-80.01426,,,,,0.0
1911,SEFCRI,SoutheastFlorida,SEFCRI,SEFCRI,2018,3042,26.88547,-80.01877,,,,,0.0
1912,SEFCRI,SoutheastFlorida,SEFCRI,SEFCRI,2018,3043,26.90096,-80.01666,MON CAVE,MOC,Montastraea cavernosa,massive,5.0
1913,SEFCRI,SoutheastFlorida,SEFCRI,SEFCRI,2018,3046,26.77813,-80.01407,STE INTE,STI,Stephanocoenia intersepta,submassive,1.0
1914,SEFCRI,SoutheastFlorida,SEFCRI,SEFCRI,2018,3047,26.8398,-80.01633,MON CAVE,MOC,Montastraea cavernosa,massive,1.0
1915,SEFCRI,SoutheastFlorida,SEFCRI,SEFCRI,2018,3047,26.8398,-80.01633,POR ASTR,POA,Porites astreoides,submassive,1.0
1916,SEFCRI,SoutheastFlorida,SEFCRI,SEFCRI,2018,3047,26.8398,-80.01633,SID RADI,SIR,Siderastrea radians,encrusting,1.0
1917,SEFCRI,SoutheastFlorida,SEFCRI,SEFCRI,2018,3048,26.7496,-80.01584,SID RADI,SIR,Siderastrea radians,encrusting,1.0
1918,SEFCRI,SoutheastFlorida,SEFCRI,SEFCRI,2018,3049,26.83346,-80.01705,POR ASTR,POA,Porites astreoides,submassive,1.0
1919,SEFCRI,SoutheastFlorida,SEFCRI,SEFCRI,2018,3050,26.81686,-80.00383,,,,,0.0
1920,SEFCRI,SoutheastFlorida,SEFCRI,SEFCRI,2018,3053,25.842734,-80.104184,SID SIDE,SIS,Siderastrea siderea,massive,2.0
1921,SEFCRI,SoutheastFlorida,SEFCRI,SEFCRI,2018,3059,25.9539333,-80.10025,MAD DECA,MDD,Madracis decactis,encrusting,1.0
1922,SEFCRI,SoutheastFlorida,SEFCRI,SEFCRI,2018,3059,25.9539333,-80.10025,POR PORI,POP,Porites porites,branching,1.0
1923,SEFCRI,SoutheastFlorida,SEFCRI,SEFCRI,2018,3059,25.9539333,-80.10025,SID SIDE,SIS,Siderastrea siderea,massive,1.0
1924,SEFCRI,SoutheastFlorida,SEFCRI,SEFCRI,2018,3062,25.97675,-80.0999667,POR ASTR,POA,Porites astreoides,submassive,3.0
1925,SEFCRI,SoutheastFlorida,SEFCRI,SEFCRI,2018,3062,25.97675,-80.0999667,SID SIDE,SIS,Siderastrea siderea,massive,1.0
1926,SEFCRI,SoutheastFlorida,SEFCRI,SEFCRI,2018,3063,25.852599,-80.099801,POR ASTR,POA,Porites astreoides,submassive,1.0
1927,SEFCRI,SoutheastFlorida,SEFCRI,SEFCRI,2018,3066,26.0106667,-80.1010833,POR ASTR,POA,Porites astreoides,submassive,1.0
1928,SEFCRI,SoutheastFlorida,SEFCRI,SEFCRI,2018,3067,25.9570667,-80.0999333,,,,,0.0
1929,SEFCRI,SoutheastFlorida,SEFCRI,SEFCRI,2018,3077,25.87379,-80.100493,MON CAVE,MOC,Montastraea cavernosa,massive,1.0
1930,SEFCRI,SoutheastFlorida,SEFCRI,SEFCRI,2018,3077,25.87379,-80.100493,SID SIDE,SIS,Siderastrea siderea,massive,1.0
1931,SEFCRI,SoutheastFlorida,SEFCRI,SEFCRI,2018,3077,25.87379,-80.100493,STE INTE,STI,Stephanocoenia intersepta,submassive,1.0
1932,SEFCRI,SoutheastFlorida,SEFCRI,SEFCRI,2018,3079,26.0906167,-80.09555,SID SIDE,SIS,Siderastrea siderea,massive,1.0
1933,SEFCRI,SoutheastFlorida,SEFCRI,SEFCRI,2018,3085,25.9054,-80.09075,,,,,0.0
1934,SEFCRI,SoutheastFlorida,SEFCRI,SEFCRI,2018,3096,26.2103,-80.0783333,,,,,0.0
1935,SEFCRI,SoutheastFlorida,SEFCRI,SEFCRI,2018,3097,25.82206,-80.091247,,,,,0.0
1936,SEFCRI,SoutheastFlorida,SEFCRI,SEFCRI,2018,3103,26.31625,-80.06525,POR ASTR,POA,Porites astreoides,submassive,1.0
1937,SEFCRI,SoutheastFlorida,SEFCRI,SEFCRI,2018,3109,25.876977,-80.092436,,,,,0.0
1938,SEFCRI,SoutheastFlorida,SEFCRI,SEFCRI,2018,3110,25.871592,-80.092463,DIC STOK,DCS,Dichocoenia stokesii,massive,1.0
1939,SEFCRI,SoutheastFlorida,SEFCRI,SEFCRI,2018,3110,25.871592,-80.092463,STE INTE,STI,Stephanocoenia intersepta,submassive,1.0
1940,SEFCRI,SoutheastFlorida,SEFCRI,SEFCRI,2018,3117,25.7993833,-80.09264,SCO SPE.,SCLS,Scolymia spp,freeliving,1.0
1941,SEFCRI,SoutheastFlorida,SEFCRI,SEFCRI,2018,3117,25.7993833,-80.09264,STE INTE,STI,Stephanocoenia intersepta,submassive,1.0
1942,SEFCRI,SoutheastFlorida,SEFCRI,SEFCRI,2018,3122,26.2636667,-80.0705,,,,,0.0
1943,SEFCRI,SoutheastFlorida,SEFCRI,SEFCRI,2018,3136,25.888696,-80.107344,SID SIDE,SIS,Siderastrea siderea,massive,1.0
1944,SEFCRI,SoutheastFlorida,SEFCRI,SEFCRI,2018,3155,26.1650167,-80.0934667,,,,,0.0
1945,SEFCRI,SoutheastFlorida,SEFCRI,SEFCRI,2018,3161,26.3145,-80.0741667,,,,,0.0
1946,SEFCRI,SoutheastFlorida,SEFCRI,SEFCRI,2018,3162,26.70444,-80.02967,,,,,0.0
1947,SEFCRI,SoutheastFlorida,SEFCRI,SEFCRI,2018,3166,26.7579,-80.03529,,,,,0.0
1948,SEFCRI,SoutheastFlorida,SEFCRI,SEFCRI,2018,3179,26.0435667,-80.1061333,,,,,0.0
1949,SEFCRI,SoutheastFlorida,SEFCRI,SEFCRI,2018,3180,26.1717833,-80.0886667,,,,,0.0
1950,SEFCRI,SoutheastFlorida,SEFCRI,SEFCRI,2018,3202,26.0105667,-80.0885667,AGA AGAR,AGA,Agaricia agaricites,encrusting,2.0
1951,SEFCRI,SoutheastFlorida,SEFCRI,SEFCRI,2018,3210,26.0042333,-80.0895833,,,,,0.0
1952,SEFCRI,SoutheastFlorida,SEFCRI,SEFCRI,2018,3213,26.3774833,-80.0539167,SID RADI,SIR,Siderastrea radians,encrusting,1.0
1953,SEFCRI,SoutheastFlorida,SEFCRI,SEFCRI,2018,3219,26.69196,-80.01848,MON CAVE,MOC,Montastraea cavernosa,massive,3.0
1954,SEFCRI,SoutheastFlorida,SEFCRI,SEFCRI,2018,3222,26.68975,-80.01574,,,,,0.0
1955,SEFCRI,SoutheastFlorida,SEFCRI,SEFCRI,2018,3230,26.12655,-80.0805,MON CAVE,MOC,Montastraea cavernosa,massive,1.0
1956,SEFCRI,SoutheastFlorida,SEFCRI,SEFCRI,2018,3231,25.9273,-80.0877333,MAD DECA,MDD,Madracis decactis,encrusting,1.0
1957,SEFCRI,SoutheastFlorida,SEFCRI,SEFCRI,2018,3231,25.9273,-80.0877333,MON CAVE,MOC,Montastraea cavernosa,massive,2.0
1958,SEFCRI,SoutheastFlorida,SEFCRI,SEFCRI,2018,3240,26.00312,-80.08755,STE INTE,STI,Stephanocoenia intersepta,submassive,1.0
1959,SEFCRI,SoutheastFlorida,SEFCRI,SEFCRI,2018,3241,26.2376667,-80.0658333,MON CAVE,MOC,Montastraea cavernosa,massive,1.0
1960,SEFCRI,SoutheastFlorida,SEFCRI,SEFCRI,2018,3242,25.9605833,-80.0887667,MON CAVE,MOC,Montastraea cavernosa,massive,1.0
1961,SEFCRI,SoutheastFlorida,SEFCRI,SEFCRI,2018,3243,25.809138,-80.08841,,,,,0.0
1962,SEFCRI,SoutheastFlorida,SEFCRI,SEFCRI,2018,3245,26.2818667,-80.0620667,MON CAVE,MOC,Montastraea cavernosa,massive,1.0
1963,SEFCRI,SoutheastFlorida,SEFCRI,SEFCRI,2018,3246,26.33585,-80.0586833,MON CAVE,MOC,Montastraea cavernosa,massive,1.0
1964,SEFCRI,SoutheastFlorida,SEFCRI,SEFCRI,2018,3247,26.29145,-80.0618333,,,,,0.0
1965,SEFCRI,SoutheastFlorida,SEFCRI,SEFCRI,2018,3248,26.58626,-80.02315,,,,,0.0
1966,SEFCRI,SoutheastFlorida,SEFCRI,SEFCRI,2018,3250,26.5291667,-80.0297833,MON CAVE,MOC,Montastraea cavernosa,massive,1.0
1967,SEFCRI,SoutheastFlorida,SEFCRI,SEFCRI,2018,3250,26.5291667,-80.0297833,POR ASTR,POA,Porites astreoides,submassive,1.0
1968,SEFCRI,SoutheastFlorida,SEFCRI,SEFCRI,2018,3252,26.5254167,-80.0316333,,,,,0.0
1969,SEFCRI,SoutheastFlorida,SEFCRI,SEFCRI,2018,3253,26.49137,-80.03738,POR ASTR,POA,Porites astreoides,submassive,1.0
1970,SEFCRI,SoutheastFlorida,SEFCRI,SEFCRI,2018,3254,26.5244,-80.0326833,POR PORI,POP,Porites porites,branching,3.0
1971,SEFCRI,SoutheastFlorida,SEFCRI,SEFCRI,2018,3258,26.3045333,-80.0593667,MON CAVE,MOC,Montastraea cavernosa,massive,1.0
1972,SEFCRI,SoutheastFlorida,SEFCRI,SEFCRI,2018,3258,26.3045333,-80.0593667,POR ASTR,POA,Porites astreoides,submassive,1.0
1973,SEFCRI,SoutheastFlorida,SEFCRI,SEFCRI,2018,3258,26.3045333,-80.0593667,SID SIDE,SIS,Siderastrea siderea,massive,1.0
1974,SEFCRI,SoutheastFlorida,SEFCRI,SEFCRI,2018,3262,26.82563,-80.01651,,,,,0.0
1975,SEFCRI,SoutheastFlorida,SEFCRI,SEFCRI,2018,3263,25.9626167,-80.0889167,MAD DECA,MDD,Madracis decactis,encrusting,1.0
1976,SEFCRI,SoutheastFlorida,SEFCRI,SEFCRI,2018,3266,26.1414333,-80.0773667,MAD DECA,MDD,Madracis decactis,encrusting,1.0
1977,SEFCRI,SoutheastFlorida,SEFCRI,SEFCRI,2018,3266,26.1414333,-80.0773667,MON CAVE,MOC,Montastraea cavernosa,massive,1.0
1978,SEFCRI,SoutheastFlorida,SEFCRI,SEFCRI,2018,3266,26.1414333,-80.0773667,POR ASTR,POA,Porites astreoides,submassive,1.0
1979,SEFCRI,SoutheastFlorida,SEFCRI,SEFCRI,2018,3266,26.1414333,-80.0773667,SID SIDE,SIS,Siderastrea siderea,massive,1.0
1980,SEFCRI,SoutheastFlorida,SEFCRI,SEFCRI,2018,3268,26.2696,-80.0617667,MON CAVE,MOC,Montastraea cavernosa,massive,1.0
1981,SEFCRI,SoutheastFlorida,SEFCRI,SEFCRI,2018,3268,26.2696,-80.0617667,SID SIDE,SIS,Siderastrea siderea,massive,1.0
1982,SEFCRI,SoutheastFlorida,SEFCRI,SEFCRI,2018,3269,26.64289,-80.01884,,,,,0.0
1983,SEFCRI,SoutheastFlorida,SEFCRI,SEFCRI,2018,3272,25.771581,-80.08817,POR ASTR,POA,Porites astreoides,submassive,1.0
1984,SEFCRI,SoutheastFlorida,SEFCRI,SEFCRI,2018,3278,25.7704333,-80.0876333,,,,,0.0
1985,SEFCRI,SoutheastFlorida,SEFCRI,SEFCRI,2018,3285,26.72299,-80.01913,POR ASTR,POA,Porites astreoides,submassive,1.0
1986,SEFCRI,SoutheastFlorida,SEFCRI,SEFCRI,2018,3285,26.72299,-80.01913,STE INTE,STI,Stephanocoenia intersepta,submassive,1.0
1987,SEFCRI,SoutheastFlorida,SEFCRI,SEFCRI,2018,3545,26.74408,-80.013,MAD DECA,MDD,Madracis decactis,encrusting,1.0
1988,SEFCRI,SoutheastFlorida,SEFCRI,SEFCRI,2018,3903,26.2100667,-80.0788333,,,,,0.0
1989,DRTO,DryTortugas,DRTO,Bank,2022,2064,24.66826,-83.03309,,,,,0.0
1990,DRTO,DryTortugas,DRTO,Bank,2022,2098,24.71297,-82.9954,AGA AGAR,AGA,Agaricia agaricites,encrusting,1.0
1991,DRTO,DryTortugas,DRTO,Bank,2022,2098,24.71297,-82.9954,ORB FAVE,ORF,Orbicella faveolata,massive,2.0
1992,DRTO,DryTortugas,DRTO,Bank,2022,2098,24.71297,-82.9954,ORB FRAN,ORFR,Orbicella franksi,massive,2.0
1993,DRTO,DryTortugas,DRTO,Bank,2022,2098,24.71297,-82.9954,POR ASTR,POA,Porites astreoides,submassive,1.0
1994,DRTO,DryTortugas,DRTO,Bank,2022,2098,24.71297,-82.9954,POR PORI,POP,Porites porites,branching,1.0
1995,DRTO,DryTortugas,DRTO,Bank,2022,2098,24.71297,-82.9954,SID SIDE,SIS,Siderastrea siderea,massive,1.0
1996,DRTO,DryTortugas,DRTO,Bank,2022,2104,24.70386,-82.99473,,,,,0.0
1997,DRTO,DryTortugas,DRTO,Bank,2022,2119,24.7123,-82.99663,AGA LAMA,AGL,Agaricia lamarcki,plating,1.0
1998,DRTO,DryTortugas,DRTO,Bank,2022,2119,24.7123,-82.99663,ORB FRAN,ORFR,Orbicella franksi,massive,2.0
1999,DRTO,DryTortugas,DRTO,Bank,2022,2119,24.7123,-82.99663,POR ASTR,POA,Porites astreoides,submassive,2.0
2000,DRTO,DryTortugas,DRTO,Bank,2022,2119,24.7123,-82.99663,SID SIDE,SIS,Siderastrea siderea,massive,1.0
2001,DRTO,DryTortugas,DRTO,Bank,2022,2119,24.7123,-82.99663,STE INTE,STI,Stephanocoenia intersepta,submassive,1.0
2002,DRTO,DryTortugas,DRTO,Bank,2022,2149,24.68241,-82.9855,MON CAVE,MOC,Montastraea cavernosa,massive,3.0
2003,DRTO,DryTortugas,DRTO,Bank,2022,2149,24.68241,-82.9855,ORB FAVE,ORF,Orbicella faveolata,massive,1.0
2004,DRTO,DryTortugas,DRTO,Forereef,2022,2161,24.68927,-82.78088,,,,,0.0
2005,DRTO,DryTortugas,DRTO,Forereef,2022,2163,24.6341,-82.82346,AGA AGAR,AGA,Agaricia agaricites,encrusting,1.0
2006,DRTO,DryTortugas,DRTO,Forereef,2022,2176,24.62785,-82.85894,SID SIDE,SIS,Siderastrea siderea,massive,1.0
2007,DRTO,DryTortugas,DRTO,Forereef,2022,2193,24.68833,-82.7774,POR ASTR,POA,Porites astreoides,submassive,1.0
2008,DRTO,DryTortugas,DRTO,Forereef,2022,2227,24.69204,-82.88536,POR ASTR,POA,Porites astreoides,submassive,1.0
2009,DRTO,DryTortugas,DRTO,Forereef,2022,2227,24.69204,-82.88536,POR PORI,POP,Porites porites,branching,2.0
2010,DRTO,DryTortugas,DRTO,Forereef,2022,2227,24.69204,-82.88536,SID RADI,SIR,Siderastrea radians,encrusting,1.0
2011,DRTO,DryTortugas,DRTO,Forereef,2022,2227,24.69204,-82.88536,SID SIDE,SIS,Siderastrea siderea,massive,2.0
2012,DRTO,DryTortugas,DRTO,Forereef,2022,2234,24.69638,-82.88638,SID SIDE,SIS,Siderastrea siderea,massive,1.0
2013,DRTO,DryTortugas,DRTO,Forereef,2022,2235,24.70248,-82.87181,OTH CORA,OTH,Other coral,massive,1.0
2014,DRTO,DryTortugas,DRTO,Forereef,2022,2235,24.70248,-82.87181,SOL BOUR,SOB,Solenastrea bournoni,massive,2.0
2015,DRTO,DryTortugas,DRTO,Lagoon,2022,2243,24.63763,-82.82264,AGA AGAR,AGA,Agaricia agaricites,encrusting,1.0
2016,DRTO,DryTortugas,DRTO,Lagoon,2022,2243,24.63763,-82.82264,ORB FAVE,ORF,Orbicella faveolata,massive,2.0
2017,DRTO,DryTortugas,DRTO,Lagoon,2022,2243,24.63763,-82.82264,ORB FRAN,ORFR,Orbicella franksi,massive,2.0
2018,DRTO,DryTortugas,DRTO,Lagoon,2022,2243,24.63763,-82.82264,SID SIDE,SIS,Siderastrea siderea,massive,1.0
2019,DRTO,DryTortugas,DRTO,Lagoon,2022,2243,24.63763,-82.82264,STE INTE,STI,Stephanocoenia intersepta,submassive,1.0
2020,DRTO,DryTortugas,DRTO,Lagoon,2022,2250,24.67262,-82.88888,POR PORI,POP,Porites porites,branching,1.0
2021,DRTO,DryTortugas,DRTO,Forereef,2022,2258,24.64246,-82.78976,MYC ALIC,MYA,Mycetophyllia aliciae,plating,3.0
2022,DRTO,DryTortugas,DRTO,Forereef,2022,2258,24.64246,-82.78976,ORB FAVE,ORF,Orbicella faveolata,massive,2.0
2023,DRTO,DryTortugas,DRTO,Forereef,2022,2258,24.64246,-82.78976,SID SIDE,SIS,Siderastrea siderea,massive,1.0
2024,DRTO,DryTortugas,DRTO,Forereef,2022,2258,24.64246,-82.78976,STE INTE,STI,Stephanocoenia intersepta,submassive,1.0
2025,DRTO,DryTortugas,DRTO,Forereef,2022,2298,24.62365,-82.82302,COL NATA,CON,Colpophyllia natans,massive,2.0
2026,DRTO,DryTortugas,DRTO,Forereef,2022,2298,24.62365,-82.82302,POR PORI,POP,Porites porites,branching,1.0
2027,DRTO,DryTortugas,DRTO,Forereef,2022,2298,24.62365,-82.82302,PSE STRI,PSS,Pseudodiploria strigosa,massive,1.0
2028,DRTO,DryTortugas,DRTO,Forereef,2022,2298,24.62365,-82.82302,STE INTE,STI,Stephanocoenia intersepta,submassive,1.0
2029,DRTO,DryTortugas,DRTO,Forereef,2022,2312,24.69844,-82.89117,AGA AGAR,AGA,Agaricia agaricites,encrusting,1.0
2030,DRTO,DryTortugas,DRTO,Forereef,2022,2312,24.69844,-82.89117,POR ASTR,POA,Porites astreoides,submassive,2.0
2031,DRTO,DryTortugas,DRTO,Forereef,2022,2312,24.69844,-82.89117,SID SIDE,SIS,Siderastrea siderea,massive,1.0
2032,DRTO,DryTortugas,DRTO,Lagoon,2022,2313,24.64212,-82.85712,MON CAVE,MOC,Montastraea cavernosa,massive,4.0
2033,DRTO,DryTortugas,DRTO,Lagoon,2022,2313,24.64212,-82.85712,POR ASTR,POA,Porites astreoides,submassive,3.0
2034,DRTO,DryTortugas,DRTO,Lagoon,2022,2313,24.64212,-82.85712,SID SIDE,SIS,Siderastrea siderea,massive,3.0
2035,DRTO,DryTortugas,DRTO,Lagoon,2022,2313,24.64212,-82.85712,STE INTE,STI,Stephanocoenia intersepta,submassive,2.0
2036,DRTO,DryTortugas,DRTO,Forereef,2022,2345,24.62373,-82.8255,MON CAVE,MOC,Montastraea cavernosa,massive,1.0
2037,DRTO,DryTortugas,DRTO,Forereef,2022,2345,24.62373,-82.8255,POR ASTR,POA,Porites astreoides,submassive,1.0
2038,DRTO,DryTortugas,DRTO,Forereef,2022,2345,24.62373,-82.8255,SID SIDE,SIS,Siderastrea siderea,massive,1.0
2039,DRTO,DryTortugas,DRTO,Forereef,2022,2372,24.71106,-82.84572,POR PORI,POP,Porites porites,branching,2.0
2040,DRTO,DryTortugas,DRTO,Forereef,2022,2372,24.71106,-82.84572,SID SIDE,SIS,Siderastrea siderea,massive,1.0
2041,DRTO,DryTortugas,DRTO,Forereef,2022,2378,24.64699,-82.92453,POR PORI,POP,Porites porites,branching,1.0
2042,DRTO,DryTortugas,DRTO,Lagoon,2022,2395,24.62713,-82.90962,,,,,0.0
2043,DRTO,DryTortugas,DRTO,Bank,2022,2463,24.67011,-83.0285,AGA AGAR,AGA,Agaricia agaricites,encrusting,1.0
2044,DRTO,DryTortugas,DRTO,Bank,2022,2514,24.67287,-83.02939,POR ASTR,POA,Porites astreoides,submassive,1.0
2045,DRTO,DryTortugas,DRTO,Bank,2022,2514,24.67287,-83.02939,STE INTE,STI,Stephanocoenia intersepta,submassive,1.0
2046,DRTO,DryTortugas,DRTO,Bank,2022,2515,24.68024,-83.01423,ORB FRAN,ORFR,Orbicella franksi,massive,3.0
2047,DRTO,DryTortugas,DRTO,Bank,2022,2549,24.67944,-82.98411,AGA AGAR,AGA,Agaricia agaricites,encrusting,1.0
2048,DRTO,DryTortugas,DRTO,Bank,2022,2549,24.67944,-82.98411,MON CAVE,MOC,Montastraea cavernosa,massive,1.0
2049,DRTO,DryTortugas,DRTO,Bank,2022,2549,24.67944,-82.98411,ORB FRAN,ORFR,Orbicella franksi,massive,1.0
2050,DRTO,DryTortugas,DRTO,Bank,2022,2549,24.67944,-82.98411,SID SIDE,SIS,Siderastrea siderea,massive,1.0
2051,DRTO,DryTortugas,DRTO,Bank,2022,2549,24.67944,-82.98411,STE INTE,STI,Stephanocoenia intersepta,submassive,1.0
2052,DRTO,DryTortugas,DRTO,Bank,2022,2560,24.68357,-82.98607,MON CAVE,MOC,Montastraea cavernosa,massive,2.0
2053,DRTO,DryTortugas,DRTO,Bank,2022,2560,24.68357,-82.98607,ORB FRAN,ORFR,Orbicella franksi,massive,5.0
2054,DRTO,DryTortugas,DRTO,Forereef,2022,2659,24.63975,-82.79215,MON CAVE,MOC,Montastraea cavernosa,massive,1.0
2055,DRTO,DryTortugas,DRTO,Lagoon,2022,2680,24.63934,-82.8591,MAD DECA,MDD,Madracis decactis,encrusting,1.0
2056,DRTO,DryTortugas,DRTO,Lagoon,2022,2680,24.63934,-82.8591,MON CAVE,MOC,Montastraea cavernosa,massive,1.0
2057,DRTO,DryTortugas,DRTO,Lagoon,2022,2680,24.63934,-82.8591,SID SIDE,SIS,Siderastrea siderea,massive,3.0
2058,DRTO,DryTortugas,DRTO,Lagoon,2022,2680,24.63934,-82.8591,STE INTE,STI,Stephanocoenia intersepta,submassive,1.0
2059,DRTO,DryTortugas,DRTO,Lagoon,2022,2681,24.64415,-82.85659,AGA AGAR,AGA,Agaricia agaricites,encrusting,1.0
2060,DRTO,DryTortugas,DRTO,Lagoon,2022,2681,24.64415,-82.85659,POR ASTR,POA,Porites astreoides,submassive,1.0
2061,DRTO,DryTortugas,DRTO,Lagoon,2022,2681,24.64415,-82.85659,SID SIDE,SIS,Siderastrea siderea,massive,1.0
2062,DRTO,DryTortugas,DRTO,Lagoon,2022,2681,24.64415,-82.85659,STE INTE,STI,Stephanocoenia intersepta,submassive,4.0
2063,DRTO,DryTortugas,DRTO,Forereef,2022,2773,24.64433,-82.96204,AGA AGAR,AGA,Agaricia agaricites,encrusting,1.0
2064,DRTO,DryTortugas,DRTO,Forereef,2022,2773,24.64433,-82.96204,MON CAVE,MOC,Montastraea cavernosa,massive,2.0
2065,DRTO,DryTortugas,DRTO,Forereef,2022,2773,24.64433,-82.96204,ORB FAVE,ORF,Orbicella faveolata,massive,4.0
2066,DRTO,DryTortugas,DRTO,Forereef,2022,2773,24.64433,-82.96204,POR ASTR,POA,Porites astreoides,submassive,1.0
2067,DRTO,DryTortugas,DRTO,Forereef,2022,2773,24.64433,-82.96204,STE INTE,STI,Stephanocoenia intersepta,submassive,1.0
2068,DRTO,DryTortugas,DRTO,Forereef,2022,2787,24.64516,-82.96637,MON CAVE,MOC,Montastraea cavernosa,massive,2.0
2069,DRTO,DryTortugas,DRTO,Forereef,2022,2787,24.64516,-82.96637,ORB FRAN,ORFR,Orbicella franksi,massive,2.0
2070,DRTO,DryTortugas,DRTO,Forereef,2022,2787,24.64516,-82.96637,POR ASTR,POA,Porites astreoides,submassive,1.0
2071,DRTO,DryTortugas,DRTO,Forereef,2022,2787,24.64516,-82.96637,STE INTE,STI,Stephanocoenia intersepta,submassive,2.0
2072,DRTO,DryTortugas,DRTO,Forereef,2022,2794,24.64269,-82.95994,MAD DECA,MDD,Madracis decactis,encrusting,1.0
2073,DRTO,DryTortugas,DRTO,Forereef,2022,2794,24.64269,-82.95994,MON CAVE,MOC,Montastraea cavernosa,massive,4.0
2074,DRTO,DryTortugas,DRTO,Forereef,2022,2794,24.64269,-82.95994,ORB FRAN,ORFR,Orbicella franksi,massive,2.0
2075,DRTO,DryTortugas,DRTO,Forereef,2022,2794,24.64269,-82.95994,POR ASTR,POA,Porites astreoides,submassive,5.0
2076,DRTO,DryTortugas,DRTO,Forereef,2022,2794,24.64269,-82.95994,SID SIDE,SIS,Siderastrea siderea,massive,2.0
2077,DRTO,DryTortugas,DRTO,Forereef,2022,2794,24.64269,-82.95994,STE INTE,STI,Stephanocoenia intersepta,submassive,2.0
2078,DRTO,DryTortugas,DRTO,Bank,2024,2009,24.60743,-83.06774,MON CAVE,MOC,Montastraea cavernosa,massive,1.0
2079,DRTO,DryTortugas,DRTO,Bank,2024,2009,24.60743,-83.06774,POR ASTR,POA,Porites astreoides,submassive,1.0
2080,DRTO,DryTortugas,DRTO,Bank,2024,2009,24.60743,-83.06774,SID RADI,SIR,Siderastrea radians,encrusting,1.0
2081,DRTO,DryTortugas,DRTO,Bank,2024,2009,24.60743,-83.06774,STE INTE,STI,Stephanocoenia intersepta,submassive,3.0
2082,DRTO,DryTortugas,DRTO,Bank,2024,2013,24.63868,-83.03553,AGA AGAR,AGA,Agaricia agaricites,encrusting,1.0
2083,DRTO,DryTortugas,DRTO,Bank,2024,2013,24.63868,-83.03553,MON CAVE,MOC,Montastraea cavernosa,massive,1.0
2084,DRTO,DryTortugas,DRTO,Bank,2024,2013,24.63868,-83.03553,SID SIDE,SIS,Siderastrea siderea,massive,1.0
2085,DRTO,DryTortugas,DRTO,Bank,2024,2013,24.63868,-83.03553,STE INTE,STI,Stephanocoenia intersepta,submassive,1.0
2086,DRTO,DryTortugas,DRTO,Bank,2024,2014,24.63459,-83.03167,SID RADI,SIR,Siderastrea radians,encrusting,1.0
2087,DRTO,DryTortugas,DRTO,Bank,2024,2019,24.60688,-83.07145,MEA MEAN,MEM,Meandrina meandrites,massive,1.0
2088,DRTO,DryTortugas,DRTO,Bank,2024,2019,24.60688,-83.07145,MON CAVE,MOC,Montastraea cavernosa,massive,1.0
2089,DRTO,DryTortugas,DRTO,Bank,2024,2019,24.60688,-83.07145,STE INTE,STI,Stephanocoenia intersepta,submassive,1.0
2090,DRTO,DryTortugas,DRTO,Bank,2024,2025,24.63077,-83.05672,SID SIDE,SIS,Siderastrea siderea,massive,1.0
2091,DRTO,DryTortugas,DRTO,Bank,2024,2033,24.62643,-83.09128,,,,,0.0
2092,DRTO,DryTortugas,DRTO,Bank,2024,2042,24.64159,-83.02113,MON CAVE,MOC,Montastraea cavernosa,massive,1.0
2093,DRTO,DryTortugas,DRTO,Bank,2024,2042,24.64159,-83.02113,POR ASTR,POA,Porites astreoides,submassive,1.0
2094,DRTO,DryTortugas,DRTO,Bank,2024,2042,24.64159,-83.02113,SID SIDE,SIS,Siderastrea siderea,massive,1.0
2095,DRTO,DryTortugas,DRTO,Bank,2024,2045,24.62676,-83.09663,,,,,0.0
2096,DRTO,DryTortugas,DRTO,Bank,2024,2052,24.64256,-83.01114,AGA AGAR,AGA,Agaricia agaricites,encrusting,1.0
2097,DRTO,DryTortugas,DRTO,Bank,2024,2052,24.64256,-83.01114,MON CAVE,MOC,Montastraea cavernosa,massive,3.0
2098,DRTO,DryTortugas,DRTO,Bank,2024,2052,24.64256,-83.01114,ORB FRAN,ORFR,Orbicella franksi,massive,4.0
2099,DRTO,DryTortugas,DRTO,Bank,2024,2052,24.64256,-83.01114,POR ASTR,POA,Porites astreoides,submassive,3.0
2100,DRTO,DryTortugas,DRTO,Bank,2024,2052,24.64256,-83.01114,STE INTE,STI,Stephanocoenia intersepta,submassive,1.0
2101,DRTO,DryTortugas,DRTO,Bank,2024,2060,24.66148,-83.04208,,,,,0.0
2102,DRTO,DryTortugas,DRTO,Bank,2024,2062,24.66036,-83.04504,SID SIDE,SIS,Siderastrea siderea,massive,1.0
2103,DRTO,DryTortugas,DRTO,Bank,2024,2063,24.69608,-82.9994,AGA LAMA,AGL,Agaricia lamarcki,plating,2.0
2104,DRTO,DryTortugas,DRTO,Bank,2024,2063,24.69608,-82.9994,MON CAVE,MOC,Montastraea cavernosa,massive,2.0
2105,DRTO,DryTortugas,DRTO,Bank,2024,2063,24.69608,-82.9994,POR ASTR,POA,Porites astreoides,submassive,2.0
2106,DRTO,DryTortugas,DRTO,Bank,2024,2063,24.69608,-82.9994,SID SIDE,SIS,Siderastrea siderea,massive,3.0
2107,DRTO,DryTortugas,DRTO,Bank,2024,2073,24.65114,-83.05902,,,,,0.0
2108,DRTO,DryTortugas,DRTO,Bank,2024,2078,24.65587,-83.09766,AGA AGAR,AGA,Agaricia agaricites,encrusting,3.0
2109,DRTO,DryTortugas,DRTO,Bank,2024,2078,24.65587,-83.09766,ORB FAVE,ORF,Orbicella faveolata,massive,2.0
2110,DRTO,DryTortugas,DRTO,Bank,2024,2078,24.65587,-83.09766,ORB FRAN,ORFR,Orbicella franksi,massive,2.0
2111,DRTO,DryTortugas,DRTO,Bank,2024,2078,24.65587,-83.09766,POR ASTR,POA,Porites astreoides,submassive,4.0
2112,DRTO,DryTortugas,DRTO,Bank,2024,2078,24.65587,-83.09766,SID SIDE,SIS,Siderastrea siderea,massive,2.0
2113,DRTO,DryTortugas,DRTO,Bank,2024,2088,24.65226,-83.05692,,,,,0.0
2114,DRTO,DryTortugas,DRTO,Bank,2024,2090,24.70999,-82.99646,POR ASTR,POA,Porites astreoides,submassive,2.0
2115,DRTO,DryTortugas,DRTO,Bank,2024,2090,24.70999,-82.99646,SID SIDE,SIS,Siderastrea siderea,massive,1.0
2116,DRTO,DryTortugas,DRTO,Bank,2024,2093,24.67821,-83.06241,AGA LAMA,AGL,Agaricia lamarcki,plating,7.0
2117,DRTO,DryTortugas,DRTO,Bank,2024,2093,24.67821,-83.06241,POR ASTR,POA,Porites astreoides,submassive,2.0
2118,DRTO,DryTortugas,DRTO,Bank,2024,2096,24.65481,-83.08033,AGA LAMA,AGL,Agaricia lamarcki,plating,1.0
2119,DRTO,DryTortugas,DRTO,Bank,2024,2096,24.65481,-83.08033,POR ASTR,POA,Porites astreoides,submassive,1.0
2120,DRTO,DryTortugas,DRTO,Bank,2024,2097,24.68477,-83.05033,AGA HUMI,AGH,Agaricia humilis,encrusting,2.0
2121,DRTO,DryTortugas,DRTO,Bank,2024,2097,24.68477,-83.05033,MON CAVE,MOC,Montastraea cavernosa,massive,7.0
2122,DRTO,DryTortugas,DRTO,Bank,2024,2097,24.68477,-83.05033,ORB FRAN,ORFR,Orbicella franksi,massive,1.0
2123,DRTO,DryTortugas,DRTO,Bank,2024,2097,24.68477,-83.05033,POR ASTR,POA,Porites astreoides,submassive,1.0
2124,DRTO,DryTortugas,DRTO,Bank,2024,2097,24.68477,-83.05033,SID SIDE,SIS,Siderastrea siderea,massive,1.0
2125,DRTO,DryTortugas,DRTO,Bank,2024,2098,24.67431,-83.08346,AGA HUMI,AGH,Agaricia humilis,encrusting,3.0
2126,DRTO,DryTortugas,DRTO,Bank,2024,2098,24.67431,-83.08346,ORB FAVE,ORF,Orbicella faveolata,massive,1.0
2127,DRTO,DryTortugas,DRTO,Bank,2024,2098,24.67431,-83.08346,ORB FRAN,ORFR,Orbicella franksi,massive,1.0
2128,DRTO,DryTortugas,DRTO,Bank,2024,2098,24.67431,-83.08346,POR ASTR,POA,Porites astreoides,submassive,2.0
2129,DRTO,DryTortugas,DRTO,Bank,2024,2098,24.67431,-83.08346,SID SIDE,SIS,Siderastrea siderea,massive,7.0
2130,DRTO,DryTortugas,DRTO,Bank,2024,2098,24.67431,-83.08346,STE INTE,STI,Stephanocoenia intersepta,submassive,1.0
2131,DRTO,DryTortugas,DRTO,Bank,2024,2103,24.65566,-83.09537,AGA HUMI,AGH,Agaricia humilis,encrusting,1.0
2132,DRTO,DryTortugas,DRTO,Bank,2024,2103,24.65566,-83.09537,MON CAVE,MOC,Montastraea cavernosa,massive,1.0
2133,DRTO,DryTortugas,DRTO,Bank,2024,2103,24.65566,-83.09537,POR ASTR,POA,Porites astreoides,submassive,2.0
2134,DRTO,DryTortugas,DRTO,Bank,2024,2103,24.65566,-83.09537,POR SPE.,PORS,Porites spp,submassive,1.0
2135,DRTO,DryTortugas,DRTO,Bank,2024,2103,24.65566,-83.09537,SID SIDE,SIS,Siderastrea siderea,massive,1.0
2136,DRTO,DryTortugas,DRTO,Bank,2024,2107,24.67739,-83.05445,POR ASTR,POA,Porites astreoides,submassive,1.0
2137,DRTO,DryTortugas,DRTO,Bank,2024,2112,24.65828,-83.08317,POR ASTR,POA,Porites astreoides,submassive,1.0
2138,DRTO,DryTortugas,DRTO,Bank,2024,2112,24.65828,-83.08317,SID SIDE,SIS,Siderastrea siderea,massive,2.0
2139,DRTO,DryTortugas,DRTO,Bank,2024,2112,24.65828,-83.08317,STE INTE,STI,Stephanocoenia intersepta,submassive,1.0
2140,DRTO,DryTortugas,DRTO,Bank,2024,2116,24.68768,-83.02735,,,,,0.0
2141,DRTO,DryTortugas,DRTO,Bank,2024,2117,24.68572,-83.03098,MON CAVE,MOC,Montastraea cavernosa,massive,2.0
2142,DRTO,DryTortugas,DRTO,Bank,2024,2117,24.68572,-83.03098,SID SIDE,SIS,Siderastrea siderea,massive,2.0
2143,DRTO,DryTortugas,DRTO,Bank,2024,2118,24.68554,-83.00148,MON CAVE,MOC,Montastraea cavernosa,massive,1.0
2144,DRTO,DryTortugas,DRTO,Bank,2024,2118,24.68554,-83.00148,POR ASTR,POA,Porites astreoides,submassive,1.0
2145,DRTO,DryTortugas,DRTO,Bank,2024,2120,24.69492,-83.00926,MON CAVE,MOC,Montastraea cavernosa,massive,2.0
2146,DRTO,DryTortugas,DRTO,Bank,2024,2120,24.69492,-83.00926,POR ASTR,POA,Porites astreoides,submassive,2.0
2147,DRTO,DryTortugas,DRTO,Bank,2024,2120,24.69492,-83.00926,SID SIDE,SIS,Siderastrea siderea,massive,1.0
2148,DRTO,DryTortugas,DRTO,Bank,2024,2120,24.69492,-83.00926,STE INTE,STI,Stephanocoenia intersepta,submassive,1.0
2149,DRTO,DryTortugas,DRTO,Bank,2024,2123,24.70373,-83.02944,MON CAVE,MOC,Montastraea cavernosa,massive,1.0
2150,DRTO,DryTortugas,DRTO,Bank,2024,2123,24.70373,-83.02944,ORB FAVE,ORF,Orbicella faveolata,massive,6.0
2151,DRTO,DryTortugas,DRTO,Bank,2024,2123,24.70373,-83.02944,ORB FRAN,ORFR,Orbicella franksi,massive,4.0
2152,DRTO,DryTortugas,DRTO,Bank,2024,2123,24.70373,-83.02944,POR ASTR,POA,Porites astreoides,submassive,2.0
2153,DRTO,DryTortugas,DRTO,Bank,2024,2123,24.70373,-83.02944,POR PORI,POP,Porites porites,branching,1.0
2154,DRTO,DryTortugas,DRTO,Bank,2024,2123,24.70373,-83.02944,SID SIDE,SIS,Siderastrea siderea,massive,1.0
2155,DRTO,DryTortugas,DRTO,Bank,2024,2125,24.68087,-82.98912,AGA LAMA,AGL,Agaricia lamarcki,plating,6.0
2156,DRTO,DryTortugas,DRTO,Bank,2024,2125,24.68087,-82.98912,ORB FAVE,ORF,Orbicella faveolata,massive,5.0
2157,DRTO,DryTortugas,DRTO,Bank,2024,2125,24.68087,-82.98912,POR ASTR,POA,Porites astreoides,submassive,1.0
2158,DRTO,DryTortugas,DRTO,Bank,2024,2125,24.68087,-82.98912,STE INTE,STI,Stephanocoenia intersepta,submassive,1.0
2159,DRTO,DryTortugas,DRTO,Bank,2024,2126,24.68685,-83.05731,AGA AGAR,AGA,Agaricia agaricites,encrusting,1.0
2160,DRTO,DryTortugas,DRTO,Bank,2024,2126,24.68685,-83.05731,AGA LAMA,AGL,Agaricia lamarcki,plating,3.0
2161,DRTO,DryTortugas,DRTO,Bank,2024,2126,24.68685,-83.05731,ORB FAVE,ORF,Orbicella faveolata,massive,1.0
2162,DRTO,DryTortugas,DRTO,Bank,2024,2126,24.68685,-83.05731,ORB FRAN,ORFR,Orbicella franksi,massive,8.0
2163,DRTO,DryTortugas,DRTO,Bank,2024,2126,24.68685,-83.05731,POR ASTR,POA,Porites astreoides,submassive,2.0
2164,DRTO,DryTortugas,DRTO,Bank,2024,2126,24.68685,-83.05731,SID SIDE,SIS,Siderastrea siderea,massive,2.0
2165,DRTO,DryTortugas,DRTO,Bank,2024,2126,24.68685,-83.05731,STE INTE,STI,Stephanocoenia intersepta,submassive,1.0
2166,DRTO,DryTortugas,DRTO,Bank,2024,2128,24.68299,-83.00072,,,,,0.0
2167,DRTO,DryTortugas,DRTO,Bank,2024,2131,24.65298,-83.01712,ORB FAVE,ORF,Orbicella faveolata,massive,1.0
2168,DRTO,DryTortugas,DRTO,Bank,2024,2131,24.65298,-83.01712,POR ASTR,POA,Porites astreoides,submassive,2.0
2169,DRTO,DryTortugas,DRTO,Bank,2024,2131,24.65298,-83.01712,SID RADI,SIR,Siderastrea radians,encrusting,3.0
2170,DRTO,DryTortugas,DRTO,Bank,2024,2131,24.65298,-83.01712,SID SIDE,SIS,Siderastrea siderea,massive,1.0
2171,DRTO,DryTortugas,DRTO,Bank,2024,2134,24.6942,-83.00159,,,,,0.0
2172,DRTO,DryTortugas,DRTO,Bank,2024,2142,24.68701,-83.05188,AGA AGAR,AGA,Agaricia agaricites,encrusting,1.0
2173,DRTO,DryTortugas,DRTO,Bank,2024,2142,24.68701,-83.05188,ORB FRAN,ORFR,Orbicella franksi,massive,3.0
2174,DRTO,DryTortugas,DRTO,Bank,2024,2142,24.68701,-83.05188,SID SIDE,SIS,Siderastrea siderea,massive,1.0
2175,DRTO,DryTortugas,DRTO,Bank,2024,2142,24.68701,-83.05188,STE INTE,STI,Stephanocoenia intersepta,submassive,1.0
2176,DRTO,DryTortugas,DRTO,Bank,2024,2143,24.69374,-83.05856,AGA AGAR,AGA,Agaricia agaricites,encrusting,1.0
2177,DRTO,DryTortugas,DRTO,Bank,2024,2143,24.69374,-83.05856,ORB FAVE,ORF,Orbicella faveolata,massive,10.0
2178,DRTO,DryTortugas,DRTO,Bank,2024,2143,24.69374,-83.05856,ORB FRAN,ORFR,Orbicella franksi,massive,7.0
2179,DRTO,DryTortugas,DRTO,Bank,2024,2143,24.69374,-83.05856,SID SIDE,SIS,Siderastrea siderea,massive,1.0
2180,DRTO,DryTortugas,DRTO,Bank,2024,2145,24.65847,-83.00864,COL NATA,CON,Colpophyllia natans,massive,2.0
2181,DRTO,DryTortugas,DRTO,Bank,2024,2145,24.65847,-83.00864,MON CAVE,MOC,Montastraea cavernosa,massive,7.0
2182,DRTO,DryTortugas,DRTO,Bank,2024,2145,24.65847,-83.00864,ORB FRAN,ORFR,Orbicella franksi,massive,2.0
2183,DRTO,DryTortugas,DRTO,Bank,2024,2145,24.65847,-83.00864,POR ASTR,POA,Porites astreoides,submassive,2.0
2184,DRTO,DryTortugas,DRTO,Bank,2024,2151,24.67804,-82.99182,MAD DECA,MDD,Madracis decactis,encrusting,2.0
2185,DRTO,DryTortugas,DRTO,Bank,2024,2151,24.67804,-82.99182,MON CAVE,MOC,Montastraea cavernosa,massive,1.0
2186,DRTO,DryTortugas,DRTO,Bank,2024,2151,24.67804,-82.99182,SID SIDE,SIS,Siderastrea siderea,massive,1.0
2187,DRTO,DryTortugas,DRTO,Bank,2024,2153,24.67854,-83.03563,ORB FAVE,ORF,Orbicella faveolata,massive,6.0
2188,DRTO,DryTortugas,DRTO,Bank,2024,2153,24.67854,-83.03563,ORB FRAN,ORFR,Orbicella franksi,massive,2.0
2189,DRTO,DryTortugas,DRTO,Bank,2024,2153,24.67854,-83.03563,POR ASTR,POA,Porites astreoides,submassive,3.0
2190,DRTO,DryTortugas,DRTO,Bank,2024,2153,24.67854,-83.03563,SID SIDE,SIS,Siderastrea siderea,massive,5.0
2191,DRTO,DryTortugas,DRTO,Bank,2024,2155,24.70698,-83.03882,MYC FERO,MYF,Mycetophyllia ferox,plating,1.0
2192,DRTO,DryTortugas,DRTO,Bank,2024,2155,24.70698,-83.03882,ORB FAVE,ORF,Orbicella faveolata,massive,12.0
2193,DRTO,DryTortugas,DRTO,Bank,2024,2155,24.70698,-83.03882,POR ASTR,POA,Porites astreoides,submassive,2.0
2194,DRTO,DryTortugas,DRTO,Bank,2024,2155,24.70698,-83.03882,SID SIDE,SIS,Siderastrea siderea,massive,1.0
2195,DRTO,DryTortugas,DRTO,Forereef,2024,2156,24.71191,-82.85581,MON CAVE,MOC,Montastraea cavernosa,massive,3.0
2196,DRTO,DryTortugas,DRTO,Forereef,2024,2156,24.71191,-82.85581,MUS ANGU,MUA,Mussa angulosa,submassive,1.0
2197,DRTO,DryTortugas,DRTO,Forereef,2024,2156,24.71191,-82.85581,SID SIDE,SIS,Siderastrea siderea,massive,1.0
2198,DRTO,DryTortugas,DRTO,Forereef,2024,2157,24.5938,-82.88319,PSE STRI,PSS,Pseudodiploria strigosa,massive,1.0
2199,DRTO,DryTortugas,DRTO,Forereef,2024,2157,24.5938,-82.88319,SID SIDE,SIS,Siderastrea siderea,massive,2.0
2200,DRTO,DryTortugas,DRTO,Forereef,2024,2159,24.59591,-82.87217,STE INTE,STI,Stephanocoenia intersepta,submassive,1.0
2201,DRTO,DryTortugas,DRTO,Forereef,2024,2172,24.67649,-82.78424,SID SIDE,SIS,Siderastrea siderea,massive,2.0
2202,DRTO,DryTortugas,DRTO,Lagoon,2024,2176,24.67485,-82.82611,POR ASTR,POA,Porites astreoides,submassive,1.0
2203,DRTO,DryTortugas,DRTO,Lagoon,2024,2176,24.67485,-82.82611,SID SIDE,SIS,Siderastrea siderea,massive,6.0
2204,DRTO,DryTortugas,DRTO,Lagoon,2024,2176,24.67485,-82.82611,STE INTE,STI,Stephanocoenia intersepta,submassive,1.0
2205,DRTO,DryTortugas,DRTO,Forereef,2024,2180,24.63558,-82.93727,SID SIDE,SIS,Siderastrea siderea,massive,2.0
2206,DRTO,DryTortugas,DRTO,Forereef,2024,2185,24.71633,-82.83067,DIP LABY,DIL,Diploria labyrinthiformis,massive,1.0
2207,DRTO,DryTortugas,DRTO,Lagoon,2024,2188,24.65718,-82.86834,PSE STRI,PSS,Pseudodiploria strigosa,massive,1.0
2208,DRTO,DryTortugas,DRTO,Lagoon,2024,2188,24.65718,-82.86834,SID SIDE,SIS,Siderastrea siderea,massive,2.0
2209,DRTO,DryTortugas,DRTO,Lagoon,2024,2189,24.65585,-82.84674,ORB FAVE,ORF,Orbicella faveolata,massive,2.0
2210,DRTO,DryTortugas,DRTO,Lagoon,2024,2189,24.65585,-82.84674,POR ASTR,POA,Porites astreoides,submassive,1.0
2211,DRTO,DryTortugas,DRTO,Forereef,2024,2213,24.61335,-82.97411,POR ASTR,POA,Porites astreoides,submassive,1.0
2212,DRTO,DryTortugas,DRTO,Forereef,2024,2221,24.66866,-82.7781,MON CAVE,MOC,Montastraea cavernosa,massive,1.0
2213,DRTO,DryTortugas,DRTO,Forereef,2024,2221,24.66866,-82.7781,SID SIDE,SIS,Siderastrea siderea,massive,1.0
2214,DRTO,DryTortugas,DRTO,Forereef,2024,2223,24.72026,-82.87416,,,,,0.0
2215,DRTO,DryTortugas,DRTO,Forereef,2024,2224,24.71664,-82.85843,STE INTE,STI,Stephanocoenia intersepta,submassive,1.0
2216,DRTO,DryTortugas,DRTO,Forereef,2024,2225,24.64416,-82.9441,ORB FRAN,ORFR,Orbicella franksi,massive,3.0
2217,DRTO,DryTortugas,DRTO,Forereef,2024,2225,24.64416,-82.9441,SID SIDE,SIS,Siderastrea siderea,massive,1.0
2218,DRTO,DryTortugas,DRTO,Forereef,2024,2226,24.63493,-82.94313,STE INTE,STI,Stephanocoenia intersepta,submassive,2.0
2219,DRTO,DryTortugas,DRTO,Forereef,2024,2230,24.64749,-82.78687,ORB FAVE,ORF,Orbicella faveolata,massive,3.0
2220,DRTO,DryTortugas,DRTO,Forereef,2024,2232,24.5666,-82.93129,SID RADI,SIR,Siderastrea radians,encrusting,1.0
2221,DRTO,DryTortugas,DRTO,Forereef,2024,2236,24.71634,-82.85461,MON CAVE,MOC,Montastraea cavernosa,massive,3.0
2222,DRTO,DryTortugas,DRTO,Forereef,2024,2236,24.71634,-82.85461,ORB FAVE,ORF,Orbicella faveolata,massive,2.0
2223,DRTO,DryTortugas,DRTO,Forereef,2024,2242,24.68916,-82.90423,SID SIDE,SIS,Siderastrea siderea,massive,1.0
2224,DRTO,DryTortugas,DRTO,Lagoon,2024,2244,24.65071,-82.8565,SID SIDE,SIS,Siderastrea siderea,massive,1.0
2225,DRTO,DryTortugas,DRTO,Forereef,2024,2252,24.60625,-82.93325,MON CAVE,MOC,Montastraea cavernosa,massive,1.0
2226,DRTO,DryTortugas,DRTO,Forereef,2024,2252,24.60625,-82.93325,POR PORI,POP,Porites porites,branching,2.0
2227,DRTO,DryTortugas,DRTO,Forereef,2024,2252,24.60625,-82.93325,SID SIDE,SIS,Siderastrea siderea,massive,2.0
2228,DRTO,DryTortugas,DRTO,Forereef,2024,2265,24.72378,-82.78951,POR ASTR,POA,Porites astreoides,submassive,1.0
2229,DRTO,DryTortugas,DRTO,Forereef,2024,2265,24.72378,-82.78951,STE INTE,STI,Stephanocoenia intersepta,submassive,1.0
2230,DRTO,DryTortugas,DRTO,Forereef,2024,2266,24.59871,-82.99583,AGA LAMA,AGL,Agaricia lamarcki,plating,2.0
2231,DRTO,DryTortugas,DRTO,Forereef,2024,2274,24.71058,-82.87114,SID SIDE,SIS,Siderastrea siderea,massive,1.0
2232,DRTO,DryTortugas,DRTO,Forereef,2024,2275,24.70988,-82.87802,ORB FAVE,ORF,Orbicella faveolata,massive,7.0
2233,DRTO,DryTortugas,DRTO,Forereef,2024,2275,24.70988,-82.87802,POR ASTR,POA,Porites astreoides,submassive,1.0
2234,DRTO,DryTortugas,DRTO,Forereef,2024,2279,24.64957,-82.93021,,,,,0.0
2235,DRTO,DryTortugas,DRTO,Lagoon,2024,2280,24.66101,-82.84899,MON CAVE,MOC,Montastraea cavernosa,massive,1.0
2236,DRTO,DryTortugas,DRTO,Lagoon,2024,2280,24.66101,-82.84899,SID SIDE,SIS,Siderastrea siderea,massive,1.0
2237,DRTO,DryTortugas,DRTO,Forereef,2024,2286,24.648,-82.9367,SID SIDE,SIS,Siderastrea siderea,massive,2.0
2238,DRTO,DryTortugas,DRTO,Forereef,2024,2292,24.64623,-82.93567,,,,,0.0
2239,DRTO,DryTortugas,DRTO,Forereef,2024,2295,24.60478,-82.94211,COL NATA,CON,Colpophyllia natans,massive,3.0
2240,DRTO,DryTortugas,DRTO,Forereef,2024,2295,24.60478,-82.94211,ORB FRAN,ORFR,Orbicella franksi,massive,1.0
2241,DRTO,DryTortugas,DRTO,Forereef,2024,2295,24.60478,-82.94211,SID SIDE,SIS,Siderastrea siderea,massive,3.0
2242,DRTO,DryTortugas,DRTO,Forereef,2024,2295,24.60478,-82.94211,STE INTE,STI,Stephanocoenia intersepta,submassive,1.0
2243,DRTO,DryTortugas,DRTO,Forereef,2024,2309,24.72274,-82.82286,AGA LAMA,AGL,Agaricia lamarcki,plating,3.0
2244,DRTO,DryTortugas,DRTO,Forereef,2024,2309,24.72274,-82.82286,MON CAVE,MOC,Montastraea cavernosa,massive,1.0
2245,DRTO,DryTortugas,DRTO,Forereef,2024,2309,24.72274,-82.82286,ORB FAVE,ORF,Orbicella faveolata,massive,3.0
2246,DRTO,DryTortugas,DRTO,Forereef,2024,2309,24.72274,-82.82286,ORB FRAN,ORFR,Orbicella franksi,massive,5.0
2247,DRTO,DryTortugas,DRTO,Forereef,2024,2309,24.72274,-82.82286,POR ASTR,POA,Porites astreoides,submassive,1.0
2248,DRTO,DryTortugas,DRTO,Forereef,2024,2309,24.72274,-82.82286,POR PORI,POP,Porites porites,branching,1.0
2249,DRTO,DryTortugas,DRTO,Forereef,2024,2309,24.72274,-82.82286,SID RADI,SIR,Siderastrea radians,encrusting,1.0
2250,DRTO,DryTortugas,DRTO,Forereef,2024,2309,24.72274,-82.82286,STE INTE,STI,Stephanocoenia intersepta,submassive,2.0
2251,DRTO,DryTortugas,DRTO,Forereef,2024,2312,24.72013,-82.87732,MON CAVE,MOC,Montastraea cavernosa,massive,6.0
2252,DRTO,DryTortugas,DRTO,Forereef,2024,2312,24.72013,-82.87732,STE INTE,STI,Stephanocoenia intersepta,submassive,1.0
2253,DRTO,DryTortugas,DRTO,Forereef,2024,2319,24.63029,-82.96872,,,,,0.0
2254,DRTO,DryTortugas,DRTO,Forereef,2024,2328,24.6049,-82.99445,ORB FRAN,ORFR,Orbicella franksi,massive,3.0
2255,DRTO,DryTortugas,DRTO,Forereef,2024,2328,24.6049,-82.99445,POR ASTR,POA,Porites astreoides,submassive,1.0
2256,DRTO,DryTortugas,DRTO,Forereef,2024,2332,24.60057,-82.99573,MON CAVE,MOC,Montastraea cavernosa,massive,1.0
2257,DRTO,DryTortugas,DRTO,Forereef,2024,2335,24.64061,-82.96677,AGA LAMA,AGL,Agaricia lamarcki,plating,4.0
2258,DRTO,DryTortugas,DRTO,Forereef,2024,2335,24.64061,-82.96677,MON CAVE,MOC,Montastraea cavernosa,massive,4.0
2259,DRTO,DryTortugas,DRTO,Forereef,2024,2335,24.64061,-82.96677,ORB FAVE,ORF,Orbicella faveolata,massive,3.0
2260,DRTO,DryTortugas,DRTO,Forereef,2024,2335,24.64061,-82.96677,ORB FRAN,ORFR,Orbicella franksi,massive,2.0
2261,DRTO,DryTortugas,DRTO,Forereef,2024,2335,24.64061,-82.96677,SID SIDE,SIS,Siderastrea siderea,massive,1.0
2262,DRTO,DryTortugas,DRTO,Forereef,2024,2338,24.72263,-82.77508,MON CAVE,MOC,Montastraea cavernosa,massive,1.0
2263,DRTO,DryTortugas,DRTO,Forereef,2024,2341,24.72167,-82.77713,SID SIDE,SIS,Siderastrea siderea,massive,2.0
2264,DRTO,DryTortugas,DRTO,Forereef,2024,2341,24.72167,-82.77713,STE INTE,STI,Stephanocoenia intersepta,submassive,1.0
2265,DRTO,DryTortugas,DRTO,Forereef,2024,2356,24.70541,-82.77323,AGA HUMI,AGH,Agaricia humilis,encrusting,2.0
2266,DRTO,DryTortugas,DRTO,Forereef,2024,2356,24.70541,-82.77323,AGA LAMA,AGL,Agaricia lamarcki,plating,1.0
2267,DRTO,DryTortugas,DRTO,Forereef,2024,2356,24.70541,-82.77323,MON CAVE,MOC,Montastraea cavernosa,massive,3.0
2268,DRTO,DryTortugas,DRTO,Forereef,2024,2356,24.70541,-82.77323,ORB FRAN,ORFR,Orbicella franksi,massive,2.0
2269,DRTO,DryTortugas,DRTO,Forereef,2024,2356,24.70541,-82.77323,POR ASTR,POA,Porites astreoides,submassive,2.0
2270,DRTO,DryTortugas,DRTO,Forereef,2024,2356,24.70541,-82.77323,SID SIDE,SIS,Siderastrea siderea,massive,7.0
2271,DRTO,DryTortugas,DRTO,Forereef,2024,2356,24.70541,-82.77323,STE INTE,STI,Stephanocoenia intersepta,submassive,3.0
2272,DRTO,DryTortugas,DRTO,Bank,2024,2381,24.62725,-83.0933,MAD DECA,MDD,Madracis decactis,encrusting,2.0
2273,DRTO,DryTortugas,DRTO,Bank,2024,2382,24.62069,-83.05999,,,,,0.0
2274,DRTO,DryTortugas,DRTO,Bank,2024,2408,24.59936,-83.04881,POR ASTR,POA,Porites astreoides,submassive,1.0
2275,DRTO,DryTortugas,DRTO,Bank,2024,2408,24.59936,-83.04881,SID SIDE,SIS,Siderastrea siderea,massive,5.0
2276,DRTO,DryTortugas,DRTO,Bank,2024,2417,24.60067,-83.04608,MAD FORM,MDF,Madracis formosa,branching,2.0
2277,DRTO,DryTortugas,DRTO,Bank,2024,2417,24.60067,-83.04608,MON CAVE,MOC,Montastraea cavernosa,massive,1.0
2278,DRTO,DryTortugas,DRTO,Bank,2024,2477,24.69244,-83.00846,DIC STOK,DCS,Dichocoenia stokesii,massive,1.0
2279,DRTO,DryTortugas,DRTO,Bank,2024,2477,24.69244,-83.00846,POR ASTR,POA,Porites astreoides,submassive,1.0
2280,DRTO,DryTortugas,DRTO,Bank,2024,2477,24.69244,-83.00846,SID SIDE,SIS,Siderastrea siderea,massive,2.0
2281,DRTO,DryTortugas,DRTO,Bank,2024,2477,24.69244,-83.00846,STE INTE,STI,Stephanocoenia intersepta,submassive,1.0
2282,DRTO,DryTortugas,DRTO,Bank,2024,2480,24.68398,-82.99115,,,,,0.0
2283,DRTO,DryTortugas,DRTO,Bank,2024,2515,24.70646,-83.03259,AGA LAMA,AGL,Agaricia lamarcki,plating,1.0
2284,DRTO,DryTortugas,DRTO,Bank,2024,2515,24.70646,-83.03259,MON CAVE,MOC,Montastraea cavernosa,massive,3.0
2285,DRTO,DryTortugas,DRTO,Bank,2024,2515,24.70646,-83.03259,ORB FAVE,ORF,Orbicella faveolata,massive,10.0
2286,DRTO,DryTortugas,DRTO,Bank,2024,2515,24.70646,-83.03259,ORB FRAN,ORFR,Orbicella franksi,massive,2.0
2287,DRTO,DryTortugas,DRTO,Bank,2024,2515,24.70646,-83.03259,POR ASTR,POA,Porites astreoides,submassive,3.0
2288,DRTO,DryTortugas,DRTO,Bank,2024,2515,24.70646,-83.03259,SID SIDE,SIS,Siderastrea siderea,massive,2.0
2289,DRTO,DryTortugas,DRTO,Forereef,2024,2532,24.70952,-82.79598,SID RADI,SIR,Siderastrea radians,encrusting,1.0
2290,DRTO,DryTortugas,DRTO,Forereef,2024,2532,24.70952,-82.79598,SID SIDE,SIS,Siderastrea siderea,massive,1.0
2291,DRTO,DryTortugas,DRTO,Forereef,2024,2540,24.70557,-82.78653,SID SIDE,SIS,Siderastrea siderea,massive,1.0
2292,DRTO,DryTortugas,DRTO,Forereef,2024,2550,24.64024,-82.93048,ORB FAVE,ORF,Orbicella faveolata,massive,4.0
2293,DRTO,DryTortugas,DRTO,Forereef,2024,2550,24.64024,-82.93048,POR ASTR,POA,Porites astreoides,submassive,1.0
2294,DRTO,DryTortugas,DRTO,Forereef,2024,2550,24.64024,-82.93048,POR PORI,POP,Porites porites,branching,1.0
2295,DRTO,DryTortugas,DRTO,Forereef,2024,2550,24.64024,-82.93048,PSE STRI,PSS,Pseudodiploria strigosa,massive,1.0
2296,DRTO,DryTortugas,DRTO,Forereef,2024,2550,24.64024,-82.93048,SID RADI,SIR,Siderastrea radians,encrusting,2.0
2297,DRTO,DryTortugas,DRTO,Forereef,2024,2551,24.71386,-82.85354,MON CAVE,MOC,Montastraea cavernosa,massive,6.0
2298,DRTO,DryTortugas,DRTO,Forereef,2024,2551,24.71386,-82.85354,POR ASTR,POA,Porites astreoides,submassive,1.0
2299,DRTO,DryTortugas,DRTO,Forereef,2024,2551,24.71386,-82.85354,STE INTE,STI,Stephanocoenia intersepta,submassive,3.0
2300,DRTO,DryTortugas,DRTO,Forereef,2024,2616,24.63615,-82.94092,,,,,0.0
2301,DRTO,DryTortugas,DRTO,Forereef,2024,2646,24.65066,-82.9304,,,,,0.0
2302,DRTO,DryTortugas,DRTO,Forereef,2024,2647,24.64246,-82.94324,,,,,0.0
2303,DRTO,DryTortugas,DRTO,Forereef,2024,2738,24.6066,-82.9787,,,,,0.0
2304,DRTO,DryTortugas,DRTO,Forereef,2024,2739,24.59014,-82.97661,,,,,0.0
2305,DRTO,DryTortugas,DRTO,Forereef,2024,2740,24.59309,-82.98398,SID SIDE,SIS,Siderastrea siderea,massive,1.0
2306,DRTO,DryTortugas,DRTO,Forereef,2024,2743,24.54684,-82.95454,,,,,0.0
2307,DRTO,DryTortugas,DRTO,Forereef,2024,2744,24.55265,-82.93394,POR ASTR,POA,Porites astreoides,submassive,1.0
2308,DRTO,DryTortugas,DRTO,Forereef,2024,2748,24.56507,-82.9782,AGA SPE.,AG,Agaricia spp,encrusting,2.0
2309,DRTO,DryTortugas,DRTO,Forereef,2024,2748,24.56507,-82.9782,MON CAVE,MOC,Montastraea cavernosa,massive,1.0
2310,DRTO,DryTortugas,DRTO,Forereef,2024,2748,24.56507,-82.9782,POR ASTR,POA,Porites astreoides,submassive,2.0
2311,DRTO,DryTortugas,DRTO,Forereef,2024,2748,24.56507,-82.9782,SID RADI,SIR,Siderastrea radians,encrusting,1.0
2312,DRTO,DryTortugas,DRTO,Forereef,2024,2749,24.60353,-82.99622,MON CAVE,MOC,Montastraea cavernosa,massive,5.0
2313,DRTO,DryTortugas,DRTO,Forereef,2024,2749,24.60353,-82.99622,SID SIDE,SIS,Siderastrea siderea,massive,1.0
2314,DRTO,DryTortugas,DRTO,Forereef,2024,2750,24.56186,-82.97937,MON CAVE,MOC,Montastraea cavernosa,massive,8.0
2315,DRTO,DryTortugas,DRTO,Forereef,2024,2750,24.56186,-82.97937,POR ASTR,POA,Porites astreoides,submassive,1.0
2316,DRTO,DryTortugas,DRTO,Forereef,2024,2750,24.56186,-82.97937,SID RADI,SIR,Siderastrea radians,encrusting,2.0
2317,DRTO,DryTortugas,DRTO,Forereef,2024,2750,24.56186,-82.97937,SID SIDE,SIS,Siderastrea siderea,massive,3.0
2318,DRTO,DryTortugas,DRTO,Forereef,2024,2751,24.6067,-82.9948,STE INTE,STI,Stephanocoenia intersepta,submassive,2.0
2319,DRTO,DryTortugas,DRTO,Forereef,2024,2752,24.60732,-82.99383,AGA AGAR,AGA,Agaricia agaricites,encrusting,1.0
2320,DRTO,DryTortugas,DRTO,Forereef,2024,2752,24.60732,-82.99383,STE INTE,STI,Stephanocoenia intersepta,submassive,1.0
2321,DRTO,DryTortugas,DRTO,Forereef,2024,2753,24.56531,-82.97437,MON CAVE,MOC,Montastraea cavernosa,massive,4.054054054
2322,DRTO,DryTortugas,DRTO,Forereef,2024,2753,24.56531,-82.97437,SID SIDE,SIS,Siderastrea siderea,massive,1.351351351
2323,DRTO,DryTortugas,DRTO,Forereef,2024,2755,24.54972,-82.96243,,,,,0.0
2324,DRTO,DryTortugas,DRTO,Forereef,2024,2757,24.59359,-82.98225,,,,,0.0
2325,DRTO,DryTortugas,DRTO,Forereef,2024,2758,24.59738,-82.97382,,,,,0.0
2326,DRTO,DryTortugas,DRTO,Forereef,2024,2759,24.5673,-82.97206,SCO SPE.,SCLS,Scolymia spp,freeliving,1.0
2327,DRTO,DryTortugas,DRTO,Forereef,2024,2759,24.5673,-82.97206,SID SIDE,SIS,Siderastrea siderea,massive,1.0
2328,DRTO,DryTortugas,DRTO,Forereef,2024,2759,24.5673,-82.97206,STE INTE,STI,Stephanocoenia intersepta,submassive,1.0
2329,DRTO,DryTortugas,DRTO,Forereef,2024,2760,24.54918,-82.93075,,,,,0.0
2330,DRTO,DryTortugas,DRTO,Forereef,2024,2761,24.54858,-82.95601,,,,,0.0
2331,DRTO,DryTortugas,DRTO,Forereef,2024,2762,24.54804,-82.94531,ORB FAVE,ORF,Orbicella faveolata,massive,1.0
2332,DRTO,DryTortugas,DRTO,Forereef,2024,2762,24.54804,-82.94531,POR ASTR,POA,Porites astreoides,submassive,1.0
2333,DRTO,DryTortugas,DRTO,Forereef,2024,2762,24.54804,-82.94531,SID SIDE,SIS,Siderastrea siderea,massive,2.0
2334,DRTO,DryTortugas,DRTO,Forereef,2024,2763,24.54625,-82.93126,MON CAVE,MOC,Montastraea cavernosa,massive,3.0
2335,DRTO,DryTortugas,DRTO,Forereef,2024,2763,24.54625,-82.93126,SID RADI,SIR,Siderastrea radians,encrusting,2.0
2336,DRTO,DryTortugas,DRTO,Forereef,2024,2763,24.54625,-82.93126,SID SIDE,SIS,Siderastrea siderea,massive,2.0
2337,DRTO,DryTortugas,DRTO,Forereef,2024,2763,24.54625,-82.93126,STE INTE,STI,Stephanocoenia intersepta,submassive,2.0
2338,DRTO,DryTortugas,DRTO,Forereef,2024,2765,24.54499,-82.94065,SID SIDE,SIS,Siderastrea siderea,massive,1.0
2339,DRTO,DryTortugas,DRTO,Forereef,2024,2766,24.54469,-82.95484,,,,,0.0
2340,FLK,UpperKeys,Middle_Upper_Transition,Inshore,2022,1006,24.9494,-80.55943,STE INTE,STI,Stephanocoenia intersepta,submassive,1.0
2341,FLK,Biscayne,Biscayne,Inshore,2022,1010,25.73747,-80.11803,,,,,0.0
2342,FLK,Biscayne,Biscayne,Inshore,2022,1011,25.7347,-80.11502,SOL BOUR,SOB,Solenastrea bournoni,massive,1.0
2343,FLK,Biscayne,Biscayne,Inshore,2022,1011,25.7347,-80.11502,STE INTE,STI,Stephanocoenia intersepta,submassive,1.0
2344,FLK,UpperKeys,Upper_Keys,MidChannel,2022,1023,25.008,-80.43486,SID RADI,SIR,Siderastrea radians,encrusting,1.0
2345,FLK,Biscayne,Biscayne,Inshore,2022,1027,25.49277,-80.1408,DIC STOK,DCS,Dichocoenia stokesii,massive,1.0
2346,FLK,Biscayne,Biscayne,Inshore,2022,1027,25.49277,-80.1408,MON CAVE,MOC,Montastraea cavernosa,massive,1.0
2347,FLK,Biscayne,Biscayne,Inshore,2022,1027,25.49277,-80.1408,SID SIDE,SIS,Siderastrea siderea,massive,2.0
2348,FLK,Biscayne,Biscayne,Inshore,2022,1027,25.49277,-80.1408,SOL BOUR,SOB,Solenastrea bournoni,massive,1.0
2349,FLK,Biscayne,Biscayne,Inshore,2022,1027,25.49277,-80.1408,STE INTE,STI,Stephanocoenia intersepta,submassive,1.0
2350,FLK,LowerKeys,Lower_Keys,MidChannel,2022,1050,24.59584,-81.39432,MON CAVE,MOC,Montastraea cavernosa,massive,2.0
2351,FLK,LowerKeys,Lower_Keys,MidChannel,2022,1050,24.59584,-81.39432,POR ASTR,POA,Porites astreoides,submassive,1.0
2352,FLK,LowerKeys,Lower_Keys,MidChannel,2022,1050,24.59584,-81.39432,SID SIDE,SIS,Siderastrea siderea,massive,9.0
2353,FLK,LowerKeys,Lower_Keys,MidChannel,2022,1050,24.59584,-81.39432,STE INTE,STI,Stephanocoenia intersepta,submassive,2.0
2354,FLK,LowerKeys,Lower_Keys,MidChannel,2022,1052,24.52915,-81.64928,ORB FAVE,ORF,Orbicella faveolata,massive,3.0
2355,FLK,LowerKeys,Lower_Keys,MidChannel,2022,1055,24.55509,-81.56663,MON CAVE,MOC,Montastraea cavernosa,massive,3.0
2356,FLK,LowerKeys,Lower_Keys,MidChannel,2022,1055,24.55509,-81.56663,ORB FAVE,ORF,Orbicella faveolata,massive,8.0
2357,FLK,LowerKeys,Lower_Keys,MidChannel,2022,1055,24.55509,-81.56663,SID SIDE,SIS,Siderastrea siderea,massive,10.0
2358,FLK,LowerKeys,Lower_Keys,MidChannel,2022,1055,24.55509,-81.56663,STE INTE,STI,Stephanocoenia intersepta,submassive,4.0
2359,FLK,LowerKeys,Lower_Keys,MidChannel,2022,1063,24.5775,-81.4438,ORB FAVE,ORF,Orbicella faveolata,massive,31.0
2360,FLK,LowerKeys,Lower_Keys,MidChannel,2022,1063,24.5775,-81.4438,POR ASTR,POA,Porites astreoides,submassive,3.0
2361,FLK,LowerKeys,Lower_Keys,MidChannel,2022,1063,24.5775,-81.4438,SID SIDE,SIS,Siderastrea siderea,massive,1.0
2362,FLK,LowerKeys,Lower_Keys,MidChannel,2022,1063,24.5775,-81.4438,STE INTE,STI,Stephanocoenia intersepta,submassive,1.0
2363,FLK,LowerKeys,Lower_Keys,MidChannel,2022,1066,24.54132,-81.59522,POR SPE.,PORS,Porites spp,submassive,2.0
2364,FLK,LowerKeys,Lower_Keys,MidChannel,2022,1066,24.54132,-81.59522,SID SIDE,SIS,Siderastrea siderea,massive,5.0
2365,FLK,LowerKeys,Lower_Keys,MidChannel,2022,1066,24.54132,-81.59522,SOL SPE.,SOL,Solenastrea spp,massive,3.0
2366,FLK,LowerKeys,Lower_Keys,MidChannel,2022,1068,24.50633,-81.73694,POR ASTR,POA,Porites astreoides,submassive,1.0
2367,FLK,LowerKeys,Lower_Keys,MidChannel,2022,1068,24.50633,-81.73694,SID RADI,SIR,Siderastrea radians,encrusting,1.0
2368,FLK,LowerKeys,Lower_Keys,MidChannel,2022,1068,24.50633,-81.73694,SID SIDE,SIS,Siderastrea siderea,massive,10.0
2369,FLK,LowerKeys,Lower_Keys,MidChannel,2022,1068,24.50633,-81.73694,STE INTE,STI,Stephanocoenia intersepta,submassive,2.0
2370,FLK,MiddleKeys,Middle_Keys,MidChannel,2022,1072,24.73738,-80.89785,,,,,0.0
2371,FLK,MiddleKeys,Middle_Keys,MidChannel,2022,1075,24.72609,-80.93315,ISO SINU,ISS,Isophyllia sinuosa,massive,1.0
2372,FLK,MiddleKeys,Middle_Keys,MidChannel,2022,1075,24.72609,-80.93315,MON CAVE,MOC,Montastraea cavernosa,massive,2.0
2373,FLK,MiddleKeys,Middle_Keys,MidChannel,2022,1075,24.72609,-80.93315,SID RADI,SIR,Siderastrea radians,encrusting,9.0
2374,FLK,MiddleKeys,Middle_Keys,MidChannel,2022,1075,24.72609,-80.93315,SID SIDE,SIS,Siderastrea siderea,massive,3.0
2375,FLK,MiddleKeys,Middle_Keys,MidChannel,2022,1075,24.72609,-80.93315,SOL BOUR,SOB,Solenastrea bournoni,massive,1.0
2376,FLK,UpperKeys,Upper_Keys,Inshore,2022,1081,25.24023,-80.26812,MON CAVE,MOC,Montastraea cavernosa,massive,1.0
2377,FLK,UpperKeys,Upper_Keys,Inshore,2022,1081,25.24023,-80.26812,ORB FAVE,ORF,Orbicella faveolata,massive,6.0
2378,FLK,UpperKeys,Upper_Keys,Inshore,2022,1081,25.24023,-80.26812,POR ASTR,POA,Porites astreoides,submassive,8.0
2379,FLK,UpperKeys,Upper_Keys,Inshore,2022,1081,25.24023,-80.26812,POR PORI,POP,Porites porites,branching,18.0
2380,FLK,UpperKeys,Upper_Keys,Inshore,2022,1081,25.24023,-80.26812,SID SIDE,SIS,Siderastrea siderea,massive,3.0
2381,FLK,UpperKeys,Middle_Upper_Transition,Offshore,2022,1118,24.8699,-80.59293,,,,,0.0
2382,FLK,UpperKeys,Middle_Upper_Transition,Offshore,2022,1124,24.93936,-80.48524,POR PORI,POP,Porites porites,branching,1.0
2383,FLK,UpperKeys,Upper_Keys,MidChannel,2022,1127,24.98907,-80.42937,SID RADI,SIR,Siderastrea radians,encrusting,1.0
2384,FLK,UpperKeys,Upper_Keys,Offshore,2022,1129,25.24768,-80.21071,AGA AGAR,AGA,Agaricia agaricites,encrusting,1.0
2385,FLK,UpperKeys,Upper_Keys,Offshore,2022,1129,25.24768,-80.21071,POR ASTR,POA,Porites astreoides,submassive,1.0
2386,FLK,UpperKeys,Upper_Keys,Offshore,2022,1129,25.24768,-80.21071,SID RADI,SIR,Siderastrea radians,encrusting,1.0
2387,FLK,UpperKeys,Upper_Keys,Offshore,2022,1129,25.24768,-80.21071,SID SIDE,SIS,Siderastrea siderea,massive,1.0
2388,FLK,UpperKeys,Upper_Keys,Offshore,2022,1129,25.24768,-80.21071,STE INTE,STI,Stephanocoenia intersepta,submassive,2.0
2389,FLK,UpperKeys,Upper_Keys,MidChannel,2022,1130,25.05964,-80.36034,POR ASTR,POA,Porites astreoides,submassive,1.0
2390,FLK,UpperKeys,Upper_Keys,MidChannel,2022,1130,25.05964,-80.36034,SID SIDE,SIS,Siderastrea siderea,massive,3.0
2391,FLK,UpperKeys,Upper_Keys,MidChannel,2022,1131,25.23556,-80.24455,SID SIDE,SIS,Siderastrea siderea,massive,7.0
2392,FLK,UpperKeys,Upper_Keys,Offshore,2022,1133,25.07583,-80.32059,MON CAVE,MOC,Montastraea cavernosa,massive,1.0
2393,FLK,UpperKeys,Upper_Keys,Offshore,2022,1133,25.07583,-80.32059,POR ASTR,POA,Porites astreoides,submassive,1.0
2394,FLK,UpperKeys,Upper_Keys,Offshore,2022,1133,25.07583,-80.32059,POR PORI,POP,Porites porites,branching,2.0
2395,FLK,UpperKeys,Upper_Keys,MidChannel,2022,1135,24.97169,-80.44789,AGA AGAR,AGA,Agaricia agaricites,encrusting,2.0
2396,FLK,UpperKeys,Upper_Keys,MidChannel,2022,1135,24.97169,-80.44789,POR ASTR,POA,Porites astreoides,submassive,3.0
2397,FLK,UpperKeys,Upper_Keys,MidChannel,2022,1135,24.97169,-80.44789,POR PORI,POP,Porites porites,branching,1.0
2398,FLK,UpperKeys,Upper_Keys,MidChannel,2022,1135,24.97169,-80.44789,SID SIDE,SIS,Siderastrea siderea,massive,2.0
2399,FLK,UpperKeys,Upper_Keys,MidChannel,2022,1135,24.97169,-80.44789,STE INTE,STI,Stephanocoenia intersepta,submassive,1.0
2400,FLK,UpperKeys,Upper_Keys,Offshore,2022,1144,25.09651,-80.30045,MAD DECA,MDD,Madracis decactis,encrusting,1.0
2401,FLK,UpperKeys,Upper_Keys,Offshore,2022,1144,25.09651,-80.30045,POR ASTR,POA,Porites astreoides,submassive,2.0
2402,FLK,UpperKeys,Upper_Keys,Offshore,2022,1144,25.09651,-80.30045,POR PORI,POP,Porites porites,branching,1.0
2403,FLK,UpperKeys,Upper_Keys,MidChannel,2022,1153,24.99324,-80.46076,POR ASTR,POA,Porites astreoides,submassive,1.0
2404,FLK,UpperKeys,Upper_Keys,MidChannel,2022,1153,24.99324,-80.46076,POR PORI,POP,Porites porites,branching,1.0
2405,FLK,UpperKeys,Upper_Keys,MidChannel,2022,1153,24.99324,-80.46076,SID RADI,SIR,Siderastrea radians,encrusting,1.0
2406,FLK,UpperKeys,Upper_Keys,MidChannel,2022,1153,24.99324,-80.46076,SID SIDE,SIS,Siderastrea siderea,massive,6.0
2407,FLK,UpperKeys,Upper_Keys,MidChannel,2022,1153,24.99324,-80.46076,SOL BOUR,SOB,Solenastrea bournoni,massive,4.0
2408,FLK,UpperKeys,Upper_Keys,MidChannel,2022,1153,24.99324,-80.46076,STE INTE,STI,Stephanocoenia intersepta,submassive,5.0
2409,FLK,Biscayne,Biscayne,Offshore,2022,1155,25.33583,-80.15115,DIC STOK,DCS,Dichocoenia stokesii,massive,1.0
2410,FLK,Biscayne,Biscayne,Offshore,2022,1155,25.33583,-80.15115,POR ASTR,POA,Porites astreoides,submassive,1.0
2411,FLK,Biscayne,Biscayne,Offshore,2022,1159,25.43928,-80.12158,POR PORI,POP,Porites porites,branching,1.0
2412,FLK,Biscayne,Biscayne,Offshore,2022,1161,25.43472,-80.12314,SID SIDE,SIS,Siderastrea siderea,massive,1.0
2413,FLK,Biscayne,Biscayne,MidChannel,2022,1162,25.72854,-80.10325,,,,,0.0
2414,FLK,MiddleKeys,Middle_Keys,Offshore,2022,1173,24.5823,-81.26749,POR PORI,POP,Porites porites,branching,1.0
2415,FLK,MiddleKeys,Middle_Keys,Offshore,2022,1173,24.5823,-81.26749,SID RADI,SIR,Siderastrea radians,encrusting,2.0
2416,FLK,Biscayne,Biscayne,MidChannel,2022,1185,25.5673,-80.10477,SID SIDE,SIS,Siderastrea siderea,massive,1.0
2417,FLK,Biscayne,Biscayne,Offshore,2022,1190,25.71133,-80.0872,SID SIDE,SIS,Siderastrea siderea,massive,1.0
2418,FLK,UpperKeys,Middle_Upper_Transition,Offshore,2022,1203,24.93304,-80.49518,SID RADI,SIR,Siderastrea radians,encrusting,1.0
2419,FLK,UpperKeys,Middle_Upper_Transition,Offshore,2022,1203,24.93304,-80.49518,SID SIDE,SIS,Siderastrea siderea,massive,1.0
2420,FLK,UpperKeys,Upper_Keys,Offshore,2022,1204,25.12954,-80.2685,AGA SPE.,AG,Agaricia spp,encrusting,1.0
2421,FLK,UpperKeys,Upper_Keys,Offshore,2022,1204,25.12954,-80.2685,POR ASTR,POA,Porites astreoides,submassive,1.0
2422,FLK,UpperKeys,Upper_Keys,Offshore,2022,1204,25.12954,-80.2685,SID SIDE,SIS,Siderastrea siderea,massive,3.0
2423,FLK,LowerKeys,Lower_Keys,Offshore,2022,1210,24.4977,-81.62554,AGA SPE.,AG,Agaricia spp,encrusting,1.0
2424,FLK,LowerKeys,Lower_Keys,Offshore,2022,1210,24.4977,-81.62554,MON CAVE,MOC,Montastraea cavernosa,massive,1.0
2425,FLK,LowerKeys,Lower_Keys,Offshore,2022,1210,24.4977,-81.62554,SID SIDE,SIS,Siderastrea siderea,massive,1.0
2426,FLK,LowerKeys,Lower_Keys,Offshore,2022,1210,24.4977,-81.62554,STE INTE,STI,Stephanocoenia intersepta,submassive,1.0
2427,FLK,MiddleKeys,Middle_Keys,Offshore,2022,1215,24.58986,-81.23386,SID SIDE,SIS,Siderastrea siderea,massive,1.0
2428,FLK,UpperKeys,Upper_Keys,Offshore,2022,1239,25.09026,-80.30066,AGA AGAR,AGA,Agaricia agaricites,encrusting,4.0
2429,FLK,Biscayne,Biscayne,Offshore,2022,1241,25.29411,-80.17136,POR PORI,POP,Porites porites,branching,1.0
2430,FLK,LowerKeys,Lower_Keys,MidChannel,2022,1247,24.46419,-81.90593,SID SIDE,SIS,Siderastrea siderea,massive,17.0
2431,FLK,MiddleKeys,Middle_Keys,Offshore,2022,1283,24.65934,-80.99064,AGA AGAR,AGA,Agaricia agaricites,encrusting,1.0
2432,FLK,MiddleKeys,Middle_Keys,Offshore,2022,1283,24.65934,-80.99064,ORB FRAN,ORFR,Orbicella franksi,massive,6.0
2433,FLK,MiddleKeys,Middle_Keys,Offshore,2022,1283,24.65934,-80.99064,POR SPE.,PORS,Porites spp,submassive,3.0
2434,FLK,MiddleKeys,Middle_Keys,Offshore,2022,1283,24.65934,-80.99064,SID RADI,SIR,Siderastrea radians,encrusting,1.0
2435,FLK,MiddleKeys,Middle_Keys,Offshore,2022,1283,24.65934,-80.99064,SID SIDE,SIS,Siderastrea siderea,massive,3.0
2436,FLK,UpperKeys,Upper_Keys,Offshore,2022,1294,25.16652,-80.23596,MON CAVE,MOC,Montastraea cavernosa,massive,1.0
2437,FLK,UpperKeys,Upper_Keys,Offshore,2022,1294,25.16652,-80.23596,POR ASTR,POA,Porites astreoides,submassive,1.0
2438,FLK,UpperKeys,Upper_Keys,Offshore,2022,1294,25.16652,-80.23596,SID SIDE,SIS,Siderastrea siderea,massive,1.0
2439,FLK,UpperKeys,Upper_Keys,Offshore,2022,1299,25.05788,-80.32717,AGA SPE.,AG,Agaricia spp,encrusting,2.0
2440,FLK,UpperKeys,Upper_Keys,Offshore,2022,1299,25.05788,-80.32717,HEL CUCU,HLC,Helioceris cucullata,plating,1.0
2441,FLK,UpperKeys,Upper_Keys,Offshore,2022,1302,24.98587,-80.41078,SID SIDE,SIS,Siderastrea siderea,massive,2.0
2442,FLK,UpperKeys,Upper_Keys,Offshore,2022,1305,25.18333,-80.2286,,,,,0.0
2443,FLK,Biscayne,Biscayne,Offshore,2022,1313,25.48157,-80.10792,MEA MEAN,MEM,Meandrina meandrites,massive,1.0
2444,FLK,Biscayne,Biscayne,Offshore,2022,1313,25.48157,-80.10792,MON CAVE,MOC,Montastraea cavernosa,massive,1.0
2445,FLK,Biscayne,Biscayne,Offshore,2022,1313,25.48157,-80.10792,SID SIDE,SIS,Siderastrea siderea,massive,2.0
2446,FLK,Biscayne,Biscayne,Offshore,2022,1316,25.5831,-80.0925,SID SIDE,SIS,Siderastrea siderea,massive,1.0
2447,FLK,LowerKeys,Lower_Keys,Offshore,2022,1321,24.44043,-81.86946,POR ASTR,POA,Porites astreoides,submassive,1.0
2448,FLK,LowerKeys,Lower_Keys,Offshore,2022,1321,24.44043,-81.86946,SID SIDE,SIS,Siderastrea siderea,massive,1.0
2449,FLK,UpperKeys,Middle_Upper_Transition,Offshore,2022,1342,24.84347,-80.61668,AGA AGAR,AGA,Agaricia agaricites,encrusting,5.0
2450,FLK,UpperKeys,Middle_Upper_Transition,Offshore,2022,1342,24.84347,-80.61668,SID RADI,SIR,Siderastrea radians,encrusting,1.0
2451,FLK,UpperKeys,Middle_Upper_Transition,Offshore,2022,1342,24.84347,-80.61668,SID SIDE,SIS,Siderastrea siderea,massive,2.0
2452,FLK,UpperKeys,Middle_Upper_Transition,Offshore,2022,1342,24.84347,-80.61668,STE INTE,STI,Stephanocoenia intersepta,submassive,5.0
2453,FLK,UpperKeys,Upper_Keys,Offshore,2022,1350,25.09958,-80.29102,SID SIDE,SIS,Siderastrea siderea,massive,1.0
2454,FLK,UpperKeys,Upper_Keys,Offshore,2022,1354,25.15075,-80.2473,AGA AGAR,AGA,Agaricia agaricites,encrusting,1.0
2455,FLK,UpperKeys,Upper_Keys,Offshore,2022,1354,25.15075,-80.2473,POR ASTR,POA,Porites astreoides,submassive,2.0
2456,FLK,UpperKeys,Upper_Keys,Offshore,2022,1354,25.15075,-80.2473,POR PORI,POP,Porites porites,branching,1.0
2457,FLK,UpperKeys,Upper_Keys,Offshore,2022,1354,25.15075,-80.2473,SID RADI,SIR,Siderastrea radians,encrusting,2.0
2458,FLK,UpperKeys,Upper_Keys,Offshore,2022,1355,24.9689,-80.42719,AGA AGAR,AGA,Agaricia agaricites,encrusting,6.0
2459,FLK,UpperKeys,Upper_Keys,Offshore,2022,1355,24.9689,-80.42719,ORB FAVE,ORF,Orbicella faveolata,massive,1.0
2460,FLK,UpperKeys,Upper_Keys,Offshore,2022,1355,24.9689,-80.42719,POR ASTR,POA,Porites astreoides,submassive,1.0
2461,FLK,UpperKeys,Upper_Keys,Offshore,2022,1355,24.9689,-80.42719,SID SIDE,SIS,Siderastrea siderea,massive,1.0
2462,FLK,UpperKeys,Upper_Keys,Offshore,2022,1356,25.06279,-80.32061,AGA AGAR,AGA,Agaricia agaricites,encrusting,4.0
2463,FLK,UpperKeys,Upper_Keys,Offshore,2022,1356,25.06279,-80.32061,AGA LAMA,AGL,Agaricia lamarcki,plating,1.0
2464,FLK,UpperKeys,Upper_Keys,Offshore,2022,1356,25.06279,-80.32061,ORB FAVE,ORF,Orbicella faveolata,massive,1.0
2465,FLK,UpperKeys,Upper_Keys,Offshore,2022,1356,25.06279,-80.32061,SID SIDE,SIS,Siderastrea siderea,massive,1.0
2466,FLK,UpperKeys,Upper_Keys,Offshore,2022,1357,25.05236,-80.32988,STE INTE,STI,Stephanocoenia intersepta,submassive,1.0
2467,FLK,LowerKeys,Lower_Keys,MidChannel,2022,1381,24.51084,-81.70014,MON CAVE,MOC,Montastraea cavernosa,massive,6.0
2468,FLK,LowerKeys,Lower_Keys,MidChannel,2022,1381,24.51084,-81.70014,ORB FAVE,ORF,Orbicella faveolata,massive,2.0
2469,FLK,LowerKeys,Lower_Keys,MidChannel,2022,1381,24.51084,-81.70014,SID SIDE,SIS,Siderastrea siderea,massive,11.0
2470,FLK,LowerKeys,Lower_Keys,MidChannel,2022,1381,24.51084,-81.70014,STE INTE,STI,Stephanocoenia intersepta,submassive,3.0
2471,FLK,UpperKeys,Upper_Keys,Offshore,2022,1385,25.14933,-80.25639,,,,,0.0
2472,FLK,UpperKeys,Upper_Keys,Offshore,2022,1392,25.03544,-80.35284,SID RADI,SIR,Siderastrea radians,encrusting,1.0
2473,FLK,UpperKeys,Upper_Keys,Offshore,2022,1392,25.03544,-80.35284,SID SIDE,SIS,Siderastrea siderea,massive,1.0
2474,FLK,UpperKeys,Upper_Keys,Offshore,2022,1415,25.21439,-80.21659,POR ASTR,POA,Porites astreoides,submassive,3.0
2475,FLK,UpperKeys,Upper_Keys,Offshore,2022,1417,25.14151,-80.25822,AGA AGAR,AGA,Agaricia agaricites,encrusting,1.0
2476,FLK,UpperKeys,Upper_Keys,Offshore,2022,1417,25.14151,-80.25822,POR PORI,POP,Porites porites,branching,1.0
2477,FLK,UpperKeys,Upper_Keys,Offshore,2022,1417,25.14151,-80.25822,SID SIDE,SIS,Siderastrea siderea,massive,1.0
2478,FLK,UpperKeys,Middle_Upper_Transition,Offshore,2022,1432,24.84953,-80.61675,SID SIDE,SIS,Siderastrea siderea,massive,1.0
2479,FLK,UpperKeys,Upper_Keys,Offshore,2022,1454,25.22483,-80.20612,POR PORI,POP,Porites porites,branching,1.0
2480,FLK,UpperKeys,Upper_Keys,Offshore,2022,1464,25.01428,-80.36797,,,,,0.0
2481,FLK,UpperKeys,Middle_Upper_Transition,Offshore,2022,1467,24.8429,-80.62317,,,,,0.0
2482,FLK,UpperKeys,Upper_Keys,Offshore,2022,1473,25.00636,-80.37615,MON CAVE,MOC,Montastraea cavernosa,massive,1.0
2483,FLK,UpperKeys,Middle_Upper_Transition,Offshore,2022,1475,24.95405,-80.45296,AGA HUMI,AGH,Agaricia humilis,encrusting,1.0
2484,FLK,Biscayne,Biscayne,Inshore,2022,1491,25.33355,-80.22532,,,,,0.0
2485,FLK,LowerKeys,Lower_Keys,MidChannel,2022,1541,24.481,-81.93072,MON CAVE,MOC,Montastraea cavernosa,massive,1.0
2486,FLK,LowerKeys,Lower_Keys,MidChannel,2022,1541,24.481,-81.93072,POR ASTR,POA,Porites astreoides,submassive,1.0
2487,FLK,LowerKeys,Lower_Keys,MidChannel,2022,1541,24.481,-81.93072,SID SIDE,SIS,Siderastrea siderea,massive,4.0
2488,FLK,LowerKeys,Lower_Keys,MidChannel,2022,1541,24.481,-81.93072,STE INTE,STI,Stephanocoenia intersepta,submassive,1.0
2489,FLK,Biscayne,Biscayne,Inshore,2022,1563,25.45538,-80.15683,AGA AGAR,AGA,Agaricia agaricites,encrusting,1.0
2490,FLK,Biscayne,Biscayne,Inshore,2022,1563,25.45538,-80.15683,POR PORI,POP,Porites porites,branching,1.0
2491,FLK,Biscayne,Biscayne,Inshore,2022,1563,25.45538,-80.15683,SID SIDE,SIS,Siderastrea siderea,massive,5.0
2492,FLK,Biscayne,Biscayne,Inshore,2022,1563,25.45538,-80.15683,STE INTE,STI,Stephanocoenia intersepta,submassive,1.0
2493,FLK,Biscayne,Biscayne,MidChannel,2022,1642,25.75421,-80.10215,,,,,0.0
2494,FLK,Biscayne,Biscayne,Offshore,2022,1668,25.46593,-80.11841,AGA AGAR,AGA,Agaricia agaricites,encrusting,2.0
2495,FLK,Biscayne,Biscayne,Offshore,2022,1668,25.46593,-80.11841,POR ASTR,POA,Porites astreoides,submassive,1.0
2496,FLK,Biscayne,Biscayne,Offshore,2022,1668,25.46593,-80.11841,POR PORI,POP,Porites porites,branching,2.0
2497,FLK,Biscayne,Biscayne,Offshore,2022,1668,25.46593,-80.11841,SID SIDE,SIS,Siderastrea siderea,massive,1.0
2498,FLK,UpperKeys,Middle_Upper_Transition,Offshore,2022,1682,24.90446,-80.53278,POR ASTR,POA,Porites astreoides,submassive,2.0
2499,FLK,UpperKeys,Middle_Upper_Transition,Offshore,2022,1682,24.90446,-80.53278,SID SIDE,SIS,Siderastrea siderea,massive,1.0
2500,FLK,Biscayne,Biscayne,Offshore,2022,1714,25.46913,-80.11053,DIP LABY,DIL,Diploria labyrinthiformis,massive,1.0
2501,FLK,Biscayne,Biscayne,Offshore,2022,1714,25.46913,-80.11053,POR ASTR,POA,Porites astreoides,submassive,1.0
2502,FLK,Biscayne,Biscayne,Offshore,2022,1714,25.46913,-80.11053,SID SIDE,SIS,Siderastrea siderea,massive,1.0
2503,FLK,UpperKeys,Middle_Upper_Transition,Offshore,2022,1814,24.94144,-80.4633,,,,,0.0
2504,FLK,LowerKeys,Lower_Keys,MidChannel,2022,1861,24.52014,-81.71842,ORB ANNU,ORA,Orbicella annularis,massive,1.0
2505,FLK,LowerKeys,Lower_Keys,MidChannel,2022,1861,24.52014,-81.71842,SID RADI,SIR,Siderastrea radians,encrusting,1.0
2506,FLK,LowerKeys,Lower_Keys,MidChannel,2022,1861,24.52014,-81.71842,SID SIDE,SIS,Siderastrea siderea,massive,3.0
2507,FLK,LowerKeys,Lower_Keys,MidChannel,2022,1861,24.52014,-81.71842,STE INTE,STI,Stephanocoenia intersepta,submassive,10.0
2508,FLK,UpperKeys,Middle_Upper_Transition,Offshore,2022,8065,24.88259,-80.57458,,,,,0.0
2509,FLK,UpperKeys,Upper_Keys,MidChannel,2022,8067,25.1953,-80.24814,POR ASTR,POA,Porites astreoides,submassive,3.0
2510,FLK,Biscayne,Biscayne,Offshore,2022,8068,25.7127,-80.08719,AGA AGAR,AGA,Agaricia agaricites,encrusting,3.0
2511,FLK,Biscayne,Biscayne,Offshore,2022,8068,25.7127,-80.08719,POR ASTR,POA,Porites astreoides,submassive,4.0
2512,FLK,UpperKeys,Middle_Upper_Transition,Inshore,2022,8069,24.97671,-80.53794,POR PORI,POP,Porites porites,branching,2.0
2513,FLK,UpperKeys,Middle_Upper_Transition,Inshore,2022,8069,24.97671,-80.53794,SID RADI,SIR,Siderastrea radians,encrusting,1.0
2514,FLK,UpperKeys,Middle_Upper_Transition,Inshore,2022,8069,24.97671,-80.53794,SID SIDE,SIS,Siderastrea siderea,massive,1.0
2515,FLK,Biscayne,Biscayne,Inshore,2022,8071,25.74996,-80.12381,SID SIDE,SIS,Siderastrea siderea,massive,1.0
2516,FLK,Biscayne,Biscayne,Offshore,2022,8076,25.71423,-80.08803,AGA AGAR,AGA,Agaricia agaricites,encrusting,3.0
2517,FLK,Biscayne,Biscayne,Offshore,2022,8076,25.71423,-80.08803,MON CAVE,MOC,Montastraea cavernosa,massive,1.0
2518,FLK,LowerKeys,Lower_Keys,Inshore,2024,1001,24.5845,-81.58299,MAN AREO,MAE,Manicina areolata,freeliving,1.0
2519,FLK,LowerKeys,Lower_Keys,Inshore,2024,1001,24.5845,-81.58299,SOL BOUR,SOB,Solenastrea bournoni,massive,4.0
2520,FLK,MiddleKeys,Middle_Keys,Inshore,2024,1005,24.75144,-80.92049,POR DIVA,POD,Porites divaricata,branching,1.0
2521,FLK,MiddleKeys,Middle_Keys,Inshore,2024,1005,24.75144,-80.92049,STE INTE,STI,Stephanocoenia intersepta,submassive,2.0
2522,FLK,UpperKeys,Middle_Upper_Transition,Inshore,2024,1006,24.96343,-80.54371,SOL BOUR,SOB,Solenastrea bournoni,massive,1.0
2523,FLK,UpperKeys,Middle_Upper_Transition,Inshore,2024,1007,24.97615,-80.53717,,,,,0.0
2524,FLK,UpperKeys,Upper_Keys,Inshore,2024,1008,25.14653,-80.36194,SID SIDE,SIS,Siderastrea siderea,massive,1.0
2525,FLK,Biscayne,Biscayne,Inshore,2024,1009,25.33015,-80.23357,SID SIDE,SIS,Siderastrea siderea,massive,1.0
2526,FLK,Biscayne,Biscayne,Inshore,2024,1010,25.71774,-80.116,,,,,0.0
2527,FLK,LowerKeys,Lower_Keys,MidChannel,2024,1018,24.5479,-81.52922,MON CAVE,MOC,Montastraea cavernosa,massive,1.0
2528,FLK,LowerKeys,Lower_Keys,MidChannel,2024,1018,24.5479,-81.52922,SID SIDE,SIS,Siderastrea siderea,massive,7.0
2529,FLK,LowerKeys,Lower_Keys,MidChannel,2024,1018,24.5479,-81.52922,STE INTE,STI,Stephanocoenia intersepta,submassive,3.0
2530,FLK,LowerKeys,Lower_Keys,MidChannel,2024,1023,24.57977,-81.44259,MON CAVE,MOC,Montastraea cavernosa,massive,2.0
2531,FLK,LowerKeys,Lower_Keys,MidChannel,2024,1023,24.57977,-81.44259,SID SIDE,SIS,Siderastrea siderea,massive,12.0
2532,FLK,LowerKeys,Lower_Keys,MidChannel,2024,1024,24.46666,-82.00258,POR ASTR,POA,Porites astreoides,submassive,1.0
2533,FLK,LowerKeys,Lower_Keys,MidChannel,2024,1024,24.46666,-82.00258,SID SIDE,SIS,Siderastrea siderea,massive,3.0
2534,FLK,LowerKeys,Lower_Keys,MidChannel,2024,1025,24.46708,-81.95715,ORB FAVE,ORF,Orbicella faveolata,massive,2.0
2535,FLK,LowerKeys,Lower_Keys,MidChannel,2024,1025,24.46708,-81.95715,SID SIDE,SIS,Siderastrea siderea,massive,12.0
2536,FLK,LowerKeys,Lower_Keys,MidChannel,2024,1025,24.46708,-81.95715,STE INTE,STI,Stephanocoenia intersepta,submassive,3.0
2537,FLK,LowerKeys,Lower_Keys,MidChannel,2024,1026,24.53488,-81.60772,ORB FRAN,ORFR,Orbicella franksi,massive,3.0
2538,FLK,LowerKeys,Lower_Keys,MidChannel,2024,1026,24.53488,-81.60772,SID SIDE,SIS,Siderastrea siderea,massive,3.0
2539,FLK,LowerKeys,Lower_Keys,MidChannel,2024,1026,24.53488,-81.60772,STE INTE,STI,Stephanocoenia intersepta,submassive,4.0
2540,FLK,MiddleKeys,Middle_Keys,Inshore,2024,1033,24.70397,-80.99337,SID SIDE,SIS,Siderastrea siderea,massive,10.0
2541,FLK,MiddleKeys,Middle_Keys,Inshore,2024,1033,24.70397,-80.99337,STE INTE,STI,Stephanocoenia intersepta,submassive,2.0
2542,FLK,UpperKeys,Upper_Keys,Inshore,2024,1037,25.26567,-80.24751,MON CAVE,MOC,Montastraea cavernosa,massive,1.0
2543,FLK,UpperKeys,Upper_Keys,Inshore,2024,1037,25.26567,-80.24751,SID SIDE,SIS,Siderastrea siderea,massive,3.0
2544,FLK,Biscayne,Biscayne,MidChannel,2024,1048,25.39067,-80.16373,PSE STRI,PSS,Pseudodiploria strigosa,massive,1.0
2545,FLK,Biscayne,Biscayne,Inshore,2024,1051,25.47492,-80.15578,MON CAVE,MOC,Montastraea cavernosa,massive,3.0
2546,FLK,Biscayne,Biscayne,Inshore,2024,1051,25.47492,-80.15578,ORB FRAN,ORFR,Orbicella franksi,massive,2.0
2547,FLK,Biscayne,Biscayne,Inshore,2024,1051,25.47492,-80.15578,SID RADI,SIR,Siderastrea radians,encrusting,1.0
2548,FLK,Biscayne,Biscayne,Inshore,2024,1051,25.47492,-80.15578,SID SIDE,SIS,Siderastrea siderea,massive,2.0
2549,FLK,Biscayne,Biscayne,MidChannel,2024,1056,25.39907,-80.15921,ORB FAVE,ORF,Orbicella faveolata,massive,2.0
2550,FLK,Biscayne,Biscayne,MidChannel,2024,1056,25.39907,-80.15921,POR ASTR,POA,Porites astreoides,submassive,1.0
2551,FLK,Biscayne,Biscayne,MidChannel,2024,1056,25.39907,-80.15921,POR PORI,POP,Porites porites,branching,2.0
2552,FLK,Biscayne,Biscayne,MidChannel,2024,1056,25.39907,-80.15921,SID SIDE,SIS,Siderastrea siderea,massive,1.0
2553,FLK,LowerKeys,Lower_Keys,Offshore,2024,1068,24.45458,-81.94784,POR ASTR,POA,Porites astreoides,submassive,1.0
2554,FLK,LowerKeys,Lower_Keys,Offshore,2024,1068,24.45458,-81.94784,SID SIDE,SIS,Siderastrea siderea,massive,4.0
2555,FLK,LowerKeys,Lower_Keys,Offshore,2024,1068,24.45458,-81.94784,STE INTE,STI,Stephanocoenia intersepta,submassive,1.0
2556,FLK,MiddleKeys,Middle_Keys,MidChannel,2024,1073,24.69768,-80.95923,MON CAVE,MOC,Montastraea cavernosa,massive,1.0
2557,FLK,MiddleKeys,Middle_Keys,MidChannel,2024,1073,24.69768,-80.95923,SID SIDE,SIS,Siderastrea siderea,massive,5.0
2558,FLK,MiddleKeys,Middle_Keys,Offshore,2024,1074,24.57825,-81.28482,SID SIDE,SIS,Siderastrea siderea,massive,1.0
2559,FLK,UpperKeys,Upper_Keys,MidChannel,2024,1082,25.16108,-80.26153,AGA AGAR,AGA,Agaricia agaricites,encrusting,1.0
2560,FLK,UpperKeys,Upper_Keys,MidChannel,2024,1082,25.16108,-80.26153,EUS FAST,EUF,Eusmilia fastigiata,branching,1.0
2561,FLK,UpperKeys,Upper_Keys,MidChannel,2024,1082,25.16108,-80.26153,POR ASTR,POA,Porites astreoides,submassive,2.0
2562,FLK,UpperKeys,Upper_Keys,MidChannel,2024,1082,25.16108,-80.26153,SID SIDE,SIS,Siderastrea siderea,massive,4.0
2563,FLK,UpperKeys,Upper_Keys,MidChannel,2024,1087,24.98839,-80.46823,MON CAVE,MOC,Montastraea cavernosa,massive,1.0
2564,FLK,UpperKeys,Upper_Keys,MidChannel,2024,1087,24.98839,-80.46823,SID SIDE,SIS,Siderastrea siderea,massive,3.0
2565,FLK,UpperKeys,Upper_Keys,MidChannel,2024,1087,24.98839,-80.46823,SOL BOUR,SOB,Solenastrea bournoni,massive,1.0
2566,FLK,Biscayne,Biscayne,MidChannel,2024,1089,25.3622,-80.15392,POR PORI,POP,Porites porites,branching,1.0
2567,FLK,Biscayne,Biscayne,MidChannel,2024,1089,25.3622,-80.15392,SID SIDE,SIS,Siderastrea siderea,massive,1.0
2568,FLK,Biscayne,Biscayne,MidChannel,2024,1091,25.48353,-80.12162,,,,,0.0
2569,FLK,LowerKeys,Lower_Keys,Offshore,2024,1095,24.54685,-81.45883,STE INTE,STI,Stephanocoenia intersepta,submassive,1.0
2570,FLK,LowerKeys,Lower_Keys,Offshore,2024,1096,24.47262,-81.77247,,,,,0.0
2571,FLK,LowerKeys,Lower_Keys,Offshore,2024,1098,24.54994,-81.43289,SID SIDE,SIS,Siderastrea siderea,massive,3.0
2572,FLK,LowerKeys,Lower_Keys,Offshore,2024,1098,24.54994,-81.43289,STE INTE,STI,Stephanocoenia intersepta,submassive,1.0
2573,FLK,LowerKeys,Lower_Keys,Offshore,2024,1108,24.53835,-81.45335,,,,,0.0
2574,FLK,MiddleKeys,Middle_Keys,Offshore,2024,1120,24.67654,-80.94989,,,,,0.0
2575,FLK,UpperKeys,Middle_Upper_Transition,Offshore,2024,1128,24.93925,-80.4849,MON CAVE,MOC,Montastraea cavernosa,massive,1.0
2576,FLK,UpperKeys,Middle_Upper_Transition,Offshore,2024,1128,24.93925,-80.4849,POR ASTR,POA,Porites astreoides,submassive,1.0
2577,FLK,UpperKeys,Middle_Upper_Transition,Offshore,2024,1128,24.93925,-80.4849,POR PORI,POP,Porites porites,branching,1.0
2578,FLK,UpperKeys,Middle_Upper_Transition,Offshore,2024,1130,24.93624,-80.49131,,,,,0.0
2579,FLK,UpperKeys,Upper_Keys,MidChannel,2024,1135,25.02842,-80.392,,,,,0.0
2580,FLK,UpperKeys,Upper_Keys,Offshore,2024,1139,25.13162,-80.26658,MON CAVE,MOC,Montastraea cavernosa,massive,1.0
2581,FLK,UpperKeys,Upper_Keys,Offshore,2024,1145,25.08492,-80.30961,,,,,0.0
2582,FLK,Biscayne,Biscayne,MidChannel,2024,1148,25.72724,-80.10211,MON CAVE,MOC,Montastraea cavernosa,massive,1.0
2583,FLK,Biscayne,Biscayne,MidChannel,2024,1150,25.33071,-80.18352,POR PORI,POP,Porites porites,branching,1.0
2584,FLK,Biscayne,Biscayne,Offshore,2024,1152,25.29781,-80.16878,,,,,0.0
2585,FLK,Biscayne,Biscayne,MidChannel,2024,1154,25.59212,-80.10577,SID RADI,SIR,Siderastrea radians,encrusting,1.0
2586,FLK,Biscayne,Biscayne,MidChannel,2024,1154,25.59212,-80.10577,SOL BOUR,SOB,Solenastrea bournoni,massive,1.0
2587,FLK,LowerKeys,Lower_Keys,Offshore,2024,1157,24.45515,-81.95119,ORB FAVE,ORF,Orbicella faveolata,massive,7.0
2588,FLK,LowerKeys,Lower_Keys,Offshore,2024,1161,24.52065,-81.52703,SID SIDE,SIS,Siderastrea siderea,massive,3.0
2589,FLK,UpperKeys,Middle_Upper_Transition,Offshore,2024,1168,24.89125,-80.55375,POR ASTR,POA,Porites astreoides,submassive,1.0
2590,FLK,UpperKeys,Middle_Upper_Transition,Offshore,2024,1168,24.89125,-80.55375,SID SIDE,SIS,Siderastrea siderea,massive,5.0
2591,FLK,UpperKeys,Upper_Keys,Offshore,2024,1170,25.07857,-80.31761,SID SIDE,SIS,Siderastrea siderea,massive,1.0
2592,FLK,UpperKeys,Upper_Keys,Offshore,2024,1170,25.07857,-80.31761,STE INTE,STI,Stephanocoenia intersepta,submassive,1.0
2593,FLK,Biscayne,Biscayne,MidChannel,2024,1177,25.70647,-80.09837,POR ASTR,POA,Porites astreoides,submassive,1.0
2594,FLK,Biscayne,Biscayne,MidChannel,2024,1177,25.70647,-80.09837,SID SIDE,SIS,Siderastrea siderea,massive,1.0
2595,FLK,Biscayne,Biscayne,MidChannel,2024,1177,25.70647,-80.09837,STE INTE,STI,Stephanocoenia intersepta,submassive,1.0
2596,FLK,Biscayne,Biscayne,MidChannel,2024,1180,25.72561,-80.1009,MON CAVE,MOC,Montastraea cavernosa,massive,1.0
2597,FLK,Biscayne,Biscayne,MidChannel,2024,1180,25.72561,-80.1009,PSE STRI,PSS,Pseudodiploria strigosa,massive,1.0
2598,FLK,Biscayne,Biscayne,MidChannel,2024,1180,25.72561,-80.1009,SID SIDE,SIS,Siderastrea siderea,massive,2.0
2599,FLK,Biscayne,Biscayne,MidChannel,2024,1180,25.72561,-80.1009,STE INTE,STI,Stephanocoenia intersepta,submassive,1.0
2600,FLK,Biscayne,Biscayne,Offshore,2024,1181,25.4434,-80.12007,SID RADI,SIR,Siderastrea radians,encrusting,1.0
2601,FLK,Biscayne,Biscayne,Offshore,2024,1181,25.4434,-80.12007,SID SIDE,SIS,Siderastrea siderea,massive,3.0
2602,FLK,Biscayne,Biscayne,MidChannel,2024,1185,25.56292,-80.10574,,,,,0.0
2603,FLK,LowerKeys,Lower_Keys,Offshore,2024,1187,24.55597,-81.35743,,,,,0.0
2604,FLK,LowerKeys,Lower_Keys,Offshore,2024,1189,24.56457,-81.32234,POR ASTR,POA,Porites astreoides,submassive,1.0
2605,FLK,LowerKeys,Lower_Keys,Offshore,2024,1189,24.56457,-81.32234,SID SIDE,SIS,Siderastrea siderea,massive,1.0
2606,FLK,MiddleKeys,Middle_Keys,Offshore,2024,1190,24.76635,-80.73061,MON CAVE,MOC,Montastraea cavernosa,massive,2.0
2607,FLK,MiddleKeys,Middle_Keys,Offshore,2024,1190,24.76635,-80.73061,POR ASTR,POA,Porites astreoides,submassive,2.0
2608,FLK,MiddleKeys,Middle_Keys,Offshore,2024,1190,24.76635,-80.73061,SID SIDE,SIS,Siderastrea siderea,massive,1.0
2609,FLK,MiddleKeys,Middle_Keys,Offshore,2024,1193,24.67686,-80.94236,SID SIDE,SIS,Siderastrea siderea,massive,1.0
2610,FLK,MiddleKeys,Middle_Upper_Transition,Offshore,2024,1196,24.79804,-80.68668,SID SIDE,SIS,Siderastrea siderea,massive,1.0
2611,FLK,MiddleKeys,Middle_Upper_Transition,Offshore,2024,1196,24.79804,-80.68668,STE INTE,STI,Stephanocoenia intersepta,submassive,2.0
2612,FLK,UpperKeys,Upper_Keys,Offshore,2024,1198,25.17223,-80.23188,MON CAVE,MOC,Montastraea cavernosa,massive,1.0
2613,FLK,UpperKeys,Upper_Keys,Offshore,2024,1199,24.99298,-80.40485,SID RADI,SIR,Siderastrea radians,encrusting,1.0
2614,FLK,UpperKeys,Upper_Keys,Offshore,2024,1199,24.99298,-80.40485,SID SIDE,SIS,Siderastrea siderea,massive,1.0
2615,FLK,Biscayne,Biscayne,MidChannel,2024,1202,25.38379,-80.15289,POR PORI,POP,Porites porites,branching,1.0
2616,FLK,LowerKeys,Lower_Keys,Offshore,2024,1204,24.49036,-81.6618,SID SIDE,SIS,Siderastrea siderea,massive,1.0
2617,FLK,LowerKeys,Lower_Keys,Offshore,2024,1204,24.49036,-81.6618,STE INTE,STI,Stephanocoenia intersepta,submassive,1.0
2618,FLK,LowerKeys,Lower_Keys,Offshore,2024,1205,24.51694,-81.53231,MON CAVE,MOC,Montastraea cavernosa,massive,2.0
2619,FLK,LowerKeys,Lower_Keys,Offshore,2024,1205,24.51694,-81.53231,POR ASTR,POA,Porites astreoides,submassive,6.0
2620,FLK,LowerKeys,Lower_Keys,Offshore,2024,1205,24.51694,-81.53231,SID SIDE,SIS,Siderastrea siderea,massive,3.0
2621,FLK,LowerKeys,Lower_Keys,Offshore,2024,1205,24.51694,-81.53231,STE INTE,STI,Stephanocoenia intersepta,submassive,2.0
2622,FLK,MiddleKeys,Middle_Keys,Offshore,2024,1209,24.65609,-81.0033,POR ASTR,POA,Porites astreoides,submassive,1.0
2623,FLK,MiddleKeys,Middle_Keys,Offshore,2024,1209,24.65609,-81.0033,SID SIDE,SIS,Siderastrea siderea,massive,3.0
2624,FLK,MiddleKeys,Middle_Keys,Offshore,2024,1215,24.60286,-81.18415,MON CAVE,MOC,Montastraea cavernosa,massive,2.0
2625,FLK,MiddleKeys,Middle_Keys,Offshore,2024,1215,24.60286,-81.18415,SID SIDE,SIS,Siderastrea siderea,massive,5.0
2626,FLK,UpperKeys,Middle_Upper_Transition,Offshore,2024,1216,24.87737,-80.56863,SID SIDE,SIS,Siderastrea siderea,massive,1.0
2627,FLK,UpperKeys,Middle_Upper_Transition,Offshore,2024,1216,24.87737,-80.56863,STE INTE,STI,Stephanocoenia intersepta,submassive,1.0
2628,FLK,UpperKeys,Middle_Upper_Transition,Offshore,2024,1217,24.88554,-80.55279,AGA AGAR,AGA,Agaricia agaricites,encrusting,1.0
2629,FLK,UpperKeys,Middle_Upper_Transition,Offshore,2024,1217,24.88554,-80.55279,MON CAVE,MOC,Montastraea cavernosa,massive,1.0
2630,FLK,UpperKeys,Middle_Upper_Transition,Offshore,2024,1217,24.88554,-80.55279,POR ASTR,POA,Porites astreoides,submassive,2.0
2631,FLK,UpperKeys,Middle_Upper_Transition,Offshore,2024,1217,24.88554,-80.55279,STE INTE,STI,Stephanocoenia intersepta,submassive,1.0
2632,FLK,UpperKeys,Upper_Keys,Offshore,2024,1224,25.13862,-80.2577,POR PORI,POP,Porites porites,branching,1.0
2633,FLK,UpperKeys,Upper_Keys,Offshore,2024,1224,25.13862,-80.2577,SID SIDE,SIS,Siderastrea siderea,massive,1.0
2634,FLK,Biscayne,Biscayne,Offshore,2024,1227,25.40598,-80.12576,SID SIDE,SIS,Siderastrea siderea,massive,1.0
2635,FLK,Biscayne,Biscayne,Offshore,2024,1227,25.40598,-80.12576,SOL BOUR,SOB,Solenastrea bournoni,massive,3.0
2636,FLK,Biscayne,Biscayne,Offshore,2024,1232,25.58779,-80.09265,MON CAVE,MOC,Montastraea cavernosa,massive,1.0
2637,FLK,Biscayne,Biscayne,Offshore,2024,1232,25.58779,-80.09265,POR ASTR,POA,Porites astreoides,submassive,1.0
2638,FLK,Biscayne,Biscayne,Offshore,2024,1232,25.58779,-80.09265,SID SIDE,SIS,Siderastrea siderea,massive,1.0
2639,FLK,Biscayne,Biscayne,MidChannel,2024,1233,25.72458,-80.09912,MON CAVE,MOC,Montastraea cavernosa,massive,1.0
2640,FLK,Biscayne,Biscayne,MidChannel,2024,1233,25.72458,-80.09912,POR ASTR,POA,Porites astreoides,submassive,2.0
2641,FLK,Biscayne,Biscayne,MidChannel,2024,1233,25.72458,-80.09912,SID SIDE,SIS,Siderastrea siderea,massive,1.0
2642,FLK,LowerKeys,Lower_Keys,Offshore,2024,1235,24.43405,-81.98298,POR ASTR,POA,Porites astreoides,submassive,1.0
2643,FLK,LowerKeys,Lower_Keys,Offshore,2024,1235,24.43405,-81.98298,STE INTE,STI,Stephanocoenia intersepta,submassive,1.0
2644,FLK,LowerKeys,Lower_Keys,Offshore,2024,1236,24.44004,-81.8769,AGA LAMA,AGL,Agaricia lamarcki,plating,1.0
2645,FLK,LowerKeys,Lower_Keys,Offshore,2024,1236,24.44004,-81.8769,POR ASTR,POA,Porites astreoides,submassive,1.0
2646,FLK,LowerKeys,Lower_Keys,Offshore,2024,1237,24.44529,-81.98013,AGA HUMI,AGH,Agaricia humilis,encrusting,1.0
2647,FLK,LowerKeys,Lower_Keys,Offshore,2024,1237,24.44529,-81.98013,AGA LAMA,AGL,Agaricia lamarcki,plating,1.0
2648,FLK,LowerKeys,Lower_Keys,Offshore,2024,1237,24.44529,-81.98013,MON CAVE,MOC,Montastraea cavernosa,massive,1.0
2649,FLK,LowerKeys,Lower_Keys,Offshore,2024,1237,24.44529,-81.98013,ORB FAVE,ORF,Orbicella faveolata,massive,1.0
2650,FLK,LowerKeys,Lower_Keys,Offshore,2024,1237,24.44529,-81.98013,SID SIDE,SIS,Siderastrea siderea,massive,2.0
2651,FLK,LowerKeys,Lower_Keys,Offshore,2024,1237,24.44529,-81.98013,STE INTE,STI,Stephanocoenia intersepta,submassive,1.0
2652,FLK,MiddleKeys,Middle_Keys,Offshore,2024,1239,24.73187,-80.79988,ORB FRAN,ORFR,Orbicella franksi,massive,1.0
2653,FLK,MiddleKeys,Middle_Keys,Offshore,2024,1239,24.73187,-80.79988,POR ASTR,POA,Porites astreoides,submassive,2.0
2654,FLK,MiddleKeys,Middle_Keys,Offshore,2024,1240,24.61783,-81.1278,AGA AGAR,AGA,Agaricia agaricites,encrusting,1.0
2655,FLK,MiddleKeys,Middle_Keys,Offshore,2024,1240,24.61783,-81.1278,MON CAVE,MOC,Montastraea cavernosa,massive,1.0
2656,FLK,MiddleKeys,Middle_Keys,Offshore,2024,1240,24.61783,-81.1278,SID SIDE,SIS,Siderastrea siderea,massive,3.0
2657,FLK,MiddleKeys,Middle_Keys,Offshore,2024,1240,24.61783,-81.1278,STE INTE,STI,Stephanocoenia intersepta,submassive,2.0
2658,FLK,UpperKeys,Middle_Upper_Transition,Offshore,2024,1241,24.94521,-80.46517,POR PORI,POP,Porites porites,branching,1.0
2659,FLK,UpperKeys,Middle_Upper_Transition,Offshore,2024,1241,24.94521,-80.46517,SID SIDE,SIS,Siderastrea siderea,massive,1.0
2660,FLK,Biscayne,Biscayne,Offshore,2024,1246,25.67087,-80.08851,EUS FAST,EUF,Eusmilia fastigiata,branching,1.0
2661,FLK,Biscayne,Biscayne,Offshore,2024,1246,25.67087,-80.08851,POR PORI,POP,Porites porites,branching,2.0
2662,FLK,LowerKeys,Lower_Keys,Offshore,2024,1254,24.5113,-81.54078,AGA LAMA,AGL,Agaricia lamarcki,plating,3.0
2663,FLK,LowerKeys,Lower_Keys,Offshore,2024,1254,24.5113,-81.54078,MAD DECA,MDD,Madracis decactis,encrusting,1.0
2664,FLK,LowerKeys,Lower_Keys,Offshore,2024,1254,24.5113,-81.54078,STE INTE,STI,Stephanocoenia intersepta,submassive,3.0
2665,FLK,LowerKeys,Lower_Keys,Offshore,2024,1255,24.54245,-81.40666,,,,,0.0
2666,FLK,LowerKeys,Lower_Keys,Offshore,2024,1258,24.48239,-81.65946,AGA AGAR,AGA,Agaricia agaricites,encrusting,6.0
2667,FLK,LowerKeys,Lower_Keys,Offshore,2024,1258,24.48239,-81.65946,POR ASTR,POA,Porites astreoides,submassive,2.0
2668,FLK,LowerKeys,Lower_Keys,Offshore,2024,1258,24.48239,-81.65946,SID SIDE,SIS,Siderastrea siderea,massive,6.0
2669,FLK,LowerKeys,Lower_Keys,Offshore,2024,1258,24.48239,-81.65946,STE INTE,STI,Stephanocoenia intersepta,submassive,4.0
2670,FLK,LowerKeys,Lower_Keys,Offshore,2024,1259,24.46163,-81.75029,MAD DECA,MDD,Madracis decactis,encrusting,1.0
2671,FLK,LowerKeys,Lower_Keys,Offshore,2024,1259,24.46163,-81.75029,MON CAVE,MOC,Montastraea cavernosa,massive,1.0
2672,FLK,LowerKeys,Lower_Keys,Offshore,2024,1259,24.46163,-81.75029,SID SIDE,SIS,Siderastrea siderea,massive,3.0
2673,FLK,LowerKeys,Lower_Keys,Offshore,2024,1259,24.46163,-81.75029,STE INTE,STI,Stephanocoenia intersepta,submassive,3.0
2674,FLK,LowerKeys,Lower_Keys,Offshore,2024,1260,24.50106,-81.56212,AGA AGAR,AGA,Agaricia agaricites,encrusting,4.0
2675,FLK,LowerKeys,Lower_Keys,Offshore,2024,1260,24.50106,-81.56212,AGA HUMI,AGH,Agaricia humilis,encrusting,1.0
2676,FLK,LowerKeys,Lower_Keys,Offshore,2024,1260,24.50106,-81.56212,MAD DECA,MDD,Madracis decactis,encrusting,1.0
2677,FLK,LowerKeys,Lower_Keys,Offshore,2024,1260,24.50106,-81.56212,POR ASTR,POA,Porites astreoides,submassive,3.0
2678,FLK,LowerKeys,Lower_Keys,Offshore,2024,1260,24.50106,-81.56212,SID SIDE,SIS,Siderastrea siderea,massive,1.0
2679,FLK,MiddleKeys,Middle_Keys,Offshore,2024,1264,24.7277,-80.80288,AGA AGAR,AGA,Agaricia agaricites,encrusting,6.0
2680,FLK,MiddleKeys,Middle_Keys,Offshore,2024,1264,24.7277,-80.80288,POR ASTR,POA,Porites astreoides,submassive,1.0
2681,FLK,MiddleKeys,Middle_Keys,Offshore,2024,1264,24.7277,-80.80288,SID SIDE,SIS,Siderastrea siderea,massive,2.0
2682,FLK,MiddleKeys,Middle_Keys,Offshore,2024,1264,24.7277,-80.80288,STE INTE,STI,Stephanocoenia intersepta,submassive,1.0
2683,FLK,MiddleKeys,Middle_Keys,Offshore,2024,1267,24.58645,-81.23243,MON CAVE,MOC,Montastraea cavernosa,massive,1.515151515
2684,FLK,MiddleKeys,Middle_Keys,Offshore,2024,1267,24.58645,-81.23243,SID SIDE,SIS,Siderastrea siderea,massive,1.515151515
2685,FLK,MiddleKeys,Middle_Keys,Offshore,2024,1267,24.58645,-81.23243,STE INTE,STI,Stephanocoenia intersepta,submassive,1.515151515
2686,FLK,UpperKeys,Middle_Upper_Transition,Offshore,2024,1268,24.86054,-80.58731,SID SIDE,SIS,Siderastrea siderea,massive,2.0
2687,FLK,UpperKeys,Middle_Upper_Transition,Offshore,2024,1269,24.8393,-80.62691,AGA AGAR,AGA,Agaricia agaricites,encrusting,4.0
2688,FLK,UpperKeys,Middle_Upper_Transition,Offshore,2024,1269,24.8393,-80.62691,SID SIDE,SIS,Siderastrea siderea,massive,2.0
2689,FLK,UpperKeys,Middle_Upper_Transition,Offshore,2024,1269,24.8393,-80.62691,STE INTE,STI,Stephanocoenia intersepta,submassive,1.0
2690,FLK,UpperKeys,Middle_Upper_Transition,Offshore,2024,1271,24.8851,-80.55144,AGA AGAR,AGA,Agaricia agaricites,encrusting,4.0
2691,FLK,UpperKeys,Middle_Upper_Transition,Offshore,2024,1271,24.8851,-80.55144,POR ASTR,POA,Porites astreoides,submassive,2.0
2692,FLK,UpperKeys,Middle_Upper_Transition,Offshore,2024,1271,24.8851,-80.55144,SID SIDE,SIS,Siderastrea siderea,massive,2.0
2693,FLK,UpperKeys,Upper_Keys,Offshore,2024,1277,25.13612,-80.25851,STE INTE,STI,Stephanocoenia intersepta,submassive,1.0
2694,FLK,UpperKeys,Upper_Keys,Offshore,2024,1279,25.27596,-80.17219,AGA AGAR,AGA,Agaricia agaricites,encrusting,4.0
2695,FLK,UpperKeys,Upper_Keys,Offshore,2024,1279,25.27596,-80.17219,SID SIDE,SIS,Siderastrea siderea,massive,1.0
2696,FLK,UpperKeys,Upper_Keys,Offshore,2024,1280,25.17331,-80.22882,,,,,0.0
2697,FLK,UpperKeys,Upper_Keys,Offshore,2024,1281,25.22738,-80.20068,STE INTE,STI,Stephanocoenia intersepta,submassive,1.0
2698,FLK,Biscayne,Biscayne,Offshore,2024,1287,25.69372,-80.08721,AGA AGAR,AGA,Agaricia agaricites,encrusting,1.0
2699,FLK,Biscayne,Biscayne,Offshore,2024,1287,25.69372,-80.08721,POR ASTR,POA,Porites astreoides,submassive,1.0
2700,FLK,LowerKeys,Lower_Keys,Inshore,2024,1292,24.55295,-81.69151,POR DIVA,POD,Porites divaricata,branching,1.0
2701,FLK,LowerKeys,Lower_Keys,Inshore,2024,1293,24.5521,-81.693,OTH CORA,OTH,Other coral,massive,1.0
2702,FLK,UpperKeys,Middle_Upper_Transition,Inshore,2024,1298,24.90413,-80.615,MON CAVE,MOC,Montastraea cavernosa,massive,1.0
2703,FLK,UpperKeys,Middle_Upper_Transition,Inshore,2024,1298,24.90413,-80.615,ORB FAVE,ORF,Orbicella faveolata,massive,7.0
2704,FLK,UpperKeys,Middle_Upper_Transition,Inshore,2024,1298,24.90413,-80.615,SID RADI,SIR,Siderastrea radians,encrusting,1.0
2705,FLK,UpperKeys,Middle_Upper_Transition,Inshore,2024,1298,24.90413,-80.615,SID SIDE,SIS,Siderastrea siderea,massive,6.0
2706,FLK,LowerKeys,Lower_Keys,Offshore,2024,1301,24.56665,-81.39101,MON CAVE,MOC,Montastraea cavernosa,massive,1.0
2707,FLK,LowerKeys,Lower_Keys,Offshore,2024,1301,24.56665,-81.39101,POR ASTR,POA,Porites astreoides,submassive,1.0
2708,FLK,LowerKeys,Lower_Keys,Offshore,2024,1301,24.56665,-81.39101,SID SIDE,SIS,Siderastrea siderea,massive,12.0
2709,FLK,LowerKeys,Lower_Keys,Offshore,2024,1301,24.56665,-81.39101,STE INTE,STI,Stephanocoenia intersepta,submassive,1.0
2710,FLK,UpperKeys,Upper_Keys,Offshore,2024,1305,25.20891,-80.21903,ORB FAVE,ORF,Orbicella faveolata,massive,3.0
2711,FLK,UpperKeys,Upper_Keys,Offshore,2024,1305,25.20891,-80.21903,POR ASTR,POA,Porites astreoides,submassive,4.0
2712,FLK,LowerKeys,Lower_Keys,Offshore,2024,1312,24.49302,-81.66352,,,,,0.0
2713,FLK,LowerKeys,Lower_Keys,Offshore,2024,1314,24.48253,-81.70039,SID SIDE,SIS,Siderastrea siderea,massive,1.0
2714,FLK,MiddleKeys,Middle_Keys,Offshore,2024,1322,24.76487,-80.75495,SID SIDE,SIS,Siderastrea siderea,massive,1.0
2715,FLK,MiddleKeys,Middle_Keys,Offshore,2024,1323,24.76801,-80.75091,POR ASTR,POA,Porites astreoides,submassive,1.0
2716,FLK,MiddleKeys,Middle_Keys,Offshore,2024,1323,24.76801,-80.75091,SID SIDE,SIS,Siderastrea siderea,massive,1.0
2717,FLK,MiddleKeys,Middle_Keys,Offshore,2024,1325,24.68322,-80.97264,SID SIDE,SIS,Siderastrea siderea,massive,1.0
2718,FLK,UpperKeys,Middle_Upper_Transition,Offshore,2024,1332,24.84717,-80.62364,,,,,0.0
2719,FLK,UpperKeys,Upper_Keys,Offshore,2024,1334,25.22668,-80.20502,POR ASTR,POA,Porites astreoides,submassive,1.0
2720,FLK,UpperKeys,Upper_Keys,Offshore,2024,1334,25.22668,-80.20502,SID SIDE,SIS,Siderastrea siderea,massive,1.0
2721,FLK,UpperKeys,Upper_Keys,Offshore,2024,1336,25.14432,-80.26057,,,,,0.0
2722,FLK,UpperKeys,Upper_Keys,Offshore,2024,1337,25.14147,-80.26066,POR ASTR,POA,Porites astreoides,submassive,1.0
2723,FLK,UpperKeys,Upper_Keys,Offshore,2024,1339,25.03604,-80.3497,,,,,0.0
2724,FLK,LowerKeys,Lower_Keys,Offshore,2024,1343,24.54432,-81.4103,SID SIDE,SIS,Siderastrea siderea,massive,3.0
2725,FLK,LowerKeys,Lower_Keys,Offshore,2024,1353,24.45346,-81.87549,POR ASTR,POA,Porites astreoides,submassive,2.0
2726,FLK,MiddleKeys,Middle_Keys,Offshore,2024,1354,24.6819,-80.97296,SID SIDE,SIS,Siderastrea siderea,massive,3.0
2727,FLK,MiddleKeys,Middle_Keys,Offshore,2024,1354,24.6819,-80.97296,STE INTE,STI,Stephanocoenia intersepta,submassive,1.0
2728,FLK,UpperKeys,Middle_Upper_Transition,Offshore,2024,1362,24.84981,-80.61716,SOL BOUR,SOB,Solenastrea bournoni,massive,1.0
2729,FLK,UpperKeys,Upper_Keys,Offshore,2024,1364,25.22039,-80.21117,POR ASTR,POA,Porites astreoides,submassive,2.0
2730,FLK,UpperKeys,Upper_Keys,Offshore,2024,1366,25.14108,-80.25801,,,,,0.0
2731,FLK,UpperKeys,Upper_Keys,MidChannel,2024,1367,25.10677,-80.30501,SID SIDE,SIS,Siderastrea siderea,massive,1.0
2732,FLK,UpperKeys,Upper_Keys,MidChannel,2024,1367,25.10677,-80.30501,STE INTE,STI,Stephanocoenia intersepta,submassive,1.0
2733,FLK,UpperKeys,Upper_Keys,Offshore,2024,1371,25.01343,-80.36956,,,,,0.0
2734,FLK,UpperKeys,Middle_Upper_Transition,Offshore,2024,1372,24.95131,-80.45762,,,,,0.0
2735,FLK,UpperKeys,Middle_Upper_Transition,Offshore,2024,1374,24.84438,-80.62182,SID SIDE,SIS,Siderastrea siderea,massive,1.0
2736,FLK,UpperKeys,Upper_Keys,Offshore,2024,1375,25.20423,-80.21751,SID SIDE,SIS,Siderastrea siderea,massive,1.0
2737,FLK,LowerKeys,Lower_Keys,Offshore,2024,1381,24.47847,-81.71773,MYC ALIC,MYA,Mycetophyllia aliciae,plating,1.0
2738,FLK,LowerKeys,Lower_Keys,Offshore,2024,1381,24.47847,-81.71773,POR ASTR,POA,Porites astreoides,submassive,1.0
2739,FLK,LowerKeys,Lower_Keys,Offshore,2024,1381,24.47847,-81.71773,SID SIDE,SIS,Siderastrea siderea,massive,2.0
2740,FLK,LowerKeys,Lower_Keys,Offshore,2024,1382,24.45083,-81.87974,EUS FAST,EUF,Eusmilia fastigiata,branching,1.0
2741,FLK,LowerKeys,Lower_Keys,Offshore,2024,1382,24.45083,-81.87974,MON CAVE,MOC,Montastraea cavernosa,massive,1.0
2742,FLK,LowerKeys,Lower_Keys,Offshore,2024,1382,24.45083,-81.87974,POR ASTR,POA,Porites astreoides,submassive,2.0
2743,FLK,LowerKeys,Lower_Keys,Offshore,2024,1382,24.45083,-81.87974,POR PORI,POP,Porites porites,branching,1.0
2744,FLK,LowerKeys,Lower_Keys,Offshore,2024,1382,24.45083,-81.87974,SID SIDE,SIS,Siderastrea siderea,massive,5.0
2745,FLK,LowerKeys,Lower_Keys,Offshore,2024,1382,24.45083,-81.87974,STE INTE,STI,Stephanocoenia intersepta,submassive,1.0
2746,FLK,UpperKeys,Upper_Keys,Offshore,2024,1394,25.0073,-80.37529,SID SIDE,SIS,Siderastrea siderea,massive,1.0
2747,FLK,UpperKeys,Upper_Keys,Offshore,2024,1394,25.0073,-80.37529,STE INTE,STI,Stephanocoenia intersepta,submassive,1.0
2748,FLK,LowerKeys,Lower_Keys,Offshore,2024,1396,24.47744,-81.72008,AGA AGAR,AGA,Agaricia agaricites,encrusting,1.0
2749,FLK,LowerKeys,Lower_Keys,Offshore,2024,1396,24.47744,-81.72008,POR ASTR,POA,Porites astreoides,submassive,2.0
2750,FLK,LowerKeys,Lower_Keys,Offshore,2024,1396,24.47744,-81.72008,SID SIDE,SIS,Siderastrea siderea,massive,2.0
2751,FLK,LowerKeys,Lower_Keys,Offshore,2024,1396,24.47744,-81.72008,STE INTE,STI,Stephanocoenia intersepta,submassive,3.0
2752,FLK,UpperKeys,Upper_Keys,Offshore,2024,1398,25.20461,-80.21297,SID SIDE,SIS,Siderastrea siderea,massive,2.0
2753,FLK,UpperKeys,Upper_Keys,Offshore,2024,1398,25.20461,-80.21297,STE INTE,STI,Stephanocoenia intersepta,submassive,1.0
2754,FLK,UpperKeys,Upper_Keys,Offshore,2024,1399,25.20891,-80.2167,ORB ANCX,ORAS,Orbicella annularis species complex,massive,1.0
2755,FLK,UpperKeys,Upper_Keys,Offshore,2024,1399,25.20891,-80.2167,POR ASTR,POA,Porites astreoides,submassive,1.0
2756,FLK,LowerKeys,Lower_Keys,MidChannel,2024,1411,24.52246,-81.65765,SID SIDE,SIS,Siderastrea siderea,massive,10.0
2757,FLK,LowerKeys,Lower_Keys,MidChannel,2024,1411,24.52246,-81.65765,STE INTE,STI,Stephanocoenia intersepta,submassive,1.0
2758,FLK,LowerKeys,Lower_Keys,Offshore,2024,1421,24.51829,-81.61917,MON CAVE,MOC,Montastraea cavernosa,massive,2.0
2759,FLK,LowerKeys,Lower_Keys,Offshore,2024,1421,24.51829,-81.61917,POR ASTR,POA,Porites astreoides,submassive,1.0
2760,FLK,LowerKeys,Lower_Keys,Offshore,2024,1421,24.51829,-81.61917,SID SIDE,SIS,Siderastrea siderea,massive,10.0
2761,FLK,LowerKeys,Lower_Keys,Offshore,2024,1421,24.51829,-81.61917,STE INTE,STI,Stephanocoenia intersepta,submassive,2.0
2762,FLK,LowerKeys,Lower_Keys,Offshore,2024,1470,24.52602,-81.53895,SID SIDE,SIS,Siderastrea siderea,massive,3.0
2763,FLK,LowerKeys,Lower_Keys,Offshore,2024,1507,24.50521,-81.61752,SID SIDE,SIS,Siderastrea siderea,massive,1.0
2764,FLK,LowerKeys,Lower_Keys,Offshore,2024,1507,24.50521,-81.61752,STE INTE,STI,Stephanocoenia intersepta,submassive,2.0
2765,FLK,MiddleKeys,Middle_Keys,Offshore,2024,1565,24.66663,-80.98309,SID SIDE,SIS,Siderastrea siderea,massive,1.0
2766,FLK,MiddleKeys,Middle_Keys,Offshore,2024,1566,24.63583,-81.07148,SID SIDE,SIS,Siderastrea siderea,massive,4.0
2767,FLK,UpperKeys,Middle_Upper_Transition,Offshore,2024,1669,24.84353,-80.61657,AGA AGAR,AGA,Agaricia agaricites,encrusting,5.0
2768,FLK,UpperKeys,Middle_Upper_Transition,Offshore,2024,1669,24.84353,-80.61657,POR ASTR,POA,Porites astreoides,submassive,3.0
2769,FLK,UpperKeys,Middle_Upper_Transition,Offshore,2024,1669,24.84353,-80.61657,SID SIDE,SIS,Siderastrea siderea,massive,4.0
2770,FLK,UpperKeys,Middle_Upper_Transition,Offshore,2024,1669,24.84353,-80.61657,STE INTE,STI,Stephanocoenia intersepta,submassive,2.0
2771,FLK,UpperKeys,Middle_Upper_Transition,Offshore,2024,1672,24.93378,-80.47624,AGA AGAR,AGA,Agaricia agaricites,encrusting,6.0
2772,FLK,UpperKeys,Middle_Upper_Transition,Offshore,2024,1672,24.93378,-80.47624,MON CAVE,MOC,Montastraea cavernosa,massive,1.0
2773,FLK,UpperKeys,Middle_Upper_Transition,Offshore,2024,1672,24.93378,-80.47624,POR PORI,POP,Porites porites,branching,1.0
2774,FLK,UpperKeys,Middle_Upper_Transition,Offshore,2024,1672,24.93378,-80.47624,SID SIDE,SIS,Siderastrea siderea,massive,1.0
2775,FLK,UpperKeys,Middle_Upper_Transition,Offshore,2024,1672,24.93378,-80.47624,STE INTE,STI,Stephanocoenia intersepta,submassive,1.0
2776,FLK,LowerKeys,Lower_Keys,Inshore,2024,8002,24.61359,-81.39339,SOL BOUR,SOB,Solenastrea bournoni,massive,1.0
2777,FLK,LowerKeys,Lower_Keys,Inshore,2024,8005,24.61461,-81.39344,SID SIDE,SIS,Siderastrea siderea,massive,20.0
2778,FLK,LowerKeys,Lower_Keys,Inshore,2024,8005,24.61461,-81.39344,STE INTE,STI,Stephanocoenia intersepta,submassive,1.0
2779,FLK,LowerKeys,Lower_Keys,Inshore,2024,8007,24.61588,-81.39077,ORB FAVE,ORF,Orbicella faveolata,massive,1.0
2780,FLK,LowerKeys,Lower_Keys,Inshore,2024,8009,24.61422,-81.39231,ORB FAVE,ORF,Orbicella faveolata,massive,2.0
2781,FLK,LowerKeys,Lower_Keys,Inshore,2024,8009,24.61422,-81.39231,SID SIDE,SIS,Siderastrea siderea,massive,1.0
2782,FLK,LowerKeys,Lower_Keys,Inshore,2024,8009,24.61422,-81.39231,STE INTE,STI,Stephanocoenia intersepta,submassive,2.0
2783,FLK,UpperKeys,Middle_Upper_Transition,Inshore,2024,8012,24.89683,-80.61849,COL NATA,CON,Colpophyllia natans,massive,2.0
2784,FLK,UpperKeys,Middle_Upper_Transition,Inshore,2024,8012,24.89683,-80.61849,DIP LABY,DIL,Diploria labyrinthiformis,massive,2.0
2785,FLK,UpperKeys,Middle_Upper_Transition,Inshore,2024,8012,24.89683,-80.61849,ORB ANNU,ORA,Orbicella annularis,massive,1.0
2786,FLK,UpperKeys,Middle_Upper_Transition,Inshore,2024,8012,24.89683,-80.61849,ORB FAVE,ORF,Orbicella faveolata,massive,15.0
2787,FLK,UpperKeys,Middle_Upper_Transition,Inshore,2024,8012,24.89683,-80.61849,SID SIDE,SIS,Siderastrea siderea,massive,1.0
2788,FLK,UpperKeys,Middle_Upper_Transition,Inshore,2024,8013,24.89684,-80.62004,MON CAVE,MOC,Montastraea cavernosa,massive,4.0
2789,FLK,UpperKeys,Middle_Upper_Transition,Inshore,2024,8013,24.89684,-80.62004,ORB ANNU,ORA,Orbicella annularis,massive,1.0
2790,FLK,UpperKeys,Middle_Upper_Transition,Inshore,2024,8013,24.89684,-80.62004,ORB FAVE,ORF,Orbicella faveolata,massive,4.0
2791,FLK,UpperKeys,Middle_Upper_Transition,Inshore,2024,8013,24.89684,-80.62004,POR ASTR,POA,Porites astreoides,submassive,1.0
2792,FLK,UpperKeys,Middle_Upper_Transition,Inshore,2024,8013,24.89684,-80.62004,SID RADI,SIR,Siderastrea radians,encrusting,2.0
2793,FLK,UpperKeys,Middle_Upper_Transition,Inshore,2024,8013,24.89684,-80.62004,SID SIDE,SIS,Siderastrea siderea,massive,9.0
2794,FLK,UpperKeys,Middle_Upper_Transition,Inshore,2024,8013,24.89684,-80.62004,STE INTE,STI,Stephanocoenia intersepta,submassive,1.0
2795,FLK,UpperKeys,Middle_Upper_Transition,Inshore,2024,8017,24.89638,-80.61802,SID SIDE,SIS,Siderastrea siderea,massive,15.0
2796,FLK,UpperKeys,Middle_Upper_Transition,Inshore,2024,8018,24.89689,-80.61702,MON CAVE,MOC,Montastraea cavernosa,massive,1.0
2797,FLK,UpperKeys,Middle_Upper_Transition,Inshore,2024,8018,24.89689,-80.61702,ORB FAVE,ORF,Orbicella faveolata,massive,9.0
2798,FLK,UpperKeys,Middle_Upper_Transition,Inshore,2024,8018,24.89689,-80.61702,SID SIDE,SIS,Siderastrea siderea,massive,13.0
2799,FLK,UpperKeys,Middle_Upper_Transition,Inshore,2024,8018,24.89689,-80.61702,STE INTE,STI,Stephanocoenia intersepta,submassive,6.0
2800,FLK,UpperKeys,Middle_Upper_Transition,Inshore,2024,8019,24.89683,-80.62053,ORB ANNU,ORA,Orbicella annularis,massive,3.0
2801,FLK,UpperKeys,Middle_Upper_Transition,Inshore,2024,8019,24.89683,-80.62053,ORB FAVE,ORF,Orbicella faveolata,massive,12.0
2802,FLK,UpperKeys,Middle_Upper_Transition,Inshore,2024,8019,24.89683,-80.62053,SID SIDE,SIS,Siderastrea siderea,massive,5.0
2803,FLK,UpperKeys,Middle_Upper_Transition,Inshore,2024,8020,24.89724,-80.62149,ORB ANNU,ORA,Orbicella annularis,massive,4.0
2804,FLK,UpperKeys,Middle_Upper_Transition,Inshore,2024,8020,24.89724,-80.62149,ORB FAVE,ORF,Orbicella faveolata,massive,6.0
2805,FLK,UpperKeys,Middle_Upper_Transition,Inshore,2024,8020,24.89724,-80.62149,POR ASTR,POA,Porites astreoides,submassive,1.0
2806,FLK,UpperKeys,Middle_Upper_Transition,Inshore,2024,8020,24.89724,-80.62149,SID SIDE,SIS,Siderastrea siderea,massive,1.0
2807,FLK,UpperKeys,Middle_Upper_Transition,Inshore,2024,8021,24.89729,-80.61838,MON CAVE,MOC,Montastraea cavernosa,massive,13.0
2808,FLK,UpperKeys,Middle_Upper_Transition,Inshore,2024,8021,24.89729,-80.61838,SID RADI,SIR,Siderastrea radians,encrusting,2.0
2809,FLK,UpperKeys,Middle_Upper_Transition,Inshore,2024,8021,24.89729,-80.61838,SID SIDE,SIS,Siderastrea siderea,massive,19.0
2810,FLK,UpperKeys,Upper_Keys,Offshore,2024,8048,25.22432,-80.20955,POR ASTR,POA,Porites astreoides,submassive,1.0
2811,FLK,UpperKeys,Upper_Keys,Offshore,2024,8050,25.21132,-80.21951,,,,,0.0
2812,FLK,LowerKeys,Lower_Keys,Offshore,2024,8054,24.46014,-81.84536,,,,,0.0
2813,FLK,LowerKeys,Lower_Keys,Offshore,2024,8055,24.45966,-81.84396,ORB ANNU,ORA,Orbicella annularis,massive,1.0
2814,FLK,LowerKeys,Lower_Keys,Offshore,2024,8055,24.45966,-81.84396,POR ASTR,POA,Porites astreoides,submassive,5.0
2815,FLK,LowerKeys,Lower_Keys,Offshore,2024,8056,24.46006,-81.84296,POR ASTR,POA,Porites astreoides,submassive,3.0
2816,FLK,LowerKeys,Lower_Keys,Offshore,2024,8056,24.46006,-81.84296,SID SIDE,SIS,Siderastrea siderea,massive,7.0
2817,FLK,LowerKeys,Lower_Keys,Offshore,2024,8057,24.54676,-81.40457,,,,,0.0
2818,FLK,LowerKeys,Lower_Keys,Offshore,2024,8058,24.54678,-81.40313,AGA SPE.,AG,Agaricia spp,encrusting,5.0
2819,FLK,LowerKeys,Lower_Keys,Offshore,2024,8058,24.54678,-81.40313,SID SIDE,SIS,Siderastrea siderea,massive,1.0
2820,FLK,LowerKeys,Lower_Keys,Offshore,2024,8059,24.54549,-81.40946,,,,,0.0
2821,FLK,MiddleKeys,Middle_Keys,Offshore,2024,8060,24.62632,-81.11043,POR ASTR,POA,Porites astreoides,submassive,1.0
2822,FLK,UpperKeys,Upper_Keys,Offshore,2024,8067,25.21639,-80.21851,SID SIDE,SIS,Siderastrea siderea,massive,1.0
2823,FLK,LowerKeys,Lower_Keys,Offshore,2024,8072,24.54502,-81.4061,MON CAVE,MOC,Montastraea cavernosa,massive,1.0
2824,FLK,LowerKeys,Lower_Keys,Offshore,2024,8072,24.54502,-81.4061,SID SIDE,SIS,Siderastrea siderea,massive,1.0
2825,FLK,MiddleKeys,Middle_Keys,Offshore,2024,8074,24.62589,-81.10961,SID SIDE,SIS,Siderastrea siderea,massive,2.0
2826,FLK,MiddleKeys,Middle_Keys,Offshore,2024,8075,24.62488,-81.11191,,,,,0.0
2827,FLK,UpperKeys,Upper_Keys,Offshore,2024,8076,25.22167,-80.20995,SID SIDE,SIS,Siderastrea siderea,massive,1.0
2828,FLK,UpperKeys,Upper_Keys,Offshore,2024,8077,25.2185,-80.21521,,,,,0.0
2829,FLK,UpperKeys,Upper_Keys,Offshore,2024,8078,25.22751,-80.20597,,,,,0.0
2830,FLK,UpperKeys,Upper_Keys,Offshore,2024,8079,25.21897,-80.21183,POR PORI,POP,Porites porites,branching,1.0
2831,FLK,UpperKeys,Upper_Keys,Offshore,2024,8079,25.21897,-80.21183,SID RADI,SIR,Siderastrea radians,encrusting,1.0
2832,FLK,UpperKeys,Upper_Keys,Offshore,2024,8080,25.2244,-80.208,,,,,0.0
2833,FLK,UpperKeys,Upper_Keys,Offshore,2024,8084,25.21942,-80.21101,,,,,0.0
2834,FLK,UpperKeys,Upper_Keys,Offshore,2024,8087,25.20901,-80.21861,POR ASTR,POA,Porites astreoides,submassive,1.0
2835,FLK,UpperKeys,Upper_Keys,Offshore,2024,8087,25.20901,-80.21861,SID RADI,SIR,Siderastrea radians,encrusting,1.0
2836,FLK,UpperKeys,Upper_Keys,Offshore,2024,8089,25.21174,-80.2176,,,,,0.0
2837,FLK,LowerKeys,Lower_Keys,Offshore,2024,8090,24.4596,-81.84245,,,,,0.0
2838,FLK,LowerKeys,Lower_Keys,Offshore,2024,8091,24.45868,-81.84397,,,,,0.0
2839,FLK,LowerKeys,Lower_Keys,Offshore,2024,8092,24.45869,-81.84345,,,,,0.0
2840,FLK,LowerKeys,Lower_Keys,Offshore,2024,8094,24.54362,-81.40951,,,,,0.0
2841,FLK,LowerKeys,Lower_Keys,Offshore,2024,8096,24.54683,-81.40079,MON CAVE,MOC,Montastraea cavernosa,massive,1.0
2842,FLK,LowerKeys,Lower_Keys,Offshore,2024,8096,24.54683,-81.40079,SID SIDE,SIS,Siderastrea siderea,massive,1.0
2843,FLK,LowerKeys,Lower_Keys,Offshore,2024,8097,24.5459,-81.40217,DIP SPE.,DILS,Diploria spp,massive,1.0
2844,FLK,LowerKeys,Lower_Keys,Offshore,2024,8098,24.5464,-81.4017,,,,,0.0
2845,FLK,MiddleKeys,Middle_Keys,Offshore,2024,8099,24.62624,-81.108,DIP LABY,DIL,Diploria labyrinthiformis,massive,1.0
2846,FLK,LowerKeys,Lower_Keys,Inshore,2024,8100,24.61459,-81.39289,ORB ANNU,ORA,Orbicella annularis,massive,1.0
2847,FLK,LowerKeys,Lower_Keys,Inshore,2024,8100,24.61459,-81.39289,SID SIDE,SIS,Siderastrea siderea,massive,7.0
2848,FLK,LowerKeys,Lower_Keys,Inshore,2024,8102,24.61458,-81.37965,ORB ANNU,ORA,Orbicella annularis,massive,1.0
2849,FLK,LowerKeys,Lower_Keys,Inshore,2024,8102,24.61458,-81.37965,SID RADI,SIR,Siderastrea radians,encrusting,1.0
2850,FLK,LowerKeys,Lower_Keys,Inshore,2024,8104,24.61401,-81.39243,SID SIDE,SIS,Siderastrea siderea,massive,6.0
2851,FLK,UpperKeys,Middle_Upper_Transition,Inshore,2024,8110,24.89774,-80.61802,COL NATA,CON,Colpophyllia natans,massive,1.0
2852,FLK,UpperKeys,Middle_Upper_Transition,Inshore,2024,8110,24.89774,-80.61802,MON CAVE,MOC,Montastraea cavernosa,massive,3.0
2853,FLK,UpperKeys,Middle_Upper_Transition,Inshore,2024,8110,24.89774,-80.61802,ORB FAVE,ORF,Orbicella faveolata,massive,8.0
2854,FLK,UpperKeys,Middle_Upper_Transition,Inshore,2024,8110,24.89774,-80.61802,SID SIDE,SIS,Siderastrea siderea,massive,5.0
2855,FLK,UpperKeys,Middle_Upper_Transition,Inshore,2024,8114,24.89636,-80.61955,ORB ANNU,ORA,Orbicella annularis,massive,2.0
2856,FLK,UpperKeys,Middle_Upper_Transition,Inshore,2024,8114,24.89636,-80.61955,ORB FAVE,ORF,Orbicella faveolata,massive,6.0
2857,FLK,UpperKeys,Middle_Upper_Transition,Inshore,2024,8114,24.89636,-80.61955,POR ASTR,POA,Porites astreoides,submassive,1.0
2858,FLK,UpperKeys,Middle_Upper_Transition,Inshore,2024,8114,24.89636,-80.61955,SID SIDE,SIS,Siderastrea siderea,massive,12.0
2859,FLK,UpperKeys,Middle_Upper_Transition,Inshore,2024,8115,24.90449,-80.61555,ORB FAVE,ORF,Orbicella faveolata,massive,9.0
2860,FLK,UpperKeys,Middle_Upper_Transition,Inshore,2024,8115,24.90449,-80.61555,POR ASTR,POA,Porites astreoides,submassive,2.0
2861,FLK,UpperKeys,Middle_Upper_Transition,Inshore,2024,8115,24.90449,-80.61555,SID SIDE,SIS,Siderastrea siderea,massive,9.0
2862,FLK,UpperKeys,Middle_Upper_Transition,Inshore,2024,8116,24.90403,-80.61806,COL NATA,CON,Colpophyllia natans,massive,4.0
2863,FLK,UpperKeys,Middle_Upper_Transition,Inshore,2024,8116,24.90403,-80.61806,ORB FAVE,ORF,Orbicella faveolata,massive,7.0
2864,FLK,UpperKeys,Middle_Upper_Transition,Inshore,2024,8116,24.90403,-80.61806,POR PORI,POP,Porites porites,branching,1.0
2865,FLK,UpperKeys,Middle_Upper_Transition,Inshore,2024,8116,24.90403,-80.61806,SID SIDE,SIS,Siderastrea siderea,massive,6.0
2866,FLK,UpperKeys,Upper_Keys,Offshore,2024,8121,25.21311,-80.21904,EUS FAST,EUF,Eusmilia fastigiata,branching,1.0
2867,FLK,UpperKeys,Upper_Keys,Offshore,2024,8121,25.21311,-80.21904,POR PORI,POP,Porites porites,branching,3.0
2868,FLK,UpperKeys,Upper_Keys,Offshore,2024,8121,25.21311,-80.21904,SID SIDE,SIS,Siderastrea siderea,massive,5.0
2869,FLK,UpperKeys,Upper_Keys,Offshore,2024,8123,25.20939,-80.21904,POR ASTR,POA,Porites astreoides,submassive,6.0
2870,FLK,UpperKeys,Upper_Keys,Offshore,2024,8123,25.20939,-80.21904,SID SIDE,SIS,Siderastrea siderea,massive,4.0
2871,FLK,UpperKeys,Upper_Keys,MidChannel,2024,8126,25.14037,-80.29441,,,,,0.0
2872,FLK,UpperKeys,Upper_Keys,Offshore,2024,8131,25.22479,-80.21002,,,,,0.0
2873,FLK,UpperKeys,Upper_Keys,Offshore,2024,8136,25.22032,-80.212,,,,,0.0
2874,FLK,UpperKeys,Upper_Keys,Offshore,2024,8145,25.22347,-80.20999,POR ASTR,POA,Porites astreoides,submassive,2.0
2875,FLK,UpperKeys,Upper_Keys,Offshore,2024,8146,25.22524,-80.20905,POR ASTR,POA,Porites astreoides,submassive,5.0
2876,FLK,UpperKeys,Upper_Keys,Offshore,2024,8146,25.22524,-80.20905,SID SIDE,SIS,Siderastrea siderea,massive,1.0
2877,FLK,UpperKeys,Upper_Keys,Offshore,2024,8147,25.22431,-80.20905,POR ASTR,POA,Porites astreoides,submassive,5.0
2878,FLK,UpperKeys,Upper_Keys,Offshore,2024,8149,25.21217,-80.21798,POR ASTR,POA,Porites astreoides,submassive,1.0
2879,FLK,UpperKeys,Upper_Keys,Offshore,2024,8152,25.20799,-80.21998,EUS FAST,EUF,Eusmilia fastigiata,branching,1.0
2880,FLK,UpperKeys,Upper_Keys,Offshore,2024,8152,25.20799,-80.21998,POR PORI,POP,Porites porites,branching,1.0
2881,FLK,LowerKeys,Lower_Keys,Offshore,2024,8153,24.45962,-81.84538,SID SIDE,SIS,Siderastrea siderea,massive,1.0
2882,FLK,LowerKeys,Lower_Keys,Offshore,2024,8155,24.46233,-81.84191,POR ASTR,POA,Porites astreoides,submassive,2.0
2883,FLK,LowerKeys,Lower_Keys,Offshore,2024,8157,24.54681,-81.40363,POR ASTR,POA,Porites astreoides,submassive,1.0
2884,FLK,LowerKeys,Lower_Keys,Offshore,2024,8173,24.54539,-81.40465,MON CAVE,MOC,Montastraea cavernosa,massive,1.0
2885,FLK,MiddleKeys,Middle_Keys,Offshore,2024,8174,24.62586,-81.10898,,,,,0.0
2886,FLK,UpperKeys,Upper_Keys,Offshore,2024,8176,25.21811,-80.21398,POR ASTR,POA,Porites astreoides,submassive,1.0
2887,FLK,UpperKeys,Upper_Keys,Offshore,2024,8176,25.21811,-80.21398,SID SIDE,SIS,Siderastrea siderea,massive,3.0
2888,FLK,UpperKeys,Upper_Keys,Offshore,2024,8181,25.21718,-80.21355,POR PORI,POP,Porites porites,branching,1.0
2889,FLK,UpperKeys,Upper_Keys,Offshore,2024,8181,25.21718,-80.21355,SID SIDE,SIS,Siderastrea siderea,massive,2.0
2890,FLK,UpperKeys,Upper_Keys,Offshore,2024,8183,25.21898,-80.21147,AGA AGAR,AGA,Agaricia agaricites,encrusting,1.0
2891,FLK,UpperKeys,Upper_Keys,Offshore,2024,8183,25.21898,-80.21147,POR PORI,POP,Porites porites,branching,1.0
2892,FLK,UpperKeys,Upper_Keys,Offshore,2024,8185,25.21314,-80.21699,EUS FAST,EUF,Eusmilia fastigiata,branching,1.0
2893,FLK,UpperKeys,Upper_Keys,Offshore,2024,8185,25.21314,-80.21699,POR PORI,POP,Porites porites,branching,1.0
2894,FLK,UpperKeys,Upper_Keys,Offshore,2024,8185,25.21314,-80.21699,SID RADI,SIR,Siderastrea radians,encrusting,1.0
2895,FLK,UpperKeys,Upper_Keys,Offshore,2024,8185,25.21314,-80.21699,SID SIDE,SIS,Siderastrea siderea,massive,2.0
2896,FLK,UpperKeys,Upper_Keys,Offshore,2024,8186,25.20634,-80.22202,,,,,0.0
2897,FLK,UpperKeys,Upper_Keys,Offshore,2024,8189,25.21715,-80.21656,POR ASTR,POA,Porites astreoides,submassive,1.0
2898,FLK,UpperKeys,Upper_Keys,Offshore,2024,8189,25.21715,-80.21656,SID RADI,SIR,Siderastrea radians,encrusting,1.0
2899,FLK,LowerKeys,Lower_Keys,Offshore,2024,8191,24.46193,-81.84039,,,,,0.0
2900,FLK,LowerKeys,Lower_Keys,Offshore,2024,8192,24.46016,-81.84087,SID SIDE,SIS,Siderastrea siderea,massive,1.0
2901,FLK,LowerKeys,Lower_Keys,Offshore,2024,8195,24.54626,-81.40404,MON CAVE,MOC,Montastraea cavernosa,massive,2.0
2902,FLK,LowerKeys,Lower_Keys,Offshore,2024,8195,24.54626,-81.40404,POR ASTR,POA,Porites astreoides,submassive,1.0
2903,FLK,LowerKeys,Lower_Keys,Offshore,2024,8195,24.54626,-81.40404,SID SIDE,SIS,Siderastrea siderea,massive,1.0
2904,FLK,LowerKeys,Lower_Keys,Inshore,2024,8200,24.61463,-81.38071,ORB ANNU,ORA,Orbicella annularis,massive,6.0
2905,FLK,LowerKeys,Lower_Keys,Inshore,2024,8200,24.61463,-81.38071,SID SIDE,SIS,Siderastrea siderea,massive,2.0
2906,FLK,LowerKeys,Lower_Keys,Inshore,2024,8202,24.61784,-81.38011,ORB ANNU,ORA,Orbicella annularis,massive,1.0
2907,FLK,LowerKeys,Lower_Keys,Inshore,2024,8202,24.61784,-81.38011,SID RADI,SIR,Siderastrea radians,encrusting,1.0
2908,FLK,LowerKeys,Lower_Keys,Inshore,2024,8211,24.61518,-81.38414,ORB ANNU,ORA,Orbicella annularis,massive,1.0
2909,FLK,LowerKeys,Lower_Keys,Inshore,2024,8211,24.61518,-81.38414,SID RADI,SIR,Siderastrea radians,encrusting,1.0
2910,FLK,UpperKeys,Upper_Keys,Offshore,2024,8238,25.20727,-80.22203,,,,,0.0
2911,FLK,UpperKeys,Upper_Keys,Offshore,2024,8240,25.20908,-80.21947,POR ASTR,POA,Porites astreoides,submassive,6.0
2912,FLK,UpperKeys,Upper_Keys,MidChannel,2024,8246,25.13897,-80.29486,SID RADI,SIR,Siderastrea radians,encrusting,1.0
2913,FLK,UpperKeys,Upper_Keys,MidChannel,2024,8252,25.13993,-80.29438,POR ASTR,POA,Porites astreoides,submassive,2.0
2914,FLK,UpperKeys,Upper_Keys,Offshore,2024,8253,25.22665,-80.2115,SID RADI,SIR,Siderastrea radians,encrusting,1.0
2915,FLK,LowerKeys,Lower_Keys,Offshore,2024,8283,24.46341,-81.84234,POR ASTR,POA,Porites astreoides,submassive,1.0
2916,FLK,LowerKeys,Lower_Keys,Offshore,2024,8284,24.46326,-81.84143,POR ASTR,POA,Porites astreoides,submassive,2.0
2917,FLK,UpperKeys,Upper_Keys,Offshore,2024,8297,25.22438,-80.21108,,,,,0.0
2918,FLK,UpperKeys,Upper_Keys,Offshore,2024,8298,25.22164,-80.21049,ORB FAVE,ORF,Orbicella faveolata,massive,2.0
2919,FLK,UpperKeys,Upper_Keys,Offshore,2024,8298,25.22164,-80.21049,POR ASTR,POA,Porites astreoides,submassive,1.0
2920,FLK,UpperKeys,Upper_Keys,Offshore,2024,8302,25.22301,-80.21003,,,,,0.0
2921,FLK,UpperKeys,Upper_Keys,Offshore,2024,8305,25.22076,-80.21102,POR ASTR,POA,Porites astreoides,submassive,2.0
2922,FLK,UpperKeys,Upper_Keys,Offshore,2024,8306,25.22571,-80.20854,POR ASTR,POA,Porites astreoides,submassive,1.0
2923,FLK,UpperKeys,Upper_Keys,Offshore,2024,8306,25.22571,-80.20854,SID SIDE,SIS,Siderastrea siderea,massive,3.0
2924,FLK,UpperKeys,Upper_Keys,Offshore,2024,8312,25.21085,-80.21849,POR ASTR,POA,Porites astreoides,submassive,6.0
2925,FLK,UpperKeys,Upper_Keys,Offshore,2024,8313,25.21043,-80.2185,POR ASTR,POA,Porites astreoides,submassive,5.0
2926,FLK,MiddleKeys,Middle_Keys,Offshore,2024,8325,24.62588,-81.11142,POR ASTR,POA,Porites astreoides,submassive,1.0
2927,FLK,MiddleKeys,Middle_Keys,Offshore,2024,8325,24.62588,-81.11142,SID RADI,SIR,Siderastrea radians,encrusting,1.0
2928,FLK,MiddleKeys,Middle_Keys,Offshore,2024,8326,24.62629,-81.10989,POR ASTR,POA,Porites astreoides,submassive,1.0
2929,FLK,UpperKeys,Upper_Keys,Offshore,2024,8329,25.21948,-80.21648,MON CAVE,MOC,Montastraea cavernosa,massive,1.0
2930,FLK,UpperKeys,Upper_Keys,Offshore,2024,8329,25.21948,-80.21648,ORB FAVE,ORF,Orbicella faveolata,massive,1.0
2931,FLK,UpperKeys,Upper_Keys,Offshore,2024,8329,25.21948,-80.21648,SID SIDE,SIS,Siderastrea siderea,massive,2.0
2932,FLK,LowerKeys,Lower_Keys,Offshore,2024,8356,24.4592,-81.84196,,,,,0.0
2933,FLK,LowerKeys,Lower_Keys,Offshore,2024,8358,24.54641,-81.39965,,,,,0.0
2934,FLK,UpperKeys,Upper_Keys,Offshore,2024,8367,25.21803,-80.21352,POR PORI,POP,Porites porites,branching,1.0
2935,FLK,UpperKeys,Upper_Keys,Offshore,2024,8382,25.22302,-80.209,,,,,0.0
2936,FLK,UpperKeys,Upper_Keys,Offshore,2024,8386,25.20672,-80.22055,DIP LABY,DIL,Diploria labyrinthiformis,massive,1.0
2937,FLK,UpperKeys,Upper_Keys,Offshore,2024,8386,25.20672,-80.22055,ORB FAVE,ORF,Orbicella faveolata,massive,1.0
2938,FLK,UpperKeys,Upper_Keys,Offshore,2024,8386,25.20672,-80.22055,POR ASTR,POA,Porites astreoides,submassive,1.0
2939,FLK,UpperKeys,Upper_Keys,Offshore,2024,8386,25.20672,-80.22055,SID SIDE,SIS,Siderastrea siderea,massive,2.0
2940,FLK,UpperKeys,Upper_Keys,Offshore,2024,8388,25.21357,-80.21605,POR PORI,POP,Porites porites,branching,1.0
2941,FLK,UpperKeys,Upper_Keys,Offshore,2024,8389,25.20716,-80.22058,AGA AGAR,AGA,Agaricia agaricites,encrusting,1.0
2942,FLK,UpperKeys,Upper_Keys,Offshore,2024,8389,25.20716,-80.22058,POR ASTR,POA,Porites astreoides,submassive,4.0
2943,FLK,UpperKeys,Upper_Keys,Offshore,2024,8389,25.20716,-80.22058,POR PORI,POP,Porites porites,branching,1.0
2944,FLK,UpperKeys,Upper_Keys,Offshore,2024,8389,25.20716,-80.22058,SID RADI,SIR,Siderastrea radians,encrusting,1.0
2945,FLK,UpperKeys,Upper_Keys,Offshore,2024,8389,25.20716,-80.22058,SID SIDE,SIS,Siderastrea siderea,massive,3.0
2946,FLK,UpperKeys,Upper_Keys,Offshore,2024,8391,25.20681,-80.22109,SID SIDE,SIS,Siderastrea siderea,massive,2.0
2947,FLK,UpperKeys,Upper_Keys,Offshore,2024,8392,25.20813,-80.2196,ACR CERV,ACC,Acropora cervicornis,branching,1.0
2948,FLK,UpperKeys,Upper_Keys,Offshore,2024,8392,25.20813,-80.2196,AGA AGAR,AGA,Agaricia agaricites,encrusting,1.0
2949,FLK,UpperKeys,Upper_Keys,Offshore,2024,8392,25.20813,-80.2196,POR ASTR,POA,Porites astreoides,submassive,3.0
2950,FLK,UpperKeys,Upper_Keys,Offshore,2024,8392,25.20813,-80.2196,POR PORI,POP,Porites porites,branching,1.0
2951,FLK,UpperKeys,Upper_Keys,Offshore,2024,8392,25.20813,-80.2196,SID SIDE,SIS,Siderastrea siderea,massive,2.0
2952,SEFCRI,SoutheastFlorida,SEFCRI,SEFCRI,2022,3002,26.71588,-80.01347,,,,,0.0
2953,SEFCRI,SoutheastFlorida,SEFCRI,SEFCRI,2022,3005,26.71817,-80.01232,,,,,0.0
2954,SEFCRI,SoutheastFlorida,SEFCRI,SEFCRI,2022,3006,26.83021,-80.01202,,,,,0.0
2955,SEFCRI,SoutheastFlorida,SEFCRI,SEFCRI,2022,3007,26.86834,-80.00981,,,,,0.0
2956,SEFCRI,SoutheastFlorida,SEFCRI,SEFCRI,2022,3008,26.82141,-80.01413,,,,,0.0
2957,SEFCRI,SoutheastFlorida,SEFCRI,SEFCRI,2022,3010,26.8757,-79.99442,,,,,0.0
2958,SEFCRI,SoutheastFlorida,SEFCRI,SEFCRI,2022,3012,26.86266,-80.00598,,,,,0.0
2959,SEFCRI,SoutheastFlorida,SEFCRI,SEFCRI,2022,3013,26.8299,-80.01169,,,,,0.0
2960,SEFCRI,SoutheastFlorida,SEFCRI,SEFCRI,2022,3016,26.74187,-80.00824,,,,,0.0
2961,SEFCRI,SoutheastFlorida,SEFCRI,SEFCRI,2022,3019,26.90071,-79.99738,,,,,0.0
2962,SEFCRI,SoutheastFlorida,SEFCRI,SEFCRI,2022,3023,26.83404,-80.01663,,,,,0.0
2963,SEFCRI,SoutheastFlorida,SEFCRI,SEFCRI,2022,3025,26.86096,-80.02034,,,,,0.0
2964,SEFCRI,SoutheastFlorida,SEFCRI,SEFCRI,2022,3026,26.87212,-80.01947,,,,,0.0
2965,SEFCRI,SoutheastFlorida,SEFCRI,SEFCRI,2022,3028,26.83561,-80.00484,SID RADI,SIR,Siderastrea radians,encrusting,1.0
2966,SEFCRI,SoutheastFlorida,SEFCRI,SEFCRI,2022,3039,25.94568,-80.10238,,,,,0.0
2967,SEFCRI,SoutheastFlorida,SEFCRI,SEFCRI,2022,3047,25.94491,-80.10333,,,,,0.0
2968,SEFCRI,SoutheastFlorida,SEFCRI,SEFCRI,2022,3050,26.10573,-80.09266,,,,,0.0
2969,SEFCRI,SoutheastFlorida,SEFCRI,SEFCRI,2022,3053,26.11593,-80.09192,,,,,0.0
2970,SEFCRI,SoutheastFlorida,SEFCRI,SEFCRI,2022,3057,25.86087,-80.0996,POR PORI,POP,Porites porites,branching,1.0
2971,SEFCRI,SoutheastFlorida,SEFCRI,SEFCRI,2022,3057,25.86087,-80.0996,SID SPE.,SIDS,Siderastrea spp,massive,1.0
2972,SEFCRI,SoutheastFlorida,SEFCRI,SEFCRI,2022,3058,26.004,-80.10053,,,,,0.0
2973,SEFCRI,SoutheastFlorida,SEFCRI,SEFCRI,2022,3060,26.17592,-80.08735,POR PORI,POP,Porites porites,branching,1.0
2974,SEFCRI,SoutheastFlorida,SEFCRI,SEFCRI,2022,3063,26.02731,-80.09976,MON CAVE,MOC,Montastraea cavernosa,massive,1.0
2975,SEFCRI,SoutheastFlorida,SEFCRI,SEFCRI,2022,3063,26.02731,-80.09976,POR SPE.,PORS,Porites spp,submassive,1.0
2976,SEFCRI,SoutheastFlorida,SEFCRI,SEFCRI,2022,3063,26.02731,-80.09976,SID SIDE,SIS,Siderastrea siderea,massive,1.0
2977,SEFCRI,SoutheastFlorida,SEFCRI,SEFCRI,2022,3063,26.02731,-80.09976,STE INTE,STI,Stephanocoenia intersepta,submassive,1.0
2978,SEFCRI,SoutheastFlorida,SEFCRI,SEFCRI,2022,3064,26.12073,-80.0934,POR ASTR,POA,Porites astreoides,submassive,1.0
2979,SEFCRI,SoutheastFlorida,SEFCRI,SEFCRI,2022,3064,26.12073,-80.0934,SID SIDE,SIS,Siderastrea siderea,massive,1.0
2980,SEFCRI,SoutheastFlorida,SEFCRI,SEFCRI,2022,3065,25.86444,-80.09903,,,,,0.0
2981,SEFCRI,SoutheastFlorida,SEFCRI,SEFCRI,2022,3066,25.88817,-80.10082,MON CAVE,MOC,Montastraea cavernosa,massive,3.0
2982,SEFCRI,SoutheastFlorida,SEFCRI,SEFCRI,2022,3066,25.88817,-80.10082,SID RADI,SIR,Siderastrea radians,encrusting,1.0
2983,SEFCRI,SoutheastFlorida,SEFCRI,SEFCRI,2022,3066,25.88817,-80.10082,SID SIDE,SIS,Siderastrea siderea,massive,1.0
2984,SEFCRI,SoutheastFlorida,SEFCRI,SEFCRI,2022,3071,25.98997,-80.10258,MON CAVE,MOC,Montastraea cavernosa,massive,1.0
2985,SEFCRI,SoutheastFlorida,SEFCRI,SEFCRI,2022,3074,25.89657,-80.10129,SID SIDE,SIS,Siderastrea siderea,massive,1.0
2986,SEFCRI,SoutheastFlorida,SEFCRI,SEFCRI,2022,3074,25.89657,-80.10129,SOL BOUR,SOB,Solenastrea bournoni,massive,1.0
2987,SEFCRI,SoutheastFlorida,SEFCRI,SEFCRI,2022,3076,25.88884,-80.10183,SID SIDE,SIS,Siderastrea siderea,massive,2.0
2988,SEFCRI,SoutheastFlorida,SEFCRI,SEFCRI,2022,3078,26.00755,-80.10138,,,,,0.0
2989,SEFCRI,SoutheastFlorida,SEFCRI,SEFCRI,2022,3085,26.2212,-80.07683,POR ASTR,POA,Porites astreoides,submassive,1.0
2990,SEFCRI,SoutheastFlorida,SEFCRI,SEFCRI,2022,3088,26.218,-80.07718,SID SIDE,SIS,Siderastrea siderea,massive,1.0
2991,SEFCRI,SoutheastFlorida,SEFCRI,SEFCRI,2022,3094,26.00884,-80.09607,,,,,0.0
2992,SEFCRI,SoutheastFlorida,SEFCRI,SEFCRI,2022,3097,26.09184,-80.08926,,,,,0.0
2993,SEFCRI,SoutheastFlorida,SEFCRI,SEFCRI,2022,3101,26.12539,-80.0867,,,,,0.0
2994,SEFCRI,SoutheastFlorida,SEFCRI,SEFCRI,2022,3102,26.28607,-80.06953,MON CAVE,MOC,Montastraea cavernosa,massive,1.0
2995,SEFCRI,SoutheastFlorida,SEFCRI,SEFCRI,2022,3105,26.37178,-80.06249,,,,,0.0
2996,SEFCRI,SoutheastFlorida,SEFCRI,SEFCRI,2022,3108,26.05062,-80.09249,,,,,0.0
2997,SEFCRI,SoutheastFlorida,SEFCRI,SEFCRI,2022,3109,26.16819,-80.08022,POR ASTR,POA,Porites astreoides,submassive,1.0
2998,SEFCRI,SoutheastFlorida,SEFCRI,SEFCRI,2022,3110,26.10809,-80.08654,,,,,0.0
2999,SEFCRI,SoutheastFlorida,SEFCRI,SEFCRI,2022,3111,26.03776,-80.09416,,,,,0.0
3000,SEFCRI,SoutheastFlorida,SEFCRI,SEFCRI,2022,3114,26.07019,-80.09157,POR ASTR,POA,Porites astreoides,submassive,1.0
3001,SEFCRI,SoutheastFlorida,SEFCRI,SEFCRI,2022,3114,26.07019,-80.09157,SID SIDE,SIS,Siderastrea siderea,massive,1.0
3002,SEFCRI,SoutheastFlorida,SEFCRI,SEFCRI,2022,3118,25.86034,-80.09256,,,,,0.0
3003,SEFCRI,SoutheastFlorida,SEFCRI,SEFCRI,2022,3119,25.99075,-80.09576,,,,,0.0
3004,SEFCRI,SoutheastFlorida,SEFCRI,SEFCRI,2022,3123,26.28094,-80.06922,,,,,0.0
3005,SEFCRI,SoutheastFlorida,SEFCRI,SEFCRI,2022,3127,26.01937,-80.10492,MON CAVE,MOC,Montastraea cavernosa,massive,3.0
3006,SEFCRI,SoutheastFlorida,SEFCRI,SEFCRI,2022,3129,25.77093,-80.11089,,,,,0.0
3007,SEFCRI,SoutheastFlorida,SEFCRI,SEFCRI,2022,3130,25.98282,-80.11306,,,,,0.0
3008,SEFCRI,SoutheastFlorida,SEFCRI,SEFCRI,2022,3131,25.78726,-80.10712,MON CAVE,MOC,Montastraea cavernosa,massive,2.0
3009,SEFCRI,SoutheastFlorida,SEFCRI,SEFCRI,2022,3131,25.78726,-80.10712,POR PORI,POP,Porites porites,branching,1.0
3010,SEFCRI,SoutheastFlorida,SEFCRI,SEFCRI,2022,3131,25.78726,-80.10712,SID SPE.,SIDS,Siderastrea spp,massive,1.0
3011,SEFCRI,SoutheastFlorida,SEFCRI,SEFCRI,2022,3134,25.79527,-80.09959,POR PORI,POP,Porites porites,branching,1.0
3012,SEFCRI,SoutheastFlorida,SEFCRI,SEFCRI,2022,3136,26.06536,-80.10109,MON CAVE,MOC,Montastraea cavernosa,massive,5.0
3013,SEFCRI,SoutheastFlorida,SEFCRI,SEFCRI,2022,3136,26.06536,-80.10109,POR ASTR,POA,Porites astreoides,submassive,1.0
3014,SEFCRI,SoutheastFlorida,SEFCRI,SEFCRI,2022,3137,26.23938,-80.08021,,,,,0.0
3015,SEFCRI,SoutheastFlorida,SEFCRI,SEFCRI,2022,3138,25.81166,-80.10945,,,,,0.0
3016,SEFCRI,SoutheastFlorida,SEFCRI,SEFCRI,2022,3139,26.0636,-80.10253,POR ASTR,POA,Porites astreoides,submassive,1.0
3017,SEFCRI,SoutheastFlorida,SEFCRI,SEFCRI,2022,3139,26.0636,-80.10253,POR PORI,POP,Porites porites,branching,1.0
3018,SEFCRI,SoutheastFlorida,SEFCRI,SEFCRI,2022,3140,25.78676,-80.10266,POR DIVA,POD,Porites divaricata,branching,1.0
3019,SEFCRI,SoutheastFlorida,SEFCRI,SEFCRI,2022,3140,25.78676,-80.10266,SID SPE.,SIDS,Siderastrea spp,massive,1.0
3020,SEFCRI,SoutheastFlorida,SEFCRI,SEFCRI,2022,3141,26.10659,-80.09609,,,,,0.0
3021,SEFCRI,SoutheastFlorida,SEFCRI,SEFCRI,2022,3143,25.91446,-80.11536,,,,,0.0
3022,SEFCRI,SoutheastFlorida,SEFCRI,SEFCRI,2022,3144,26.22167,-80.0862,POR PORI,POP,Porites porites,branching,2.0
3023,SEFCRI,SoutheastFlorida,SEFCRI,SEFCRI,2022,3145,26.03351,-80.10951,SID RADI,SIR,Siderastrea radians,encrusting,1.0
3024,SEFCRI,SoutheastFlorida,SEFCRI,SEFCRI,2022,3146,26.20287,-80.08798,,,,,0.0
3025,SEFCRI,SoutheastFlorida,SEFCRI,SEFCRI,2022,3147,26.19947,-80.08411,SID SIDE,SIS,Siderastrea siderea,massive,1.0
3026,SEFCRI,SoutheastFlorida,SEFCRI,SEFCRI,2022,3147,26.19947,-80.08411,STE INTE,STI,Stephanocoenia intersepta,submassive,1.0
3027,SEFCRI,SoutheastFlorida,SEFCRI,SEFCRI,2022,3148,25.80032,-80.10799,,,,,0.0
3028,SEFCRI,SoutheastFlorida,SEFCRI,SEFCRI,2022,3149,25.89924,-80.10575,,,,,0.0
3029,SEFCRI,SoutheastFlorida,SEFCRI,SEFCRI,2022,3150,25.91334,-80.10215,POR ASTR,POA,Porites astreoides,submassive,2.0
3030,SEFCRI,SoutheastFlorida,SEFCRI,SEFCRI,2022,3150,25.91334,-80.10215,SOL BOUR,SOB,Solenastrea bournoni,massive,2.0
3031,SEFCRI,SoutheastFlorida,SEFCRI,SEFCRI,2022,3154,26.31071,-80.07428,,,,,0.0
3032,SEFCRI,SoutheastFlorida,SEFCRI,SEFCRI,2022,3157,26.69387,-80.031,,,,,0.0
3033,SEFCRI,SoutheastFlorida,SEFCRI,SEFCRI,2022,3159,26.72893,-80.03132,,,,,0.0
3034,SEFCRI,SoutheastFlorida,SEFCRI,SEFCRI,2022,3175,25.93717,-80.11099,POR ASTR,POA,Porites astreoides,submassive,1.0
3035,SEFCRI,SoutheastFlorida,SEFCRI,SEFCRI,2022,3175,25.93717,-80.11099,SID SIDE,SIS,Siderastrea siderea,massive,1.0
3036,SEFCRI,SoutheastFlorida,SEFCRI,SEFCRI,2022,3188,25.83463,-80.089,,,,,0.0
3037,SEFCRI,SoutheastFlorida,SEFCRI,SEFCRI,2022,3189,26.02401,-80.08717,,,,,0.0
3038,SEFCRI,SoutheastFlorida,SEFCRI,SEFCRI,2022,3190,26.03054,-80.08906,,,,,0.0
3039,SEFCRI,SoutheastFlorida,SEFCRI,SEFCRI,2022,3191,25.86371,-80.08844,,,,,0.0
3040,SEFCRI,SoutheastFlorida,SEFCRI,SEFCRI,2022,3192,25.8154,-80.09023,MYC ALIC,MYA,Mycetophyllia aliciae,plating,1.0
3041,SEFCRI,SoutheastFlorida,SEFCRI,SEFCRI,2022,3192,25.8154,-80.09023,POR ASTR,POA,Porites astreoides,submassive,1.0
3042,SEFCRI,SoutheastFlorida,SEFCRI,SEFCRI,2022,3192,25.8154,-80.09023,SCO SPE.,SCLS,Scolymia spp,freeliving,1.0
3043,SEFCRI,SoutheastFlorida,SEFCRI,SEFCRI,2022,3192,25.8154,-80.09023,SID SIDE,SIS,Siderastrea siderea,massive,1.0
3044,SEFCRI,SoutheastFlorida,SEFCRI,SEFCRI,2022,3193,25.97243,-80.08979,,,,,0.0
3045,SEFCRI,SoutheastFlorida,SEFCRI,SEFCRI,2022,3197,25.99696,-80.08924,POR ASTR,POA,Porites astreoides,submassive,1.0
3046,SEFCRI,SoutheastFlorida,SEFCRI,SEFCRI,2022,3200,26.25029,-80.06647,,,,,0.0
3047,SEFCRI,SoutheastFlorida,SEFCRI,SEFCRI,2022,3201,26.01376,-80.09046,,,,,0.0
3048,SEFCRI,SoutheastFlorida,SEFCRI,SEFCRI,2022,3203,26.35002,-80.05492,,,,,0.0
3049,SEFCRI,SoutheastFlorida,SEFCRI,SEFCRI,2022,3211,26.62956,-80.01971,,,,,0.0
3050,SEFCRI,SoutheastFlorida,SEFCRI,SEFCRI,2022,3214,26.55078,-80.02741,SID RADI,SIR,Siderastrea radians,encrusting,1.0
3051,SEFCRI,SoutheastFlorida,SEFCRI,SEFCRI,2022,3214,26.55078,-80.02741,SID SIDE,SIS,Siderastrea siderea,massive,1.0
3052,SEFCRI,SoutheastFlorida,SEFCRI,SEFCRI,2022,3215,26.717,-80.01835,,,,,0.0
3053,SEFCRI,SoutheastFlorida,SEFCRI,SEFCRI,2022,3219,26.00233,-80.08855,,,,,0.0
3054,SEFCRI,SoutheastFlorida,SEFCRI,SEFCRI,2022,3220,26.22934,-80.06863,POR ASTR,POA,Porites astreoides,submassive,1.0
3055,SEFCRI,SoutheastFlorida,SEFCRI,SEFCRI,2022,3220,26.22934,-80.06863,STE INTE,STI,Stephanocoenia intersepta,submassive,1.0
3056,SEFCRI,SoutheastFlorida,SEFCRI,SEFCRI,2022,3223,26.19163,-80.07142,SID SIDE,SIS,Siderastrea siderea,massive,2.0
3057,SEFCRI,SoutheastFlorida,SEFCRI,SEFCRI,2022,3224,26.02718,-80.08709,POR ASTR,POA,Porites astreoides,submassive,1.0
3058,SEFCRI,SoutheastFlorida,SEFCRI,SEFCRI,2022,3225,26.16651,-80.07631,,,,,0.0
3059,SEFCRI,SoutheastFlorida,SEFCRI,SEFCRI,2022,3229,25.87421,-80.08852,ORB FAVE,ORF,Orbicella faveolata,massive,1.0
3060,SEFCRI,SoutheastFlorida,SEFCRI,SEFCRI,2022,3234,26.15316,-80.07726,SID SIDE,SIS,Siderastrea siderea,massive,1.0
3061,SEFCRI,SoutheastFlorida,SEFCRI,SEFCRI,2022,3237,26.33167,-80.05731,MON CAVE,MOC,Montastraea cavernosa,massive,1.0
3062,SEFCRI,SoutheastFlorida,SEFCRI,SEFCRI,2022,3239,26.27132,-80.06297,MON CAVE,MOC,Montastraea cavernosa,massive,4.0
3063,SEFCRI,SoutheastFlorida,SEFCRI,SEFCRI,2022,3243,26.61301,-80.02262,SID SIDE,SIS,Siderastrea siderea,massive,1.0
3064,SEFCRI,SoutheastFlorida,SEFCRI,SEFCRI,2022,3249,26.44772,-80.04525,,,,,0.0
3065,SEFCRI,SoutheastFlorida,SEFCRI,SEFCRI,2022,3252,26.5509,-80.02739,,,,,0.0
3066,SEFCRI,SoutheastFlorida,SEFCRI,SEFCRI,2022,3257,25.93977,-80.08766,SID SIDE,SIS,Siderastrea siderea,massive,1.0
3067,SEFCRI,SoutheastFlorida,SEFCRI,SEFCRI,2022,3258,26.05856,-80.08502,,,,,0.0
3068,SEFCRI,SoutheastFlorida,SEFCRI,SEFCRI,2022,3259,26.2847,-80.06101,MON CAVE,MOC,Montastraea cavernosa,massive,4.0
3069,SEFCRI,SoutheastFlorida,SEFCRI,SEFCRI,2022,3259,26.2847,-80.06101,POR ASTR,POA,Porites astreoides,submassive,1.0
3070,SEFCRI,SoutheastFlorida,SEFCRI,SEFCRI,2022,3260,26.29732,-80.05926,MON CAVE,MOC,Montastraea cavernosa,massive,1.0
3071,SEFCRI,SoutheastFlorida,SEFCRI,SEFCRI,2022,3260,26.29732,-80.05926,ORB FRAN,ORFR,Orbicella franksi,massive,3.0
3072,SEFCRI,SoutheastFlorida,SEFCRI,SEFCRI,2022,3261,26.65318,-80.01747,SID RADI,SIR,Siderastrea radians,encrusting,1.0
3073,SEFCRI,SoutheastFlorida,SEFCRI,SEFCRI,2022,3262,26.64076,-80.01874,,,,,0.0
3074,SEFCRI,SoutheastFlorida,SEFCRI,SEFCRI,2022,3263,26.72376,-80.01807,SID RADI,SIR,Siderastrea radians,encrusting,1.0
3075,SEFCRI,SoutheastFlorida,SEFCRI,SEFCRI,2022,3264,26.72425,-80.01789,,,,,0.0
3076,SEFCRI,SoutheastFlorida,SEFCRI,SEFCRI,2022,3269,25.78499,-80.08603,,,,,0.0
3077,SEFCRI,SoutheastFlorida,SEFCRI,SEFCRI,2022,3271,25.84458,-80.0865,STE INTE,STI,Stephanocoenia intersepta,submassive,1.0
3078,SEFCRI,SoutheastFlorida,SEFCRI,SEFCRI,2022,3273,26.20817,-80.06941,,,,,0.0
3079,SEFCRI,SoutheastFlorida,SEFCRI,SEFCRI,2022,3275,26.12355,-80.07977,SID SIDE,SIS,Siderastrea siderea,massive,3.0
3080,SEFCRI,SoutheastFlorida,SEFCRI,SEFCRI,2022,3277,26.3531,-80.05419,,,,,0.0
3081,SEFCRI,SoutheastFlorida,SEFCRI,SEFCRI,2022,3279,26.32908,-80.05661,,,,,0.0
3082,SEFCRI,SoutheastFlorida,SEFCRI,SEFCRI,2022,3280,26.29405,-80.06026,MON CAVE,MOC,Montastraea cavernosa,massive,2.0
3083,SEFCRI,SoutheastFlorida,SEFCRI,SEFCRI,2022,3280,26.29405,-80.06026,POR ASTR,POA,Porites astreoides,submassive,1.0
3084,SEFCRI,SoutheastFlorida,SEFCRI,SEFCRI,2022,3281,26.61788,-80.02062,STE INTE,STI,Stephanocoenia intersepta,submassive,1.0
3085,SEFCRI,SoutheastFlorida,SEFCRI,SEFCRI,2022,3282,26.39654,-80.05188,POR ASTR,POA,Porites astreoides,submassive,1.0
3086,SEFCRI,SoutheastFlorida,SEFCRI,SEFCRI,2022,3282,26.39654,-80.05188,SID SIDE,SIS,Siderastrea siderea,massive,1.0
3087,SEFCRI,SoutheastFlorida,SEFCRI,SEFCRI,2022,3285,26.82517,-80.01622,,,,,0.0
3088,SEFCRI,SoutheastFlorida,SEFCRI,SEFCRI,2022,3288,25.76295,-80.12521,,,,,0.0
3089,SEFCRI,SoutheastFlorida,SEFCRI,SEFCRI,2022,3290,25.8772,-80.1018,MON CAVE,MOC,Montastraea cavernosa,massive,2.0
3090,SEFCRI,SoutheastFlorida,SEFCRI,SEFCRI,2022,3290,25.8772,-80.1018,ORB FAVE,ORF,Orbicella faveolata,massive,2.0
3091,SEFCRI,SoutheastFlorida,SEFCRI,SEFCRI,2022,3290,25.8772,-80.1018,POR ASTR,POA,Porites astreoides,submassive,1.0
3092,SEFCRI,SoutheastFlorida,SEFCRI,SEFCRI,2022,3290,25.8772,-80.1018,POR PORI,POP,Porites porites,branching,1.0
3093,SEFCRI,SoutheastFlorida,SEFCRI,SEFCRI,2022,3290,25.8772,-80.1018,SID SIDE,SIS,Siderastrea siderea,massive,1.0
3094,SEFCRI,SoutheastFlorida,SEFCRI,SEFCRI,2024,3001,26.72276,-80.02931,,,,,0.0
3095,SEFCRI,SoutheastFlorida,SEFCRI,SEFCRI,2024,3006,26.71763,-80.0297,SID RADI,SIR,Siderastrea radians,encrusting,1.0
3096,SEFCRI,SoutheastFlorida,SEFCRI,SEFCRI,2024,3008,27.11544,-80.12299,SID RADI,SIR,Siderastrea radians,encrusting,1.0
3097,SEFCRI,SoutheastFlorida,SEFCRI,SEFCRI,2024,3009,27.11145,-80.13362,SID RADI,SIR,Siderastrea radians,encrusting,1.0
3098,SEFCRI,SoutheastFlorida,SEFCRI,SEFCRI,2024,3010,27.14622,-80.13689,SID RADI,SIR,Siderastrea radians,encrusting,1.0
3099,SEFCRI,SoutheastFlorida,SEFCRI,SEFCRI,2024,3011,27.15846,-80.14436,,,,,0.0
3100,SEFCRI,SoutheastFlorida,SEFCRI,SEFCRI,2024,3014,26.72505,-80.01681,,,,,0.0
3101,SEFCRI,SoutheastFlorida,SEFCRI,SEFCRI,2024,3015,26.86834,-80.0174,,,,,0.0
3102,SEFCRI,SoutheastFlorida,SEFCRI,SEFCRI,2024,3017,27.00674,-80.06639,SID RADI,SIR,Siderastrea radians,encrusting,2.0
3103,SEFCRI,SoutheastFlorida,SEFCRI,SEFCRI,2024,3017,27.00674,-80.06639,SID SIDE,SIS,Siderastrea siderea,massive,1.0
3104,SEFCRI,SoutheastFlorida,SEFCRI,SEFCRI,2024,3023,26.8361,-80.01176,,,,,0.0
3105,SEFCRI,SoutheastFlorida,SEFCRI,SEFCRI,2024,3024,27.05534,-80.0428,SID RADI,SIR,Siderastrea radians,encrusting,1.0
3106,SEFCRI,SoutheastFlorida,SEFCRI,SEFCRI,2024,3024,27.05534,-80.0428,SID SIDE,SIS,Siderastrea siderea,massive,1.0
3107,SEFCRI,SoutheastFlorida,SEFCRI,SEFCRI,2024,3026,27.00902,-80.06889,,,,,0.0
3108,SEFCRI,SoutheastFlorida,SEFCRI,SEFCRI,2024,3030,26.95575,-80.0114,SID RADI,SIR,Siderastrea radians,encrusting,1.0
3109,SEFCRI,SoutheastFlorida,SEFCRI,SEFCRI,2024,3031,26.86302,-79.99618,,,,,0.0
3110,SEFCRI,SoutheastFlorida,SEFCRI,SEFCRI,2024,3034,26.84751,-79.99739,,,,,0.0
3111,SEFCRI,SoutheastFlorida,SEFCRI,SEFCRI,2024,3037,26.85149,-80.00089,,,,,0.0
3112,SEFCRI,SoutheastFlorida,SEFCRI,SEFCRI,2024,3041,26.92876,-80.03519,,,,,0.0
3113,SEFCRI,SoutheastFlorida,SEFCRI,SEFCRI,2024,3043,26.92665,-80.01046,,,,,0.0
3114,SEFCRI,SoutheastFlorida,SEFCRI,SEFCRI,2024,3045,27.07567,-80.04515,SID RADI,SIR,Siderastrea radians,encrusting,1.0
3115,SEFCRI,SoutheastFlorida,SEFCRI,SEFCRI,2024,3068,27.09635,-80.03387,,,,,0.0
3116,SEFCRI,SoutheastFlorida,SEFCRI,SEFCRI,2024,3074,26.74669,-80.01295,,,,,0.0
3117,SEFCRI,SoutheastFlorida,SEFCRI,SEFCRI,2024,3080,26.11663,-80.09488,POR ASTR,POA,Porites astreoides,submassive,1.0
3118,SEFCRI,SoutheastFlorida,SEFCRI,SEFCRI,2024,3080,26.11663,-80.09488,POR PORI,POP,Porites porites,branching,1.0
3119,SEFCRI,SoutheastFlorida,SEFCRI,SEFCRI,2024,3081,25.86403,-80.10303,,,,,0.0
3120,SEFCRI,SoutheastFlorida,SEFCRI,SEFCRI,2024,3083,25.80307,-80.10745,POR DIVA,POD,Porites divaricata,branching,2.0
3121,SEFCRI,SoutheastFlorida,SEFCRI,SEFCRI,2024,3084,25.9111,-80.10266,,,,,0.0
3122,SEFCRI,SoutheastFlorida,SEFCRI,SEFCRI,2024,3087,25.83195,-80.10823,,,,,0.0
3123,SEFCRI,SoutheastFlorida,SEFCRI,SEFCRI,2024,3089,25.82868,-80.11147,SOL BOUR,SOB,Solenastrea bournoni,massive,3.0
3124,SEFCRI,SoutheastFlorida,SEFCRI,SEFCRI,2024,3092,25.76593,-80.09667,SID SIDE,SIS,Siderastrea siderea,massive,1.0
3125,SEFCRI,SoutheastFlorida,SEFCRI,SEFCRI,2024,3094,25.77283,-80.11363,,,,,0.0
3126,SEFCRI,SoutheastFlorida,SEFCRI,SEFCRI,2024,3096,25.79128,-80.10105,,,,,0.0
3127,SEFCRI,SoutheastFlorida,SEFCRI,SEFCRI,2024,3097,26.0563,-80.10207,DIC STOK,DCS,Dichocoenia stokesii,massive,1.0
3128,SEFCRI,SoutheastFlorida,SEFCRI,SEFCRI,2024,3097,26.0563,-80.10207,POR ASTR,POA,Porites astreoides,submassive,1.0
3129,SEFCRI,SoutheastFlorida,SEFCRI,SEFCRI,2024,3097,26.0563,-80.10207,SID SIDE,SIS,Siderastrea siderea,massive,1.0
3130,SEFCRI,SoutheastFlorida,SEFCRI,SEFCRI,2024,3098,26.07464,-80.10737,,,,,0.0
3131,SEFCRI,SoutheastFlorida,SEFCRI,SEFCRI,2024,3099,26.04503,-80.10264,MON CAVE,MOC,Montastraea cavernosa,massive,2.0
3132,SEFCRI,SoutheastFlorida,SEFCRI,SEFCRI,2024,3101,26.03708,-80.10421,POR ASTR,POA,Porites astreoides,submassive,1.0
3133,SEFCRI,SoutheastFlorida,SEFCRI,SEFCRI,2024,3101,26.03708,-80.10421,STE INTE,STI,Stephanocoenia intersepta,submassive,1.0
3134,SEFCRI,SoutheastFlorida,SEFCRI,SEFCRI,2024,3103,26.22323,-80.08333,POR ASTR,POA,Porites astreoides,submassive,1.0
3135,SEFCRI,SoutheastFlorida,SEFCRI,SEFCRI,2024,3104,25.7915,-80.10098,MON CAVE,MOC,Montastraea cavernosa,massive,1.0
3136,SEFCRI,SoutheastFlorida,SEFCRI,SEFCRI,2024,3104,25.7915,-80.10098,POR ASTR,POA,Porites astreoides,submassive,3.0
3137,SEFCRI,SoutheastFlorida,SEFCRI,SEFCRI,2024,3105,26.11054,-80.09715,STE INTE,STI,Stephanocoenia intersepta,submassive,1.0
3138,SEFCRI,SoutheastFlorida,SEFCRI,SEFCRI,2024,3107,25.90954,-80.10121,STE INTE,STI,Stephanocoenia intersepta,submassive,1.0
3139,SEFCRI,SoutheastFlorida,SEFCRI,SEFCRI,2024,3109,26.12623,-80.09844,MON CAVE,MOC,Montastraea cavernosa,massive,1.0
3140,SEFCRI,SoutheastFlorida,SEFCRI,SEFCRI,2024,3109,26.12623,-80.09844,POR ASTR,POA,Porites astreoides,submassive,1.0
3141,SEFCRI,SoutheastFlorida,SEFCRI,SEFCRI,2024,3110,25.89794,-80.10211,MAN AREO,MAE,Manicina areolata,freeliving,1.0
3142,SEFCRI,SoutheastFlorida,SEFCRI,SEFCRI,2024,3110,25.89794,-80.10211,MON CAVE,MOC,Montastraea cavernosa,massive,1.0
3143,SEFCRI,SoutheastFlorida,SEFCRI,SEFCRI,2024,3110,25.89794,-80.10211,STE INTE,STI,Stephanocoenia intersepta,submassive,1.0
3144,SEFCRI,SoutheastFlorida,SEFCRI,SEFCRI,2024,3112,26.00798,-80.10071,MON CAVE,MOC,Montastraea cavernosa,massive,1.0
3145,SEFCRI,SoutheastFlorida,SEFCRI,SEFCRI,2024,3112,26.00798,-80.10071,SID SIDE,SIS,Siderastrea siderea,massive,1.0
3146,SEFCRI,SoutheastFlorida,SEFCRI,SEFCRI,2024,3114,26.26076,-80.07702,SOL BOUR,SOB,Solenastrea bournoni,massive,1.0
3147,SEFCRI,SoutheastFlorida,SEFCRI,SEFCRI,2024,3115,26.38085,-80.0615,DIC STOK,DCS,Dichocoenia stokesii,massive,1.0
3148,SEFCRI,SoutheastFlorida,SEFCRI,SEFCRI,2024,3115,26.38085,-80.0615,POR ASTR,POA,Porites astreoides,submassive,1.0
3149,SEFCRI,SoutheastFlorida,SEFCRI,SEFCRI,2024,3117,26.32536,-80.07225,,,,,0.0
3150,SEFCRI,SoutheastFlorida,SEFCRI,SEFCRI,2024,3121,26.68302,-80.03149,SID RADI,SIR,Siderastrea radians,encrusting,2.0
3151,SEFCRI,SoutheastFlorida,SEFCRI,SEFCRI,2024,3125,26.03987,-80.09932,MON CAVE,MOC,Montastraea cavernosa,massive,1.0
3152,SEFCRI,SoutheastFlorida,SEFCRI,SEFCRI,2024,3125,26.03987,-80.09932,SID SIDE,SIS,Siderastrea siderea,massive,1.0
3153,SEFCRI,SoutheastFlorida,SEFCRI,SEFCRI,2024,3126,26.01965,-80.10033,SID SIDE,SIS,Siderastrea siderea,massive,2.0
3154,SEFCRI,SoutheastFlorida,SEFCRI,SEFCRI,2024,3126,26.01965,-80.10033,STE INTE,STI,Stephanocoenia intersepta,submassive,1.0
3155,SEFCRI,SoutheastFlorida,SEFCRI,SEFCRI,2024,3127,26.08652,-80.10408,,,,,0.0
3156,SEFCRI,SoutheastFlorida,SEFCRI,SEFCRI,2024,3128,26.02873,-80.10092,POR ASTR,POA,Porites astreoides,submassive,1.0
3157,SEFCRI,SoutheastFlorida,SEFCRI,SEFCRI,2024,3128,26.02873,-80.10092,SID RADI,SIR,Siderastrea radians,encrusting,1.0
3158,SEFCRI,SoutheastFlorida,SEFCRI,SEFCRI,2024,3130,26.2157,-80.08181,ORB FAVE,ORF,Orbicella faveolata,massive,1.0
3159,SEFCRI,SoutheastFlorida,SEFCRI,SEFCRI,2024,3130,26.2157,-80.08181,POR ASTR,POA,Porites astreoides,submassive,1.0
3160,SEFCRI,SoutheastFlorida,SEFCRI,SEFCRI,2024,3130,26.2157,-80.08181,SID SIDE,SIS,Siderastrea siderea,massive,1.0
3161,SEFCRI,SoutheastFlorida,SEFCRI,SEFCRI,2024,3132,26.177,-80.09333,AGA AGAR,AGA,Agaricia agaricites,encrusting,1.0
3162,SEFCRI,SoutheastFlorida,SEFCRI,SEFCRI,2024,3132,26.177,-80.09333,MON CAVE,MOC,Montastraea cavernosa,massive,1.0
3163,SEFCRI,SoutheastFlorida,SEFCRI,SEFCRI,2024,3132,26.177,-80.09333,STE INTE,STI,Stephanocoenia intersepta,submassive,1.0
3164,SEFCRI,SoutheastFlorida,SEFCRI,SEFCRI,2024,3135,26.06551,-80.09974,,,,,0.0
3165,SEFCRI,SoutheastFlorida,SEFCRI,SEFCRI,2024,3136,26.0479,-80.10568,POR SPE.,PORS,Porites spp,submassive,1.0
3166,SEFCRI,SoutheastFlorida,SEFCRI,SEFCRI,2024,3137,25.93891,-80.10891,MON CAVE,MOC,Montastraea cavernosa,massive,6.0
3167,SEFCRI,SoutheastFlorida,SEFCRI,SEFCRI,2024,3139,26.03373,-80.09947,MON CAVE,MOC,Montastraea cavernosa,massive,1.0
3168,SEFCRI,SoutheastFlorida,SEFCRI,SEFCRI,2024,3139,26.03373,-80.09947,ORB FAVE,ORF,Orbicella faveolata,massive,3.0
3169,SEFCRI,SoutheastFlorida,SEFCRI,SEFCRI,2024,3139,26.03373,-80.09947,POR SPE.,PORS,Porites spp,submassive,1.0
3170,SEFCRI,SoutheastFlorida,SEFCRI,SEFCRI,2024,3139,26.03373,-80.09947,STE INTE,STI,Stephanocoenia intersepta,submassive,1.0
3171,SEFCRI,SoutheastFlorida,SEFCRI,SEFCRI,2024,3142,25.87473,-80.10097,,,,,0.0
3172,SEFCRI,SoutheastFlorida,SEFCRI,SEFCRI,2024,3151,26.31862,-80.06701,STE INTE,STI,Stephanocoenia intersepta,submassive,1.0
3173,SEFCRI,SoutheastFlorida,SEFCRI,SEFCRI,2024,3152,26.38195,-80.06116,MON CAVE,MOC,Montastraea cavernosa,massive,1.0
3174,SEFCRI,SoutheastFlorida,SEFCRI,SEFCRI,2024,3155,26.71013,-80.02963,,,,,0.0
3175,SEFCRI,SoutheastFlorida,SEFCRI,SEFCRI,2024,3160,26.71672,-80.03111,,,,,0.0
3176,SEFCRI,SoutheastFlorida,SEFCRI,SEFCRI,2024,3163,26.02185,-80.0884,POR SPE.,PORS,Porites spp,submassive,1.0
3177,SEFCRI,SoutheastFlorida,SEFCRI,SEFCRI,2024,3163,26.02185,-80.0884,SID SIDE,SIS,Siderastrea siderea,massive,1.0
3178,SEFCRI,SoutheastFlorida,SEFCRI,SEFCRI,2024,3168,25.98118,-80.09122,,,,,0.0
3179,SEFCRI,SoutheastFlorida,SEFCRI,SEFCRI,2024,3174,25.99955,-80.10034,POR SPE.,PORS,Porites spp,submassive,1.0
3180,SEFCRI,SoutheastFlorida,SEFCRI,SEFCRI,2024,3178,26.04935,-80.09799,SID RADI,SIR,Siderastrea radians,encrusting,1.0
3181,SEFCRI,SoutheastFlorida,SEFCRI,SEFCRI,2024,3178,26.04935,-80.09799,SID SIDE,SIS,Siderastrea siderea,massive,1.0
3182,SEFCRI,SoutheastFlorida,SEFCRI,SEFCRI,2024,3185,25.96606,-80.09734,,,,,0.0
3183,SEFCRI,SoutheastFlorida,SEFCRI,SEFCRI,2024,3189,25.99497,-80.09942,,,,,0.0
3184,SEFCRI,SoutheastFlorida,SEFCRI,SEFCRI,2024,3193,25.83752,-80.09352,,,,,0.0
3185,SEFCRI,SoutheastFlorida,SEFCRI,SEFCRI,2024,3195,25.88826,-80.1002,,,,,0.0
3186,SEFCRI,SoutheastFlorida,SEFCRI,SEFCRI,2024,3200,26.26413,-80.07208,MON CAVE,MOC,Montastraea cavernosa,massive,2.0
3187,SEFCRI,SoutheastFlorida,SEFCRI,SEFCRI,2024,3200,26.26413,-80.07208,POR ASTR,POA,Porites astreoides,submassive,1.0
3188,SEFCRI,SoutheastFlorida,SEFCRI,SEFCRI,2024,3200,26.26413,-80.07208,PSE STRI,PSS,Pseudodiploria strigosa,massive,1.0
3189,SEFCRI,SoutheastFlorida,SEFCRI,SEFCRI,2024,3201,26.30045,-80.06761,,,,,0.0
3190,SEFCRI,SoutheastFlorida,SEFCRI,SEFCRI,2024,3206,26.62038,-80.02285,,,,,0.0
3191,SEFCRI,SoutheastFlorida,SEFCRI,SEFCRI,2024,3207,26.6913,-80.01792,POR ASTR,POA,Porites astreoides,submassive,1.0
3192,SEFCRI,SoutheastFlorida,SEFCRI,SEFCRI,2024,3208,26.52946,-80.03021,,,,,0.0
3193,SEFCRI,SoutheastFlorida,SEFCRI,SEFCRI,2024,3209,26.42367,-80.05003,MON CAVE,MOC,Montastraea cavernosa,massive,1.0
3194,SEFCRI,SoutheastFlorida,SEFCRI,SEFCRI,2024,3213,26.04499,-80.09395,POR ASTR,POA,Porites astreoides,submassive,1.0
3195,SEFCRI,SoutheastFlorida,SEFCRI,SEFCRI,2024,3217,26.22676,-80.07662,AGA AGAR,AGA,Agaricia agaricites,encrusting,1.0
3196,SEFCRI,SoutheastFlorida,SEFCRI,SEFCRI,2024,3217,26.22676,-80.07662,ORB FAVE,ORF,Orbicella faveolata,massive,2.0
3197,SEFCRI,SoutheastFlorida,SEFCRI,SEFCRI,2024,3217,26.22676,-80.07662,STE INTE,STI,Stephanocoenia intersepta,submassive,1.0
3198,SEFCRI,SoutheastFlorida,SEFCRI,SEFCRI,2024,3220,26.13679,-80.08316,,,,,0.0
3199,SEFCRI,SoutheastFlorida,SEFCRI,SEFCRI,2024,3223,26.24906,-80.06511,,,,,0.0
3200,SEFCRI,SoutheastFlorida,SEFCRI,SEFCRI,2024,3224,26.23462,-80.07491,MON CAVE,MOC,Montastraea cavernosa,massive,2.0
3201,SEFCRI,SoutheastFlorida,SEFCRI,SEFCRI,2024,3224,26.23462,-80.07491,POR ASTR,POA,Porites astreoides,submassive,1.0
3202,SEFCRI,SoutheastFlorida,SEFCRI,SEFCRI,2024,3224,26.23462,-80.07491,PSE STRI,PSS,Pseudodiploria strigosa,massive,1.0
3203,SEFCRI,SoutheastFlorida,SEFCRI,SEFCRI,2024,3226,26.15603,-80.08165,,,,,0.0
3204,SEFCRI,SoutheastFlorida,SEFCRI,SEFCRI,2024,3229,26.05896,-80.0914,MEA MEAN,MEM,Meandrina meandrites,massive,1.0
3205,SEFCRI,SoutheastFlorida,SEFCRI,SEFCRI,2024,3229,26.05896,-80.0914,SID SIDE,SIS,Siderastrea siderea,massive,1.0
3206,SEFCRI,SoutheastFlorida,SEFCRI,SEFCRI,2024,3237,26.17644,-80.07409,,,,,0.0
3207,SEFCRI,SoutheastFlorida,SEFCRI,SEFCRI,2024,3240,26.26676,-80.06506,EUS FAST,EUF,Eusmilia fastigiata,branching,1.0
3208,SEFCRI,SoutheastFlorida,SEFCRI,SEFCRI,2024,3240,26.26676,-80.06506,MON CAVE,MOC,Montastraea cavernosa,massive,5.0
3209,SEFCRI,SoutheastFlorida,SEFCRI,SEFCRI,2024,3240,26.26676,-80.06506,POR SPE.,PORS,Porites spp,submassive,2.0
3210,SEFCRI,SoutheastFlorida,SEFCRI,SEFCRI,2024,3241,26.2714,-80.07071,POR SPE.,PORS,Porites spp,submassive,1.0
3211,SEFCRI,SoutheastFlorida,SEFCRI,SEFCRI,2024,3243,26.37471,-80.0546,,,,,0.0
3212,SEFCRI,SoutheastFlorida,SEFCRI,SEFCRI,2024,3244,26.32641,-80.05788,,,,,0.0
3213,SEFCRI,SoutheastFlorida,SEFCRI,SEFCRI,2024,3246,26.52139,-80.03164,POR ASTR,POA,Porites astreoides,submassive,1.0
3214,SEFCRI,SoutheastFlorida,SEFCRI,SEFCRI,2024,3246,26.52139,-80.03164,STE INTE,STI,Stephanocoenia intersepta,submassive,1.0
3215,SEFCRI,SoutheastFlorida,SEFCRI,SEFCRI,2024,3248,26.62637,-80.02329,MON CAVE,MOC,Montastraea cavernosa,massive,1.0
3216,SEFCRI,SoutheastFlorida,SEFCRI,SEFCRI,2024,3248,26.62637,-80.02329,POR ASTR,POA,Porites astreoides,submassive,1.0
3217,SEFCRI,SoutheastFlorida,SEFCRI,SEFCRI,2024,3249,26.46692,-80.04383,MAD DECA,MDD,Madracis decactis,encrusting,1.0
3218,SEFCRI,SoutheastFlorida,SEFCRI,SEFCRI,2024,3249,26.46692,-80.04383,MYC ALIC,MYA,Mycetophyllia aliciae,plating,1.0
3219,SEFCRI,SoutheastFlorida,SEFCRI,SEFCRI,2024,3249,26.46692,-80.04383,POR ASTR,POA,Porites astreoides,submassive,1.0
3220,SEFCRI,SoutheastFlorida,SEFCRI,SEFCRI,2024,3253,25.8516,-80.08635,MAD DECA,MDD,Madracis decactis,encrusting,1.0
3221,SEFCRI,SoutheastFlorida,SEFCRI,SEFCRI,2024,3253,25.8516,-80.08635,MEA MEAN,MEM,Meandrina meandrites,massive,1.0
3222,SEFCRI,SoutheastFlorida,SEFCRI,SEFCRI,2024,3254,25.97808,-80.08732,,,,,0.0
3223,SEFCRI,SoutheastFlorida,SEFCRI,SEFCRI,2024,3257,25.92603,-80.08734,,,,,0.0
3224,SEFCRI,SoutheastFlorida,SEFCRI,SEFCRI,2024,3259,26.37418,-80.05256,MON CAVE,MOC,Montastraea cavernosa,massive,1.0
3225,SEFCRI,SoutheastFlorida,SEFCRI,SEFCRI,2024,3259,26.37418,-80.05256,POR PORI,POP,Porites porites,branching,2.0
3226,SEFCRI,SoutheastFlorida,SEFCRI,SEFCRI,2024,3260,26.38785,-80.0512,STE INTE,STI,Stephanocoenia intersepta,submassive,2.0
3227,SEFCRI,SoutheastFlorida,SEFCRI,SEFCRI,2024,3262,26.51761,-80.03006,MON CAVE,MOC,Montastraea cavernosa,massive,1.0
3228,SEFCRI,SoutheastFlorida,SEFCRI,SEFCRI,2024,3262,26.51761,-80.03006,POR PORI,POP,Porites porites,branching,2.0
3229,SEFCRI,SoutheastFlorida,SEFCRI,SEFCRI,2024,3266,26.58933,-80.02337,,,,,0.0
3230,SEFCRI,SoutheastFlorida,SEFCRI,SEFCRI,2024,3267,26.61282,-80.02115,,,,,0.0
3231,SEFCRI,SoutheastFlorida,SEFCRI,SEFCRI,2024,3269,26.24874,-80.06343,MAD DECA,MDD,Madracis decactis,encrusting,1.0
3232,SEFCRI,SoutheastFlorida,SEFCRI,SEFCRI,2024,3270,25.89832,-80.08783,,,,,0.0
3233,SEFCRI,SoutheastFlorida,SEFCRI,SEFCRI,2024,3271,26.18335,-80.07188,MON CAVE,MOC,Montastraea cavernosa,massive,1.0
3234,SEFCRI,SoutheastFlorida,SEFCRI,SEFCRI,2024,3274,26.14102,-80.07729,MON CAVE,MOC,Montastraea cavernosa,massive,2.0
3235,SEFCRI,SoutheastFlorida,SEFCRI,SEFCRI,2024,3274,26.14102,-80.07729,PSE STRI,PSS,Pseudodiploria strigosa,massive,1.0
3236,SEFCRI,SoutheastFlorida,SEFCRI,SEFCRI,2024,3274,26.14102,-80.07729,SID RADI,SIR,Siderastrea radians,encrusting,1.0
3237,SEFCRI,SoutheastFlorida,SEFCRI,SEFCRI,2024,3274,26.14102,-80.07729,STE INTE,STI,Stephanocoenia intersepta,submassive,5.0
3238,SEFCRI,SoutheastFlorida,SEFCRI,SEFCRI,2024,3275,26.21113,-80.06898,,,,,0.0
3239,SEFCRI,SoutheastFlorida,SEFCRI,SEFCRI,2024,3276,26.03602,-80.08573,,,,,0.0
3240,SEFCRI,SoutheastFlorida,SEFCRI,SEFCRI,2024,3279,25.7701,-80.08672,HEL CUCU,HLC,Helioceris cucullata,plating,1.0
3241,SEFCRI,SoutheastFlorida,SEFCRI,SEFCRI,2024,3279,25.7701,-80.08672,MON CAVE,MOC,Montastraea cavernosa,massive,2.0
3242,SEFCRI,SoutheastFlorida,SEFCRI,SEFCRI,2024,3280,26.16532,-80.07372,MON CAVE,MOC,Montastraea cavernosa,massive,1.0
3243,SEFCRI,SoutheastFlorida,SEFCRI,SEFCRI,2024,3289,26.2927,-80.06012,,,,,0.0
3244,SEFCRI,SoutheastFlorida,SEFCRI,SEFCRI,2024,3295,26.47324,-80.04184,MON CAVE,MOC,Montastraea cavernosa,massive,1.0
3245,SEFCRI,SoutheastFlorida,SEFCRI,SEFCRI,2024,3296,26.54341,-80.02749,,,,,0.0
3246,SEFCRI,SoutheastFlorida,SEFCRI,SEFCRI,2024,3299,26.68345,-80.01765,SID RADI,SIR,Siderastrea radians,encrusting,1.0
3247,SEFCRI,SoutheastFlorida,SEFCRI,SEFCRI,2024,3309,27.10731,-80.12154,SID RADI,SIR,Siderastrea radians,encrusting,2.0
